timestamp,occupancy_rate,active_sensors,avg_time_since_change,avg_prev_state_duration,dow,time_bucket,dow_time_bucket,is_weekend,is_holiday,hour_sin,hour_cos,dow_sin,dow_cos,roll_occ_rate_4,roll_turnover_4,roll_occ_rate_12,roll_turnover_12,roll_occ_rate_24,roll_turnover_24,roll_departure_rate_4,occupancy_lag_1,occupancy_lag_4,occupancy_lag_12,occupancy_lag_96,load_level_code,load_level
2035-01-01T00:00:00Z,0.36901012,107.0,810.62096911,1768.60421208,0.0,0.0,0.0,0.0,0.0,0.0,1.0,0.0,1.0,0.36901012,0.0,0.36901012,0.0,0.36901012,0.0,0.0,0.36901012,0.36901012,0.36901012,0.36901012,0,low
2035-01-01T00:15:00Z,0.33876514,106.0,812.74237463,1699.33131141,0.0,1.0,1.0,0.0,0.0,0.06540313,0.99785892,0.0,1.0,0.35388763,1.10898267,0.35388763,1.10898267,0.35388763,1.10898267,1.10898267,0.36901012,0.36901012,0.36901012,0.36901012,0,low
2035-01-01T00:30:00Z,0.37344915,106.0,815.94078213,1675.82853637,0.0,2.0,2.0,0.0,0.0,0.13052619,0.99144486,0.0,1.0,0.36040814,1.78554727,0.36040814,1.78554727,0.36040814,1.78554727,0.831737,0.33876514,0.36901012,0.36901012,0.36901012,0,low
2035-01-01T00:45:00Z,0.33975306,105.0,816.85076991,1688.97259115,0.0,3.0,3.0,0.0,0.0,0.19509032,0.98078528,0.0,1.0,0.35524437,2.71218984,0.35524437,2.16975187,0.35524437,2.16975187,1.75837957,0.37344915,0.36901012,0.36901012,0.36901012,0,low
2035-01-01T01:00:00Z,0.35573101,106.0,842.19537789,1669.7931152,0.0,4.0,4.0,0.0,0.0,0.25881905,0.96592583,0.0,1.0,0.35192459,3.15158353,0.3553417,2.10105569,0.3553417,2.10105569,1.75837957,0.33975306,0.36901012,0.36901012,0.36901012,0,low
2035-01-01T01:15:00Z,0.33494153,106.0,805.77890495,1688.45816734,0.0,5.0,5.0,0.0,0.0,0.32143947,0.94693013,0.0,1.0,0.35096869,2.89155729,0.35194167,2.12759674,0.35194167,2.12759674,1.49835333,0.35573101,0.33876514,0.36901012,0.36901012,0,low
2035-01-01T01:30:00Z,0.38870438,105.0,799.61787486,1615.64113355,0.0,6.0,6.0,0.0,0.0,0.38268343,0.92387953,0.0,1.0,0.35478249,3.41622554,0.35719348,2.6008864,0.35719348,2.6008864,1.49835333,0.33494153,0.37344915,0.36901012,0.36901012,0,low
2035-01-01T01:45:00Z,0.38980738,107.0,836.36611594,1694.87953467,0.0,7.0,7.0,0.0,0.0,0.44228869,0.89687274,0.0,1.0,0.36729608,2.51991551,0.36127022,2.32538016,0.36127022,2.32538016,0.57171076,0.38870438,0.33975306,0.36901012,0.36901012,0,low
2035-01-01T02:00:00Z,0.37668851,107.0,814.00093324,1750.17020523,0.0,8.0,8.0,0.0,0.0,0.5,0.8660254,0.0,1.0,0.37253545,2.44129077,0.36298336,2.23714972,0.36298336,2.23714972,0.93247972,0.38980738,0.35573101,0.36901012,0.36901012,0,low
2035-01-01T02:15:00Z,0.40742805,106.0,798.69266272,1680.6388563,0.0,9.0,9.0,0.0,0.0,0.55557023,0.83146961,0.0,1.0,0.39065708,2.71491724,0.36742783,2.34116783,0.36742783,2.34116783,0.36076896,0.37668851,0.33494153,0.36901012,0.36901012,0,low
2035-01-01T02:30:00Z,0.39173805,106.0,807.2420156,1712.53219685,0.0,10.0,10.0,0.0,0.0,0.60876143,0.79335334,0.0,1.0,0.3914155,1.66791369,0.36963785,2.2898955,0.36963785,2.2898955,0.79224392,0.40742805,0.38870438,0.36901012,0.36901012,0,low
2035-01-01T02:45:00Z,0.42223103,106.0,829.09817452,1696.20700234,0.0,11.0,11.0,0.0,0.0,0.65934582,0.75183981,0.0,1.0,0.39952141,2.47613807,0.37402062,2.56941447,0.37402062,2.37176721,0.79224392,0.39173805,0.38980738,0.36901012,0.36901012,0,low
2035-01-01T03:00:00Z,0.44531225,105.0,811.9646182,1672.69791273,0.0,12.0,12.0,0.0,0.0,0.70710678,0.70710678,0.0,1.0,0.41667734,2.75010258,0.38037913,2.78099229,0.37950459,2.38370768,0.43147496,0.42223103,0.37668851,0.36901012,0.36901012,0,low
2035-01-01T03:15:00Z,0.41924554,106.0,798.86984588,1664.20625253,0.0,13.0,13.0,0.0,0.0,0.75183981,0.65934582,0.0,1.0,0.41963171,2.62159984,0.38708583,2.74269146,0.38234323,2.4159497,1.14830946,0.44531225,0.40742805,0.33876514,0.36901012,0,low
2035-01-01T03:30:00Z,0.43705823,105.0,808.07004885,1741.66608582,0.0,14.0,14.0,0.0,0.0,0.79335334,0.60876143,0.0,1.0,0.43096176,2.67997393,0.39238658,2.58803772,0.38599089,2.38741511,0.7168345,0.41924554,0.39173805,0.37344915,0.36901012,0,low
2035-01-01T03:45:00Z,0.43628498,106.0,816.75007453,1686.37628134,0.0,15.0,15.0,0.0,0.0,0.83146961,0.55557023,0.0,1.0,0.43447525,1.86268143,0.40043091,2.28624501,0.38913427,2.25198232,0.73809892,0.43705823,0.42223103,0.33975306,0.36901012,0,low
2035-01-01T04:00:00Z,0.4979938,106.0,765.84441325,1632.56732486,0.0,16.0,16.0,0.0,0.0,0.8660254,0.5,0.0,1.0,0.44764563,2.92494052,0.41228614,2.70544462,0.39553778,2.50398164,0.73809892,0.43628498,0.44531225,0.35573101,0.36901012,1,medium
2035-01-01T04:15:00Z,0.5170081,105.0,818.83123307,1731.5530598,0.0,17.0,17.0,0.0,0.0,0.89687274,0.44228869,0.0,1.0,0.47208628,2.73099933,0.42745836,2.68917214,0.40228613,2.48227594,0.02126442,0.4979938,0.41924554,0.33494153,0.36901012,0,low
2035-01-01T04:30:00Z,0.54498251,107.0,796.15458331,1674.50845529,0.0,18.0,18.0,0.0,0.0,0.92387953,0.38268343,0.0,1.0,0.49906735,3.01044647,0.44048153,2.45277803,0.40979646,2.51202138,0.02126442,0.5170081,0.43705823,0.38870438,0.36901012,1,medium
2035-01-01T04:45:00Z,0.55754528,105.0,844.58577216,1742.92767462,0.0,19.0,19.0,0.0,0.0,0.94693013,0.32143947,0.0,1.0,0.52938242,3.33465828,0.45445969,2.55782593,0.4171839,2.45820631,0.0,0.54498251,0.43628498,0.38980738,0.36901012,1,medium
2035-01-01T05:00:00Z,0.60229314,105.0,800.90439713,1700.52902077,0.0,20.0,20.0,0.0,0.0,0.96592583,0.25881905,0.0,1.0,0.55545726,2.86823193,0.47326008,2.84775834,0.42599863,2.57020897,0.0,0.55754528,0.4979938,0.37668851,0.36901012,1,medium
2035-01-01T05:15:00Z,0.58492282,106.0,802.71802913,1698.06410968,0.0,21.0,21.0,0.0,0.0,0.98078528,0.19509032,0.0,1.0,0.57243594,2.8230223,0.48805131,2.72520716,0.43322246,2.54153618,0.47768368,0.60229314,0.5170081,0.40742805,0.36901012,1,medium
2035-01-01T05:30:00Z,0.65477845,107.0,774.36380716,1628.21398669,0.0,22.0,22.0,0.0,0.0,0.99144486,0.13052619,0.0,1.0,0.59988492,3.97475593,0.50997134,3.22172544,0.44285533,2.75581047,0.47768368,0.58492282,0.54498251,0.39173805,0.36901012,2,high
2035-01-01T05:45:00Z,0.71197636,107.0,772.74176288,1648.13695349,0.0,23.0,23.0,0.0,0.0,0.99785892,0.06540313,0.0,1.0,0.6384927,5.20222222,0.53411679,3.46652064,0.4540687,3.01796756,0.47768368,0.65477845,0.55754528,0.42223103,0.36901012,2,high
2035-01-01T06:00:00Z,0.7069306,107.0,838.657713,1704.84643782,0.0,24.0,24.0,0.0,0.0,1.0,0.0,0.0,1.0,0.66465206,4.11041458,0.55591832,3.30119568,0.46814872,3.04109399,0.61644224,0.71197636,0.60229314,0.44531225,0.36901012,2,high
2035-01-01T06:15:00Z,0.72679491,106.0,808.70731957,1685.93227199,0.0,25.0,25.0,0.0,0.0,0.99785892,-0.06540313,0.0,1.0,0.70012008,4.17899941,0.58154743,3.24434035,0.48431663,2.9935159,0.13875856,0.7069306,0.58492282,0.41924554,0.36901012,2,high
2035-01-01T06:30:00Z,0.80445924,105.0,796.89797605,1619.62941116,0.0,26.0,26.0,0.0,0.0,0.99144486,-0.13052619,0.0,1.0,0.73754028,4.39373861,0.61216418,3.79298033,0.50227538,3.19050903,0.13875856,0.72679491,0.65477845,0.43705823,0.36901012,2,high
2035-01-01T06:45:00Z,0.84926488,105.0,796.36526693,1650.68302965,0.0,27.0,27.0,0.0,0.0,0.98078528,-0.19509032,0.0,1.0,0.77186241,4.05295132,0.64657917,4.19661061,0.52350504,3.24142781,0.13875856,0.80445924,0.71197636,0.43628498,0.36901012,2,high
2035-01-01T07:00:00Z,0.81474363,106.0,805.24165683,1701.97591675,0.0,28.0,28.0,0.0,0.0,0.96592583,-0.25881905,0.0,1.0,0.79881566,4.86352713,0.67297499,3.94739121,0.54263057,3.32641792,0.94933437,0.84926488,0.7069306,0.4979938,0.36901012,2,high
2035-01-01T07:15:00Z,0.8830379,107.0,793.6210295,1627.54755405,0.0,29.0,29.0,0.0,0.0,0.94693013,-0.32143947,0.0,1.0,0.83787641,6.19535107,0.70347748,4.39912426,0.56546792,3.5441482,0.94933437,0.81474363,0.72679491,0.5170081,0.36901012,2,high
2035-01-01T07:30:00Z,0.86158836,106.0,830.35704533,1653.14862902,0.0,30.0,30.0,0.0,0.0,0.92387953,-0.38268343,0.0,1.0,0.85215869,4.6494444,0.7298613,4.33931298,0.58517142,3.3960455,1.53919671,0.8830379,0.80445924,0.54498251,0.36901012,2,high
2035-01-01T07:45:00Z,0.90748067,106.0,785.0792818,1649.87378738,0.0,31.0,31.0,0.0,0.0,0.89687274,-0.44228869,0.0,1.0,0.86671264,4.6793276,0.75902258,4.64483371,0.60674114,3.60132982,1.53919671,0.86158836,0.84926488,0.55754528,0.36901012,2,high
2035-01-01T08:00:00Z,0.84705125,106.0,798.83693238,1649.01686627,0.0,32.0,32.0,0.0,0.0,0.8660254,-0.5,0.0,1.0,0.87478954,5.39180232,0.77941909,4.78858134,0.62633958,3.81816984,2.25167143,0.90748067,0.81474363,0.60229314,0.36901012,1,medium
2035-01-01T08:15:00Z,0.87515707,106.0,829.15823492,1639.72075076,0.0,33.0,33.0,0.0,0.0,0.83146961,-0.55557023,0.0,1.0,0.87281934,4.28661992,0.80360528,4.88699013,0.64582829,3.80609865,2.25167143,0.84705125,0.8830379,0.58492282,0.36901012,1,medium
2035-01-01T08:30:00Z,0.84414456,107.0,802.23778166,1722.25956415,0.0,34.0,34.0,0.0,0.0,0.79335334,-0.60876143,0.0,1.0,0.86845839,4.54960156,0.81938578,4.53092819,0.66467856,3.87632682,2.51465307,0.87515707,0.86158836,0.65477845,0.36901012,1,medium
2035-01-01T08:45:00Z,0.8112924,106.0,827.13157038,1695.88273236,0.0,35.0,35.0,0.0,0.0,0.75183981,-0.65934582,0.0,1.0,0.84441132,4.19099743,0.82766212,4.30775878,0.68088945,3.88713971,3.41808738,0.84414456,0.90748067,0.71197636,0.36901012,1,medium
2035-01-01T09:00:00Z,0.76895284,106.0,780.76971024,1696.56993699,0.0,36.0,36.0,0.0,0.0,0.70710678,-0.70710678,0.0,1.0,0.82488672,3.69352633,0.83283064,4.6496186,0.69437448,3.97540714,2.92061628,0.8112924,0.84705125,0.7069306,0.36901012,1,medium
2035-01-01T09:15:00Z,0.74700152,107.0,822.75931854,1714.97763531,0.0,37.0,37.0,0.0,0.0,0.65934582,-0.75183981,0.0,1.0,0.79284783,3.52427767,0.83451453,4.66874955,0.70803098,3.95654495,3.52427767,0.76895284,0.87515707,0.72679491,0.36901012,1,medium
2035-01-01T09:30:00Z,0.75826636,107.0,803.36979589,1737.11849435,0.0,38.0,38.0,0.0,0.0,0.60876143,-0.79335334,0.0,1.0,0.77137828,2.98121696,0.83066512,4.06008764,0.72141465,3.92653399,2.67143369,0.74700152,0.84414456,0.80445924,0.36901012,0,low
2035-01-01T09:45:00Z,0.71775823,106.0,792.41100802,1644.57375363,0.0,39.0,39.0,0.0,0.0,0.55557023,-0.83146961,0.0,1.0,0.74799474,3.1917563,0.81970623,4.02069378,0.7331427,4.10865219,2.88197304,0.75826636,0.8112924,0.84926488,0.36901012,0,low
2035-01-01T10:00:00Z,0.64477784,107.0,780.08544359,1602.94859937,0.0,40.0,40.0,0.0,0.0,0.5,-0.8660254,0.0,1.0,0.71695099,4.03437892,0.80554242,4.37323586,0.7392587,4.16031354,3.72459565,0.71775823,0.76895284,0.81474363,0.36901012,0,low
2035-01-01T10:15:00Z,0.61659098,107.0,810.50606075,1658.86920399,0.0,41.0,41.0,0.0,0.0,0.44228869,-0.89687274,0.0,1.0,0.68434835,4.20585617,0.78333851,4.00558459,0.74340799,4.20235442,3.8960729,0.64477784,0.74700152,0.8830379,0.36901012,0,low
2035-01-01T10:30:00Z,0.58551501,105.0,824.37166368,1702.93251947,0.0,42.0,42.0,0.0,0.0,0.38268343,-0.92387953,0.0,1.0,0.64116052,4.75066209,0.76033239,4.09382687,0.74509685,4.21656992,4.75066209,0.61659098,0.75826636,0.86158836,0.36901012,0,low
2035-01-01T10:45:00Z,0.58618615,106.0,848.44535569,1753.72383715,0.0,43.0,43.0,0.0,0.0,0.32143947,-0.94693013,0.0,1.0,0.6082675,3.65514477,0.73355785,3.6792995,0.74629022,4.16206661,3.63668843,0.58551501,0.71775823,0.90748067,0.36901012,0,low
2035-01-01T11:00:00Z,0.56617094,107.0,820.2580909,1709.49214926,0.0,44.0,44.0,0.0,0.0,0.25881905,-0.96592583,0.0,1.0,0.58861577,2.19860242,0.71015116,3.30883589,0.74478512,4.04870862,2.18014608,0.58618615,0.64477784,0.84705125,0.36901012,0,low
2035-01-01T11:15:00Z,0.5787424,105.0,827.28625746,1679.10458786,0.0,45.0,45.0,0.0,0.0,0.19509032,-0.98078528,0.0,1.0,0.57915363,1.76917884,0.68544994,3.16643756,0.74452761,4.02671385,1.40500745,0.56617094,0.61659098,0.87515707,0.36901012,0,low
2035-01-01T11:30:00Z,0.54151311,107.0,798.31315306,1691.22949588,0.0,46.0,46.0,0.0,0.0,0.13052619,-0.99144486,0.0,1.0,0.56815315,1.93839507,0.66023065,3.22342471,0.73980822,3.87717645,1.57422368,0.5787424,0.58551501,0.84414456,0.36901012,0,low
2035-01-01T11:45:00Z,0.55573679,107.0,809.45464529,1734.54022668,0.0,47.0,47.0,0.0,0.0,0.06540313,-0.99785892,0.0,1.0,0.56054081,2.31108982,0.63893435,3.05266363,0.73329823,3.68021121,1.57422368,0.54151311,0.58618615,0.8112924,0.36901012,0,low
2035-01-01T12:00:00Z,0.54017366,107.0,811.10068796,1693.14254987,0.0,48.0,48.0,0.0,0.0,0.0,-1.0,0.0,1.0,0.55404149,2.18865753,0.61986942,2.80721296,0.72635003,3.72841578,1.4517914,0.55573679,0.56617094,0.76895284,0.36901012,0,low
2035-01-01T12:15:00Z,0.51046024,107.0,806.72190421,1682.28885969,0.0,49.0,49.0,0.0,0.0,-0.06540313,-0.99785892,0.0,1.0,0.53697095,2.66006142,0.60015764,2.87836548,0.71733608,3.77355752,2.26891034,0.54017366,0.5787424,0.74700152,0.36901012,0,low
2035-01-01T12:30:00Z,0.49901896,107.0,805.1429898,1731.5972433,0.0,50.0,50.0,0.0,0.0,-0.13052619,-0.99144486,0.0,1.0,0.52634741,1.95089127,0.57855369,2.87998281,0.70460941,3.47003522,1.55974019,0.51046024,0.54151311,0.75826636,0.36901012,0,low
2035-01-01T12:45:00Z,0.53262215,105.0,815.45138904,1646.54342562,0.0,51.0,51.0,0.0,0.0,-0.19509032,-0.98078528,0.0,1.0,0.52056875,2.48382783,0.56312569,2.81668747,0.69141596,3.41869062,1.55974019,0.49901896,0.55573679,0.71775823,0.36901012,0,low
2035-01-01T13:00:00Z,0.55767687,107.0,804.41350028,1723.96032938,0.0,52.0,52.0,0.0,0.0,-0.25881905,-0.96592583,0.0,1.0,0.52494456,2.74484675,0.55586727,2.3773689,0.68070484,3.37530238,1.13175421,0.53262215,0.54017366,0.64477784,0.36901012,0,low
2035-01-01T13:15:00Z,0.56317283,107.0,827.99133784,1759.43016542,0.0,53.0,53.0,0.0,0.0,-0.32143947,-0.94693013,0.0,1.0,0.5381227,2.07886666,0.55141576,2.16936897,0.66737713,3.08747678,0.31463527,0.55767687,0.51046024,0.61659098,0.36901012,1,medium
2035-01-01T13:30:00Z,0.59027718,107.0,797.94923465,1682.34126146,0.0,54.0,54.0,0.0,0.0,-0.38268343,-0.92387953,0.0,1.0,0.56093726,2.50960104,0.55181261,2.13296246,0.6560725,3.11339466,0.0,0.56317283,0.49901896,0.58551501,0.36901012,1,medium
2035-01-01T13:45:00Z,0.59208691,106.0,817.82168018,1697.16744675,0.0,55.0,55.0,0.0,0.0,-0.44228869,-0.89687274,0.0,1.0,0.57580345,1.63528084,0.55230434,2.1433995,0.64293109,2.9113495,0.0,0.59027718,0.53262215,0.58618615,0.36901012,1,medium
2035-01-01T14:00:00Z,0.58405641,105.0,825.0946385,1690.20872815,0.0,56.0,56.0,0.0,0.0,-0.5,-0.8660254,0.0,1.0,0.58239833,1.16711472,0.55379479,2.03353967,0.63197298,2.67118778,0.22083878,0.59208691,0.55767687,0.56617094,0.36901012,1,medium
2035-01-01T14:15:00Z,0.645917,106.0,797.46597653,1638.41056055,0.0,57.0,57.0,0.0,0.0,-0.55557023,-0.83146961,0.0,1.0,0.60308437,2.71714212,0.55939268,2.48535673,0.62242131,2.82589715,0.22083878,0.58405641,0.56317283,0.5787424,0.36901012,1,medium
2035-01-01T14:30:00Z,0.67272791,105.0,802.39456561,1710.40300919,0.0,58.0,58.0,0.0,0.0,-0.60876143,-0.79335334,0.0,1.0,0.62369706,2.70907266,0.57032724,2.38985499,0.61527895,2.80663985,0.22083878,0.645917,0.59027718,0.54151311,0.36901012,1,medium
2035-01-01T14:45:00Z,0.66558587,106.0,849.27934065,1708.41780963,0.0,59.0,59.0,0.0,0.0,-0.65934582,-0.75183981,0.0,1.0,0.6420718,2.85571145,0.57948133,2.32494004,0.60920784,2.68880184,0.41724501,0.67272791,0.59208691,0.55573679,0.36901012,1,medium
2035-01-01T15:00:00Z,0.73183068,106.0,762.59257109,1641.56489271,0.0,60.0,60.0,0.0,0.0,-0.70710678,-0.70710678,0.0,1.0,0.67901536,4.45660503,0.59545275,2.78952217,0.60766108,2.79836756,0.19640623,0.66558587,0.58405641,0.54017366,0.36901012,1,medium
2035-01-01T15:15:00Z,0.69792737,107.0,791.8214912,1662.69804545,0.0,61.0,61.0,0.0,0.0,-0.75183981,-0.65934582,0.0,1.0,0.69201796,3.68777981,0.61107501,2.82792953,0.60561633,2.8531475,1.12874727,0.73183068,0.645917,0.51046024,0.36901012,1,medium
2035-01-01T15:30:00Z,0.73227977,107.0,823.52170988,1668.71079219,0.0,62.0,62.0,0.0,0.0,-0.79335334,-0.60876143,0.0,1.0,0.70690592,3.89517063,0.63051341,3.03794811,0.60453355,2.95896546,1.12874727,0.69792737,0.67272791,0.49901896,0.36901012,2,high
2035-01-01T15:45:00Z,0.72870366,107.0,837.23708925,1761.35210788,0.0,63.0,63.0,0.0,0.0,-0.83146961,-0.55557023,0.0,1.0,0.72268537,3.79710745,0.64685354,2.76269991,0.60498961,2.78969369,1.03068408,0.73227977,0.66558587,0.53262215,0.36901012,1,medium
2035-01-01T16:00:00Z,0.77782812,107.0,780.26780817,1618.07477043,0.0,64.0,64.0,0.0,0.0,-0.8660254,-0.5,0.0,1.0,0.73418473,3.32629785,0.66519948,2.9833392,0.61053337,2.68035405,1.03068408,0.72870366,0.73183068,0.55767687,0.36901012,1,medium
2035-01-01T16:15:00Z,0.76718287,105.0,802.46163836,1690.11973002,0.0,65.0,65.0,0.0,0.0,-0.89687274,-0.44228869,0.0,1.0,0.75149861,2.6867014,0.68220031,3.03054111,0.61680804,2.59995504,0.39108763,0.77782812,0.69792737,0.56317283,0.36901012,1,medium
2035-01-01T16:30:00Z,0.80294202,106.0,800.69245606,1698.51581473,0.0,66.0,66.0,0.0,0.0,-0.92387953,-0.38268343,0.0,1.0,0.76916417,2.72538709,0.69992238,3.10987679,0.62586749,2.62141963,0.39108763,0.76718287,0.73227977,0.59027718,0.36901012,1,medium
2035-01-01T16:45:00Z,0.75587686,107.0,778.42771057,1653.95845614,0.0,67.0,67.0,0.0,0.0,-0.94693013,-0.32143947,0.0,1.0,0.77595747,3.92133601,0.71357154,3.5247183,0.63293794,2.8340589,1.58703655,0.80294202,0.72870366,0.59208691,0.36901012,1,medium
2035-01-01T17:00:00Z,0.72856513,105.0,833.86562088,1659.64521386,0.0,68.0,68.0,0.0,0.0,-0.96592583,-0.25881905,0.0,1.0,0.76364172,3.32148585,0.72561394,3.70146291,0.63970436,2.86750129,2.33810916,0.75587686,0.77782812,0.58405641,0.36901012,1,medium
2035-01-01T17:15:00Z,0.75981544,105.0,792.84443121,1659.05675523,0.0,69.0,69.0,0.0,0.0,-0.98078528,-0.19509032,0.0,1.0,0.76179986,3.88812498,0.73510547,3.42086873,0.64724907,2.95311273,2.04536458,0.72856513,0.76718287,0.645917,0.36901012,1,medium
2035-01-01T17:30:00Z,0.73449369,106.0,807.09189485,1703.47850197,0.0,70.0,70.0,0.0,0.0,-0.99144486,-0.13052619,0.0,1.0,0.74468778,3.60109656,0.74025262,3.4072181,0.65528993,2.89853654,2.74171286,0.75981544,0.80294202,0.67272791,0.36901012,0,low
2035-01-01T17:45:00Z,0.71522069,107.0,802.13670939,1675.47394637,0.0,71.0,71.0,0.0,0.0,-0.99785892,-0.06540313,0.0,1.0,0.73452373,2.83681211,0.74438886,3.51841852,0.66193509,2.92167928,1.9774284,0.73449369,0.75587686,0.66558587,0.36901012,1,medium
2035-01-01T18:00:00Z,0.64614007,106.0,768.22449703,1583.86065738,0.0,72.0,72.0,0.0,0.0,-1.0,-0.0,0.0,1.0,0.71391747,3.98545649,0.73724797,3.5444134,0.66635036,3.16696778,3.12607279,0.71522069,0.72856513,0.73183068,0.36901012,0,low
2035-01-01T18:15:00Z,0.65204994,106.0,826.70088881,1757.09590218,0.0,73.0,73.0,0.0,0.0,-0.99785892,0.06540313,0.0,1.0,0.68697609,3.28859423,0.73342485,3.28780687,0.67224993,3.0578682,3.12607279,0.64614007,0.75981544,0.69792737,0.36901012,0,low
2035-01-01T18:30:00Z,0.57906745,106.0,768.3948017,1643.61145767,0.0,74.0,74.0,0.0,0.0,-0.99144486,0.13052619,0.0,1.0,0.64811954,4.59926441,0.72065716,3.64191602,0.67558529,3.33993207,4.43674297,0.65204994,0.73449369,0.73227977,0.36901012,0,low
2035-01-01T18:45:00Z,0.60211986,106.0,796.45932374,1654.51528031,0.0,75.0,75.0,0.0,0.0,-0.98078528,0.19509032,0.0,1.0,0.61984433,4.7031981,0.71010851,3.82044874,0.67848102,3.29157433,3.90673546,0.57906745,0.71522069,0.72870366,0.36901012,0,low
2035-01-01T19:00:00Z,0.5354913,106.0,784.46579369,1631.37177704,0.0,76.0,76.0,0.0,0.0,-0.96592583,0.25881905,0.0,1.0,0.59218214,4.63576627,0.68991377,3.98090287,0.67755662,3.48212104,3.83930363,0.60211986,0.64614007,0.77782812,0.36901012,0,low
2035-01-01T19:15:00Z,0.50130993,107.0,789.77262839,1676.69705784,0.0,77.0,77.0,0.0,0.0,-0.94693013,0.32143947,0.0,1.0,0.55449714,5.41323249,0.6677577,4.19665057,0.674979,3.61359584,4.7792913,0.5354913,0.65204994,0.76718287,0.36901012,0,low
2035-01-01T19:30:00Z,0.47144092,107.0,794.0857061,1691.73486632,0.0,78.0,78.0,0.0,0.0,-0.92387953,0.38268343,0.0,1.0,0.5275905,4.2276118,0.64013261,4.14265759,0.67002749,3.62626719,3.59367061,0.50130993,0.57906745,0.80294202,0.36901012,0,low
2035-01-01T19:45:00Z,0.46837555,106.0,835.81114548,1749.81925679,0.0,79.0,79.0,0.0,0.0,-0.89687274,0.44228869,0.0,1.0,0.49415443,3.67796842,0.61617416,3.73932621,0.66487285,3.63202226,3.67796842,0.47144092,0.60211986,0.75587686,0.36901012,0,low
2035-01-01T20:00:00Z,0.44430515,107.0,803.53371405,1682.10984297,0.0,80.0,80.0,0.0,0.0,-0.8660254,0.5,0.0,1.0,0.47135789,2.5076193,0.59248583,3.70961402,0.65904988,3.70553847,2.5076193,0.46837555,0.5354913,0.72856513,0.36901012,0,low
2035-01-01T20:15:00Z,0.43446447,107.0,834.05701461,1715.26570541,0.0,81.0,81.0,0.0,0.0,-0.83146961,0.55557023,0.0,1.0,0.45464652,1.83825017,0.56537325,3.51335896,0.65023936,3.46711385,1.83825017,0.44430515,0.50130993,0.75981544,0.36901012,0,low
2035-01-01T20:30:00Z,0.40929446,105.0,824.43310871,1674.17131835,0.0,82.0,82.0,0.0,0.0,-0.79335334,0.60876143,0.0,1.0,0.43910991,1.70902779,0.53827332,3.511968,0.63926297,3.45959305,1.70902779,0.43446447,0.47144092,0.73449369,0.36901012,0,low
2035-01-01T20:45:00Z,0.3742769,106.0,797.35856644,1697.59892719,0.0,83.0,83.0,0.0,0.0,-0.75183981,0.65934582,0.0,1.0,0.41558525,2.58771278,0.50986133,3.6562931,0.6271251,3.58735581,2.58771278,0.40929446,0.46837555,0.71522069,0.36901012,0,low
2035-01-01T21:00:00Z,0.38195321,106.0,831.61410376,1692.65923454,0.0,84.0,84.0,0.0,0.0,-0.70710678,0.70710678,0.0,1.0,0.39999726,2.13687528,0.48784576,3.09342028,0.61254687,3.31891684,1.92577673,0.3742769,0.44430515,0.64614007,0.36901012,0,low
2035-01-01T21:15:00Z,0.36594193,107.0,799.89952514,1695.67368144,0.0,85.0,85.0,0.0,0.0,-0.65934582,0.75183981,0.0,1.0,0.38286663,2.30656695,0.46400343,3.18601654,0.59871414,3.2369117,2.09546841,0.38195321,0.43446447,0.65204994,0.36901012,0,low
2035-01-01T21:30:00Z,0.3508028,107.0,834.99074572,1726.25307495,0.0,86.0,86.0,0.0,0.0,-0.60876143,0.79335334,0.0,1.0,0.36824371,2.03071784,0.44498137,2.65578581,0.58281927,3.14885092,1.81961929,0.36594193,0.40929446,0.57906745,0.36901012,0,low
2035-01-01T21:45:00Z,0.37495789,106.0,794.63922607,1673.68285535,0.0,87.0,87.0,0.0,0.0,-0.55557023,0.83146961,0.0,1.0,0.36841396,1.73200006,0.42605121,2.66589375,0.56807986,3.24317125,0.85663649,0.3508028,0.3742769,0.60211986,0.36901012,0,low
2035-01-01T22:00:00Z,0.31360002,107.0,805.09977645,1590.5541937,0.0,88.0,88.0,0.0,0.0,-0.5,0.8660254,0.0,1.0,0.35132566,3.2082429,0.40756027,2.61757916,0.54873702,3.29924102,2.54397788,0.37495789,0.38195321,0.5354913,0.36901012,0,low
2035-01-01T22:15:00Z,0.33628949,105.0,813.08255826,1657.00071183,0.0,89.0,89.0,0.0,0.0,-0.44228869,0.89687274,0.0,1.0,0.34391255,3.39189307,0.39380857,2.51223673,0.53078313,3.35444365,2.10366767,0.31360002,0.36594193,0.50130993,0.36901012,0,low
2035-01-01T22:30:00Z,0.30441904,105.0,813.78314352,1693.45750702,0.0,90.0,90.0,0.0,0.0,-0.38268343,0.92387953,0.0,1.0,0.33231661,3.85200401,0.37989008,2.53058321,0.51001134,3.3366204,2.56377861,0.33628949,0.3508028,0.47144092,0.36901012,0,low
2035-01-01T22:45:00Z,0.31359012,106.0,817.43702279,1740.55254305,0.0,91.0,91.0,0.0,0.0,-0.32143947,0.94693013,0.0,1.0,0.31697467,3.43994361,0.36699129,2.58655215,0.49158273,3.16293918,2.56377861,0.30441904,0.37495789,0.46837555,0.36901012,0,low
2035-01-01T23:00:00Z,0.32575522,105.0,804.36733106,1695.20316745,0.0,92.0,92.0,0.0,0.0,-0.25881905,0.96592583,0.0,1.0,0.32001347,2.08714249,0.35711213,2.47742022,0.47479898,3.09351712,0.87643722,0.31359012,0.31360002,0.44430515,0.36901012,0,low
2035-01-01T23:15:00Z,0.30687442,106.0,821.45344359,1669.69849844,0.0,93.0,93.0,0.0,0.0,-0.19509032,0.98078528,0.0,1.0,0.3126597,1.98240405,0.34647963,2.56028803,0.45592644,3.03682349,1.39565916,0.32575522,0.33628949,0.43446447,0.36901012,0,low
2035-01-01T23:30:00Z,0.30380031,106.0,848.17790265,1731.73135089,0.0,94.0,94.0,0.0,0.0,-0.13052619,0.99144486,0.0,1.0,0.31250502,1.19050491,0.33768845,2.35774225,0.43798088,2.93485513,0.60376002,0.30687442,0.30441904,0.40929446,0.36901012,0,low
2035-01-01T23:45:00Z,0.36921165,107.0,793.87891375,1625.26742936,0.0,95.0,95.0,0.0,0.0,-0.06540313,0.99785892,0.0,1.0,0.3264104,2.73711208,0.33726634,2.63635192,0.42356384,3.14632251,0.60376002,0.30380031,0.31359012,0.3742769,0.36901012,0,low
2035-01-02T00:00:00Z,0.32967869,105.0,807.00023019,1692.36768995,1.0,0.0,96.0,0.0,0.0,0.0,1.0,0.78183148,0.6234898,0.32739127,3.48972821,0.33291013,2.9283712,0.41037795,3.01089574,1.69091642,0.36921165,0.32575522,0.38195321,0.36901012,0,low
2035-01-02T00:15:00Z,0.35173843,106.0,831.55848933,1671.45602664,1.0,1.0,97.0,0.0,0.0,0.06540313,0.99785892,0.78183148,0.6234898,0.33860727,3.57714908,0.33172651,2.9838154,0.39786497,3.08491597,1.17169448,0.32967869,0.30687442,0.36594193,0.33876514,0,low
2035-01-02T00:30:00Z,0.37751241,105.0,818.67227632,1704.05828992,1.0,2.0,98.0,0.0,0.0,0.13052619,0.99144486,0.78183148,0.6234898,0.35703529,4.20139553,0.33395231,3.08130148,0.38946684,2.86854365,1.0871564,0.35173843,0.30380031,0.3508028,0.37344915,0,low
2035-01-02T00:45:00Z,0.37368514,105.0,831.07072852,1680.30811322,1.0,3.0,99.0,0.0,0.0,0.19509032,0.98078528,0.78183148,0.6234898,0.35815367,2.50783359,0.33384625,2.89496309,0.37994873,2.78042842,1.19240625,0.37751241,0.36921165,0.37495789,0.33975306,0,low
2035-01-02T01:00:00Z,0.357715,106.0,817.05379761,1707.99274629,1.0,4.0,100.0,0.0,0.0,0.25881905,0.96592583,0.78183148,0.6234898,0.36516275,1.85985604,0.33752249,2.47890891,0.37254138,2.54824404,0.54442869,0.37368514,0.32967869,0.31360002,0.35573101,0,low
2035-01-02T01:15:00Z,0.38113171,107.0,818.70993595,1662.68028862,1.0,5.0,101.0,0.0,0.0,0.32143947,0.94693013,0.78183148,0.6234898,0.37251107,1.89717274,0.34125935,2.48557529,0.36753396,2.49890601,0.54442869,0.357715,0.35173843,0.33628949,0.33494153,0,low
2035-01-02T01:30:00Z,0.34170949,106.0,787.1768063,1653.552664,1.0,6.0,102.0,0.0,0.0,0.38268343,0.92387953,0.78183148,0.6234898,0.36356034,2.27249925,0.34436688,2.5547999,0.36212848,2.54269156,1.62853973,0.38113171,0.37751241,0.30441904,0.38870438,0,low
2035-01-02T01:45:00Z,0.40450379,107.0,776.29218088,1667.7339848,1.0,7.0,103.0,0.0,0.0,0.44228869,0.89687274,0.78183148,0.6234898,0.371265,3.89409269,0.35194302,3.04634612,0.35946716,2.81644913,1.52328989,0.34170949,0.37368514,0.31359012,0.38980738,0,low
2035-01-02T02:00:00Z,0.35877107,106.0,821.15753437,1670.53763428,1.0,8.0,104.0,0.0,0.0,0.5,0.8660254,0.78183148,0.6234898,0.37152902,4.71256382,0.35469434,3.35404935,0.35590324,2.91573479,2.34176102,0.40450379,0.357715,0.32575522,0.37668851,0,low
2035-01-02T02:15:00Z,0.41841103,106.0,781.5537928,1662.54689278,1.0,9.0,105.0,0.0,0.0,0.55557023,0.83146961,0.78183148,0.6234898,0.38084885,5.70870319,0.36398906,3.727675,0.35523434,3.14398151,2.34176102,0.35877107,0.38113171,0.30687442,0.40742805,0,low
2035-01-02T02:30:00Z,0.40938523,105.0,830.58551314,1715.13520824,1.0,10.0,106.0,0.0,0.0,0.60876143,0.79335334,0.78183148,0.6234898,0.39776778,4.87280169,0.3727878,3.78223216,0.35523813,3.06998721,1.50585952,0.41841103,0.34170949,0.30380031,0.39173805,0,low
2035-01-02T02:45:00Z,0.40354419,107.0,830.04134616,1673.95482135,1.0,11.0,107.0,0.0,0.0,0.65934582,0.75183981,0.78183148,0.6234898,0.39752788,3.30658691,0.37564885,3.23617106,0.3564576,2.93626149,1.66648802,0.40938523,0.40450379,0.36921165,0.42223103,0,low
2035-01-02T03:00:00Z,0.39891727,107.0,828.5451545,1753.88230544,1.0,12.0,108.0,0.0,0.0,0.70710678,0.70710678,0.78183148,0.6234898,0.40756443,2.17617714,0.38141873,2.916199,0.35716443,2.9222851,0.53607826,0.40354419,0.35877107,0.32967869,0.44531225,0,low
2035-01-02T03:15:00Z,0.39165847,105.0,815.88053549,1740.19578486,1.0,13.0,109.0,0.0,0.0,0.75183981,0.65934582,0.78183148,0.6234898,0.40087629,0.73569541,0.3847454,2.78052378,0.35823595,2.88216959,0.73569541,0.39891727,0.41841103,0.35173843,0.41924554,0,low
2035-01-02T03:30:00Z,0.43464346,106.0,815.43417816,1675.14644179,1.0,14.0,110.0,0.0,0.0,0.79335334,0.60876143,0.78183148,0.6234898,0.40719085,1.66957313,0.38950632,2.93829136,0.36172931,3.00979642,0.48748587,0.39165847,0.40938523,0.37751241,0.43705823,0,low
2035-01-02T03:45:00Z,0.45033964,106.0,828.22605434,1696.07116461,1.0,15.0,111.0,0.0,0.0,0.83146961,0.55557023,0.78183148,0.6234898,0.41888971,1.9405895,0.3958942,3.0470897,0.36487022,2.9710264,0.32685737,0.43464346,0.40354419,0.37368514,0.43628498,0,low
2035-01-02T04:00:00Z,0.49375161,106.0,811.86712115,1656.76026468,1.0,16.0,112.0,0.0,0.0,0.8660254,0.5,0.78183148,0.6234898,0.44259829,3.00717854,0.40723058,3.29863983,0.37237654,2.88877437,0.19961715,0.45033964,0.39891727,0.357715,0.4979938,0,low
2035-01-02T04:15:00Z,0.48351732,105.0,805.78786377,1703.29963473,1.0,17.0,113.0,0.0,0.0,0.89687274,0.44228869,0.78183148,0.6234898,0.46556301,3.08900441,0.41576271,3.177801,0.37851103,2.83168815,0.28144302,0.49375161,0.39165847,0.38113171,0.5170081,0,low
2035-01-02T04:30:00Z,0.52877155,105.0,786.45455581,1650.98114275,1.0,18.0,114.0,0.0,0.0,0.92387953,0.38268343,0.78183148,0.6234898,0.48909503,3.15140862,0.43135122,3.23126115,0.38785905,2.89303052,0.28144302,0.48351732,0.43464346,0.34170949,0.54498251,1,medium
2035-01-02T04:45:00Z,0.52781341,105.0,839.90325546,1715.87102673,1.0,19.0,115.0,0.0,0.0,0.94693013,0.32143947,0.78183148,0.6234898,0.50846347,2.74611269,0.44162702,2.6644297,0.39678502,2.85538791,0.30779197,0.52877155,0.45033964,0.40450379,0.55754528,1,medium
2035-01-02T05:00:00Z,0.55803121,106.0,802.34928801,1679.44855835,1.0,20.0,116.0,0.0,0.0,0.96592583,0.25881905,0.78183148,0.6234898,0.52453337,2.38327305,0.45823203,2.52220958,0.40646319,2.93812947,0.30779197,0.52781341,0.49375161,0.35877107,0.60229314,1,medium
2035-01-02T05:15:00Z,0.58104537,105.0,813.97316039,1686.65489967,1.0,21.0,117.0,0.0,0.0,0.98078528,0.19509032,0.78183148,0.6234898,0.54891539,2.73471932,0.47178489,2.18647305,0.41788698,2.95707403,0.02634895,0.55803121,0.48351732,0.41841103,0.58492282,1,medium
2035-01-02T05:30:00Z,0.66645272,106.0,757.32056215,1579.18147951,1.0,22.0,118.0,0.0,0.0,0.99144486,0.13052619,0.78183148,0.6234898,0.58333568,3.83893013,0.49320718,2.88663729,0.43299749,3.33443472,0.02634895,0.58104537,0.52877155,0.40938523,0.65477845,2,high
2035-01-02T05:45:00Z,0.70704614,106.0,781.98120261,1635.2299774,1.0,23.0,119.0,0.0,0.0,0.99785892,0.06540313,0.78183148,0.6234898,0.62814386,4.92890007,0.51849901,3.20520075,0.44707393,3.22068591,0.0,0.66645272,0.52781341,0.40354419,0.71197636,2,high
2035-01-02T06:00:00Z,0.73378528,106.0,804.61755773,1720.53445732,1.0,24.0,120.0,0.0,0.0,1.0,0.0,0.78183148,0.6234898,0.67208238,4.83323698,0.54640468,3.40789619,0.46391171,3.16204759,0.0,0.70704614,0.55803121,0.39891727,0.7069306,2,high
2035-01-02T06:15:00Z,0.78082227,106.0,779.79903826,1629.29086568,1.0,25.0,121.0,0.0,0.0,0.99785892,-0.06540313,0.78183148,0.6234898,0.7220266,5.4938647,0.578835,3.77252948,0.4817902,3.27652663,0.0,0.73378528,0.58104537,0.39165847,0.72679491,2,high
2035-01-02T06:30:00Z,0.80310102,107.0,810.18471853,1731.19992389,1.0,26.0,122.0,0.0,0.0,0.99144486,-0.13052619,0.78183148,0.6234898,0.75618868,3.75782808,0.60953979,3.58272227,0.49952306,3.26050682,0.0,0.78082227,0.66645272,0.43464346,0.80445924,2,high
2035-01-02T06:45:00Z,0.81950953,107.0,817.17706987,1723.34679098,1.0,27.0,123.0,0.0,0.0,0.98078528,-0.19509032,0.78183148,0.6234898,0.78430452,3.09274314,0.64030395,3.58925197,0.51809907,3.31817083,0.0,0.80310102,0.70704614,0.45033964,0.84926488,2,high
2035-01-02T07:00:00Z,0.85216496,107.0,795.57495172,1677.24302553,1.0,28.0,124.0,0.0,0.0,0.96592583,-0.25881905,0.78183148,0.6234898,0.81389944,3.25544108,0.67017173,3.49065037,0.53870116,3.3946451,0.0,0.81950953,0.73378528,0.49375161,0.81474363,2,high
2035-01-02T07:15:00Z,0.83568882,105.0,800.13262494,1743.82715104,1.0,29.0,125.0,0.0,0.0,0.94693013,-0.32143947,0.78183148,0.6234898,0.82761608,2.41501788,0.69951936,3.5478673,0.55764104,3.36283415,0.45309382,0.85216496,0.78082227,0.48351732,0.8830379,2,high
2035-01-02T07:30:00Z,0.83995567,107.0,836.84933739,1759.07772403,1.0,30.0,126.0,0.0,0.0,0.92387953,-0.38268343,0.78183148,0.6234898,0.83682974,1.9196905,0.72545137,3.17214957,0.57840129,3.20170536,0.45309382,0.83568882,0.80310102,0.52877155,0.86158836,2,high
2035-01-02T07:45:00Z,0.85960266,107.0,832.67819844,1656.05107161,1.0,31.0,127.0,0.0,0.0,0.89687274,-0.44228869,0.78183148,0.6234898,0.84685303,2.00874887,0.75310047,3.34346403,0.59736375,3.00394686,0.45309382,0.83995567,0.81950953,0.52781341,0.90748067,1,medium
2035-01-02T08:00:00Z,0.85239293,107.0,833.58981298,1747.43670686,1.0,32.0,128.0,0.0,0.0,0.8660254,-0.5,0.78183148,0.6234898,0.84691002,1.30899191,0.77763061,3.13255666,0.61793132,2.82738312,0.65136131,0.85960266,0.85216496,0.55803121,0.84705125,2,high
2035-01-02T08:15:00Z,0.84982044,107.0,842.33709233,1733.06567146,1.0,33.0,129.0,0.0,0.0,0.83146961,-0.55557023,0.78183148,0.6234898,0.85044292,0.92664176,0.80002854,2.94517478,0.63590671,2.56582391,0.26901116,0.85239293,0.83568882,0.58104537,0.87515707,1,medium
2035-01-02T08:30:00Z,0.83123868,106.0,825.55731032,1739.71280003,1.0,34.0,130.0,0.0,0.0,0.79335334,-0.60876143,0.78183148,0.6234898,0.84826368,1.32030194,0.8137607,2.33260684,0.65348394,2.60962207,0.78000961,0.84982044,0.83995567,0.66645272,0.84414456,1,medium
2035-01-02T08:45:00Z,0.78813203,107.0,809.75649299,1699.73380551,1.0,35.0,131.0,0.0,0.0,0.75183981,-0.65934582,0.78183148,0.6234898,0.83039602,1.96544249,0.82051786,2.35564483,0.66950843,2.78042279,1.96544249,0.83123868,0.85960266,0.70704614,0.8112924,1,medium
2035-01-02T09:00:00Z,0.8231014,105.0,824.77105255,1631.79173713,1.0,36.0,132.0,0.0,0.0,0.70710678,-0.70710678,0.78183148,0.6234898,0.82307314,2.72883289,0.82796087,2.43108863,0.68718277,2.91949241,1.767175,0.78813203,0.85239293,0.73378528,0.76895284,1,medium
2035-01-02T09:15:00Z,0.77213111,107.0,810.16436921,1662.85357999,1.0,37.0,133.0,0.0,0.0,0.65934582,-0.75183981,0.78183148,0.6234898,0.8036508,4.05977228,0.8272366,2.46714397,0.7030358,3.11983673,3.09811439,0.8231014,0.84982044,0.78082227,0.74700152,1,medium
2035-01-02T09:30:00Z,0.75519494,107.0,810.60963379,1682.70546294,1.0,38.0,134.0,0.0,0.0,0.60876143,-0.79335334,0.78183148,0.6234898,0.78463987,4.01451843,0.82324443,2.41817029,0.71639211,3.00044628,3.05286054,0.77213111,0.83123868,0.80310102,0.75826636,0,low
2035-01-02T09:45:00Z,0.72597096,106.0,831.56363323,1705.63382924,1.0,39.0,135.0,0.0,0.0,0.55557023,-0.83146961,0.78183148,0.6234898,0.7690996,3.63274518,0.81544955,2.53564551,0.72787675,3.06244874,2.67108729,0.75519494,0.78813203,0.81950953,0.71775823,0,low
2035-01-02T10:00:00Z,0.63977972,106.0,774.18161155,1552.57833669,1.0,40.0,136.0,0.0,0.0,0.5,-0.8660254,0.78183148,0.6234898,0.72326918,5.04134629,0.79775078,3.02639036,0.73396126,3.25852037,5.04134629,0.72597096,0.8231014,0.85216496,0.64477784,0,low
2035-01-02T10:15:00Z,0.60486819,106.0,788.78768839,1653.54302453,1.0,41.0,137.0,0.0,0.0,0.44228869,-0.89687274,0.78183148,0.6234898,0.68145345,4.59973039,0.77851573,3.19538148,0.73901754,3.37162439,4.59973039,0.63977972,0.77213111,0.83568882,0.61659098,0,low
2035-01-02T10:30:00Z,0.58192604,106.0,803.99807808,1719.44867033,1.0,42.0,138.0,0.0,0.0,0.38268343,-0.92387953,0.78183148,0.6234898,0.63813623,4.76489475,0.75701326,3.36657171,0.74123231,3.26936064,4.76489475,0.60486819,0.75519494,0.83995567,0.58551501,0,low
2035-01-02T10:45:00Z,0.58307187,106.0,840.09891269,1680.67134068,1.0,43.0,139.0,0.0,0.0,0.32143947,-0.94693013,0.78183148,0.6234898,0.60241146,3.99274548,0.73396903,3.19697772,0.74353475,3.27022087,3.96123513,0.58192604,0.72597096,0.85960266,0.58618615,0,low
2035-01-02T11:00:00Z,0.55169665,106.0,811.344863,1687.56108371,1.0,44.0,140.0,0.0,0.0,0.25881905,-0.96592583,0.78183148,0.6234898,0.58039069,2.48530521,0.708911,3.4184948,0.74327081,3.27552573,2.45379486,0.58307187,0.63977972,0.85239293,0.56617094,0,low
2035-01-02T11:15:00Z,0.55010243,105.0,815.61267015,1726.20108753,1.0,45.0,141.0,0.0,0.0,0.19509032,-0.98078528,0.78183148,0.6234898,0.56669925,1.56907906,0.6839345,3.40952724,0.74198152,3.17735101,1.5375687,0.55169665,0.60486819,0.84982044,0.5787424,0,low
2035-01-02T11:30:00Z,0.5351142,106.0,833.61117837,1711.20760429,1.0,46.0,142.0,0.0,0.0,0.13052619,-0.99144486,0.78183148,0.6234898,0.55499629,1.35034625,0.65925746,3.37658648,0.73650908,2.85459666,1.3188359,0.55010243,0.58192604,0.83123868,0.54151311,0,low
2035-01-02T11:45:00Z,0.49556458,106.0,800.53983977,1624.62818566,1.0,47.0,143.0,0.0,0.0,0.06540313,-0.99785892,0.78183148,0.6234898,0.53311946,2.40645069,0.63487684,3.34398045,0.72769735,2.84981264,2.40645069,0.5351142,0.58307187,0.78813203,0.55573679,0,low
2035-01-02T12:00:00Z,0.51293174,107.0,809.32930327,1685.26799314,1.0,48.0,144.0,0.0,0.0,0.0,-1.0,0.78183148,0.6234898,0.52342824,2.02122888,0.60902937,3.1826268,0.71849512,2.80685771,1.54363195,0.49556458,0.55169665,0.8231014,0.54017366,0,low
2035-01-02T12:15:00Z,0.53690509,106.0,807.90532961,1708.29040513,1.0,49.0,145.0,0.0,0.0,-0.06540313,-0.99785892,0.78183148,0.6234898,0.5201289,2.63665498,0.5894272,2.93515481,0.7083319,2.70114939,1.49979095,0.51293174,0.55010243,0.77213111,0.51046024,0,low
2035-01-02T12:30:00Z,0.5467598,107.0,804.32955886,1738.88646095,1.0,50.0,146.0,0.0,0.0,-0.13052619,-0.99144486,0.78183148,0.6234898,0.5230403,2.4954835,0.5720576,2.8702415,0.69765102,2.6442059,1.08761479,0.53690509,0.5351142,0.75519494,0.49901896,0,low
2035-01-02T12:45:00Z,0.5307172,106.0,815.95288077,1660.87437884,1.0,51.0,147.0,0.0,0.0,-0.19509032,-0.98078528,0.78183148,0.6234898,0.53182846,1.84904018,0.55578646,2.74941212,0.685618,2.64252881,0.44117147,0.5467598,0.49556458,0.72597096,0.53262215,0,low
2035-01-02T13:00:00Z,0.51565704,107.0,843.5977003,1678.89900623,1.0,52.0,148.0,0.0,0.0,-0.25881905,-0.96592583,0.78183148,0.6234898,0.53250978,1.78559761,0.5454429,2.09737724,0.67159684,2.5618838,0.85532584,0.5307172,0.51293174,0.63977972,0.55767687,1,medium
2035-01-02T13:15:00Z,0.58068193,106.0,797.74678815,1641.78441412,1.0,53.0,149.0,0.0,0.0,-0.32143947,-0.94693013,0.78183148,0.6234898,0.54345399,2.91451488,0.54342738,2.3734163,0.66097155,2.78439889,0.85532584,0.51565704,0.53690509,0.60486819,0.56317283,1,medium
2035-01-02T13:30:00Z,0.56621769,106.0,830.55618193,1724.498758,1.0,54.0,150.0,0.0,0.0,-0.38268343,-0.92387953,0.78183148,0.6234898,0.54831847,3.04127672,0.54211835,2.29570216,0.6495658,2.83113693,1.25309236,0.58068193,0.5467598,0.58192604,0.59027718,1,medium
2035-01-02T13:45:00Z,0.57652958,107.0,811.68238496,1678.37992609,1.0,55.0,151.0,0.0,0.0,-0.44228869,-0.89687274,0.78183148,0.6234898,0.55977156,2.88368217,0.54157316,2.37972435,0.63777109,2.78835103,0.81192089,0.56621769,0.5307172,0.58307187,0.59208691,1,medium
2035-01-02T14:00:00Z,0.63730605,106.0,794.71942519,1670.06269567,1.0,56.0,152.0,0.0,0.0,-0.5,-0.8660254,0.78183148,0.6234898,0.59018381,4.14088068,0.54870728,2.64923572,0.62880914,3.03386526,0.39776652,0.57652958,0.51565704,0.55169665,0.58405641,1,medium
2035-01-02T14:15:00Z,0.63077254,107.0,823.89837462,1754.94167339,1.0,57.0,153.0,0.0,0.0,-0.55557023,-0.83146961,0.78183148,0.6234898,0.60270647,2.53236775,0.55542979,2.69451253,0.61968214,3.05201989,0.57743796,0.63730605,0.58068193,0.55010243,0.645917,1,medium
2035-01-02T14:30:00Z,0.67481899,107.0,805.99840805,1688.66692276,1.0,58.0,154.0,0.0,0.0,-0.60876143,-0.79335334,0.78183148,0.6234898,0.62985679,3.34587866,0.56707185,2.96087963,0.61316466,3.16873305,0.17967144,0.63077254,0.56621769,0.5351142,0.67272791,1,medium
2035-01-02T14:45:00Z,0.68554041,107.0,815.41566046,1687.80315993,1.0,59.0,155.0,0.0,0.0,-0.65934582,-0.75183981,0.78183148,0.6234898,0.6571095,3.35714064,0.58290317,2.696621,0.60889001,3.02030072,0.17967144,0.67481899,0.57652958,0.49556458,0.66558587,1,medium
2035-01-02T15:00:00Z,0.72938708,106.0,791.56464135,1652.7312707,1.0,60.0,156.0,0.0,0.0,-0.70710678,-0.70710678,0.78183148,0.6234898,0.68012976,2.89157112,0.60094112,2.9393498,0.60498524,3.0609883,0.17967144,0.68554041,0.63730605,0.51293174,0.73183068,1,medium
2035-01-02T15:15:00Z,0.71625165,106.0,827.10377624,1702.98954212,1.0,61.0,157.0,0.0,0.0,-0.75183981,-0.65934582,0.78183148,0.6234898,0.70149953,3.07312384,0.61588666,2.84000216,0.60265693,2.88757848,0.36122416,0.72938708,0.63077254,0.53690509,0.69792737,1,medium
2035-01-02T15:30:00Z,0.71253559,105.0,825.7982393,1743.25684683,1.0,62.0,158.0,0.0,0.0,-0.79335334,-0.60876143,0.78183148,0.6234898,0.71092868,1.96403821,0.62970131,2.7837312,0.60087946,2.82698635,0.46341596,0.71625165,0.67481899,0.5467598,0.73227977,1,medium
2035-01-02T15:45:00Z,0.73461887,107.0,821.20590569,1711.0334646,1.0,63.0,159.0,0.0,0.0,-0.83146961,-0.55557023,0.78183148,0.6234898,0.7231983,2.27648954,0.64669312,2.83910412,0.60123979,2.79425812,0.46341596,0.71253559,0.68554041,0.5307172,0.72870366,1,medium
2035-01-02T16:00:00Z,0.77532426,107.0,823.10408251,1687.71502732,1.0,64.0,160.0,0.0,0.0,-0.8660254,-0.5,0.78183148,0.6234898,0.73468259,2.19010454,0.66833205,3.07418545,0.60688748,2.58578134,0.46341596,0.73461887,0.72938708,0.51565704,0.77782812,1,medium
2035-01-02T16:15:00Z,0.75555315,107.0,809.42322792,1735.6609317,1.0,65.0,161.0,0.0,0.0,-0.89687274,-0.44228869,0.78183148,0.6234898,0.74450797,2.37258593,0.68290466,2.65935917,0.61316602,2.51638774,0.64589734,0.77532426,0.71625165,0.58068193,0.76718287,1,medium
2035-01-02T16:30:00Z,0.77400307,107.0,826.18761862,1657.9340102,1.0,66.0,162.0,0.0,0.0,-0.92387953,-0.38268343,0.78183148,0.6234898,0.75987484,2.77776687,0.7002201,2.69589458,0.62116923,2.49579837,0.54370554,0.75555315,0.71253559,0.56621769,0.80294202,1,medium
2035-01-02T16:45:00Z,0.77765148,106.0,830.83234276,1718.49413833,1.0,67.0,163.0,0.0,0.0,-0.94693013,-0.32143947,0.78183148,0.6234898,0.77063299,2.27080796,0.71698026,2.63481272,0.62927671,2.50726853,0.54370554,0.77400307,0.73461887,0.57652958,0.75587686,1,medium
2035-01-02T17:00:00Z,0.73438519,106.0,784.00358862,1662.84401051,1.0,68.0,164.0,0.0,0.0,-0.96592583,-0.25881905,0.78183148,0.6234898,0.76039822,2.34123255,0.72507019,2.47430274,0.63688873,2.56176923,1.73352849,0.77765148,0.77532426,0.63730605,0.72856513,1,medium
2035-01-02T17:15:00Z,0.7606198,106.0,799.12784625,1670.65600313,1.0,69.0,165.0,0.0,0.0,-0.98078528,-0.19509032,0.78183148,0.6234898,0.76166489,2.51897864,0.7358908,2.65489614,0.64566029,2.67470434,1.18982294,0.73438519,0.75555315,0.63077254,0.75981544,1,medium
2035-01-02T17:30:00Z,0.69570603,107.0,805.53084538,1672.2169053,1.0,70.0,166.0,0.0,0.0,-0.99144486,-0.13052619,0.78183148,0.6234898,0.74209063,3.79673441,0.73763138,2.84617983,0.65235162,2.90352973,2.97495145,0.7606198,0.77400307,0.67481899,0.73449369,1,medium
2035-01-02T17:45:00Z,0.71596624,106.0,832.72634582,1702.39878715,1.0,71.0,167.0,0.0,0.0,-0.99785892,-0.06540313,0.78183148,0.6234898,0.72666932,4.25355881,0.74016687,2.93361877,0.66153502,2.81511988,2.97495145,0.69570603,0.77765148,0.68554041,0.71522069,1,medium
2035-01-02T18:00:00Z,0.67577472,107.0,785.07484864,1664.74330065,1.0,72.0,168.0,0.0,0.0,-1.0,-0.0,0.78183148,0.6234898,0.7120167,4.16900273,0.73569917,2.90011327,0.66832014,2.91973154,2.89039537,0.71596624,0.73438519,0.72938708,0.64614007,0,low
2035-01-02T18:15:00Z,0.61423978,106.0,768.65280819,1605.9417991,1.0,73.0,169.0,0.0,0.0,-0.99785892,0.06540313,0.78183148,0.6234898,0.67542169,5.13976201,0.72719818,3.34377553,0.67154242,3.09188884,4.58260628,0.67577472,0.7606198,0.71625165,0.65204994,0,low
2035-01-02T18:30:00Z,0.60898595,107.0,827.99879678,1716.17039549,1.0,74.0,170.0,0.0,0.0,-0.99144486,0.13052619,0.78183148,0.6234898,0.65374167,3.49911384,0.71856905,3.35787171,0.67413518,3.07080145,2.94195812,0.61423978,0.69570603,0.71253559,0.57906745,0,low
2035-01-02T18:45:00Z,0.60190543,107.0,819.33441807,1702.12127397,1.0,75.0,171.0,0.0,0.0,-0.98078528,0.19509032,0.78183148,0.6234898,0.62522647,3.13667235,0.70750959,3.22034637,0.67710136,3.02972525,3.13667235,0.60898595,0.71596624,0.73461887,0.60211986,0,low
2035-01-02T19:00:00Z,0.517593,105.0,751.3602324,1572.54207416,1.0,76.0,172.0,0.0,0.0,-0.96592583,0.25881905,0.78183148,0.6234898,0.58568104,4.3499974,0.68603199,3.62007756,0.67718202,3.3471315,4.3499974,0.60190543,0.67577472,0.77532426,0.5354913,0,low
2035-01-02T19:15:00Z,0.49220803,106.0,815.31496971,1691.69440149,1.0,77.0,173.0,0.0,0.0,-0.94693013,0.32143947,0.78183148,0.6234898,0.5551731,3.35587311,0.66408656,3.67153792,0.67349561,3.16544855,3.35587311,0.517593,0.61423978,0.75555315,0.50130993,0,low
2035-01-02T19:30:00Z,0.47810624,106.0,804.51432137,1748.29103432,1.0,78.0,174.0,0.0,0.0,-0.92387953,0.38268343,0.78183148,0.6234898,0.52245317,3.59919196,0.63942849,3.63168007,0.6698243,3.16378732,3.59919196,0.49220803,0.60898595,0.77400307,0.47144092,0,low
2035-01-02T19:45:00Z,0.4589937,105.0,829.54385712,1721.74837934,1.0,79.0,175.0,0.0,0.0,-0.89687274,0.44228869,0.78183148,0.6234898,0.48672524,3.93007266,0.61287367,3.77343461,0.66492697,3.20412366,3.93007266,0.47810624,0.60190543,0.77765148,0.46837555,0,low
2035-01-02T20:00:00Z,0.45958123,106.0,815.43187551,1704.76254912,1.0,80.0,176.0,0.0,0.0,-0.8660254,0.5,0.78183148,0.6234898,0.4722223,1.62763783,0.58997334,3.38221265,0.65752177,2.9282577,1.61148075,0.4589937,0.517593,0.73438519,0.44430515,0,low
2035-01-02T20:15:00Z,0.41498633,105.0,822.55842066,1614.28585115,1.0,81.0,177.0,0.0,0.0,-0.83146961,0.55557023,0.78183148,0.6234898,0.45291687,2.15591084,0.56117056,3.55051532,0.64853068,3.10270573,2.13975375,0.45958123,0.49220803,0.7606198,0.43446447,0,low
2035-01-02T20:30:00Z,0.35994633,105.0,774.84956299,1679.61652299,1.0,82.0,178.0,0.0,0.0,-0.79335334,0.60876143,0.78183148,0.6234898,0.4233769,3.28171165,0.53319058,3.46000582,0.63541098,3.15309282,3.26555456,0.41498633,0.47810624,0.69570603,0.40929446,0,low
2035-01-02T20:45:00Z,0.37263784,107.0,802.56526399,1683.66926034,1.0,83.0,179.0,0.0,0.0,-0.75183981,0.65934582,0.78183148,0.6234898,0.40178793,3.10513333,0.50457988,3.39062611,0.62237337,3.16212244,2.73995963,0.35994633,0.4589937,0.71596624,0.3742769,0,low
2035-01-02T21:00:00Z,0.36737906,106.0,818.2773907,1749.98512534,1.0,84.0,180.0,0.0,0.0,-0.70710678,0.70710678,0.78183148,0.6234898,0.37873739,3.23359279,0.47888024,3.07040934,0.60728971,2.98526131,2.88457618,0.37263784,0.45958123,0.67577472,0.38195321,0,low
2035-01-02T21:15:00Z,0.36188021,105.0,824.95160113,1752.44706057,1.0,85.0,181.0,0.0,0.0,-0.65934582,0.75183981,0.78183148,0.6234898,0.36546086,2.15845169,0.45785028,2.55674521,0.59252423,2.95026037,1.80943507,0.36737906,0.41498633,0.61423978,0.36594193,0,low
2035-01-02T21:30:00Z,0.36965459,106.0,811.94596411,1701.86813191,1.0,86.0,182.0,0.0,0.0,-0.60876143,0.79335334,0.78183148,0.6234898,0.36788792,0.85864713,0.437906,2.57985025,0.57823752,2.96886098,0.29583507,0.36188021,0.35994633,0.60898595,0.3508028,0,low
2035-01-02T21:45:00Z,0.32560559,106.0,810.57126436,1649.11854075,1.0,87.0,183.0,0.0,0.0,-0.55557023,0.83146961,0.78183148,0.6234898,0.35612986,1.72097792,0.41488101,2.91872797,0.5611953,3.06953717,1.50718247,0.36965459,0.37263784,0.60190543,0.37495789,0,low
2035-01-02T22:00:00Z,0.33196943,107.0,830.9265959,1717.36619382,1.0,88.0,184.0,0.0,0.0,-0.5,0.8660254,0.78183148,0.6234898,0.34727745,1.75136696,0.39941238,2.20419919,0.54272218,2.91213838,1.36256593,0.32560559,0.36737906,0.517593,0.31360002,0,low
2035-01-02T22:15:00Z,0.35124196,105.0,817.39835308,1678.53718913,1.0,89.0,185.0,0.0,0.0,-0.44228869,0.89687274,0.78183148,0.6234898,0.34461789,2.13014312,0.38766521,2.14816855,0.52587588,2.90985323,1.2113474,0.33196943,0.36188021,0.49220803,0.33628949,0,low
2035-01-02T22:30:00Z,0.35684282,105.0,844.83459983,1717.8420546,1.0,90.0,186.0,0.0,0.0,-0.38268343,0.92387953,0.78183148,0.6234898,0.34141495,2.07037139,0.37755992,2.07024339,0.50849421,2.85096173,1.2113474,0.35124196,0.36965459,0.47810624,0.30441904,0,low
2035-01-02T22:45:00Z,0.32313849,105.0,786.1203502,1659.10760074,1.0,91.0,187.0,0.0,0.0,-0.32143947,0.94693013,0.78183148,0.6234898,0.34079818,1.78589323,0.36623866,2.20400149,0.48955617,2.98871805,0.92686924,0.35684282,0.32560559,0.4589937,0.31359012,0,low
2035-01-02T23:00:00Z,0.3673432,106.0,797.53530908,1695.25608348,1.0,92.0,188.0,0.0,0.0,-0.25881905,0.96592583,0.78183148,0.6234898,0.34964162,2.82651733,0.35855215,2.60382569,0.47426275,2.99301917,0.92686924,0.32313849,0.33196943,0.45958123,0.32575522,0,low
2035-01-02T23:15:00Z,0.32148469,107.0,787.96315532,1613.18537862,1.0,93.0,189.0,0.0,0.0,-0.19509032,0.98078528,0.78183148,0.6234898,0.3422023,3.55763178,0.35076035,2.61540886,0.45596545,3.08296209,2.18797837,0.3673432,0.35124196,0.41498633,0.30687442,0,low
2035-01-02T23:30:00Z,0.3496249,105.0,798.84151297,1726.22679135,1.0,94.0,190.0,0.0,0.0,-0.13052619,0.99144486,0.78183148,0.6234898,0.34039782,4.17746373,0.34990023,2.36882742,0.44154541,2.91441662,2.18797837,0.32148469,0.35684282,0.35994633,0.30380031,0,low
2035-01-02T23:45:00Z,0.31482158,106.0,825.83987327,1638.65770502,1.0,95.0,191.0,0.0,0.0,-0.06540313,0.99785892,0.78183148,0.6234898,0.33831859,4.20768573,0.34508221,2.57151896,0.42483104,2.98107254,2.21820037,0.3496249,0.32313849,0.37263784,0.36921165,0,low
2035-01-03T00:00:00Z,0.32228502,107.0,824.08105208,1725.70845661,2.0,0.0,192.0,0.0,0.0,0.0,1.0,0.97492791,-0.22252093,0.32705405,3.19730066,0.34132437,2.59172832,0.41010231,2.83106883,2.21820037,0.31482158,0.3673432,0.36737906,0.32967869,0,low
2035-01-03T00:15:00Z,0.37828172,106.0,808.40687965,1620.85169051,2.0,1.0,193.0,0.0,0.0,0.06540313,0.99785892,0.97492791,-0.22252093,0.34125331,3.47610093,0.34269117,3.05462527,0.40027072,2.80568524,0.95709124,0.32228502,0.32148469,0.36188021,0.35173843,0,low
2035-01-03T00:30:00Z,0.32166131,107.0,776.99332064,1642.90253954,2.0,2.0,194.0,0.0,0.0,0.13052619,0.99144486,0.97492791,-0.22252093,0.33426241,4.25930662,0.33869173,3.50238058,0.38829886,3.04111542,2.51415262,0.37828172,0.3496249,0.36965459,0.37751241,0,low
2035-01-03T00:45:00Z,0.34613699,105.0,818.31865045,1682.2296379,2.0,3.0,195.0,0.0,0.0,0.19509032,0.98078528,0.97492791,-0.22252093,0.34209126,3.97529667,0.34040268,3.32295854,0.37764184,3.12084326,1.55706138,0.32166131,0.31482158,0.32560559,0.37368514,0,low
2035-01-03T01:00:00Z,0.35727096,107.0,829.94013073,1677.0963346,2.0,4.0,196.0,0.0,0.0,0.25881905,0.96592583,0.97492791,-0.22252093,0.35083775,4.07623603,0.34251114,3.36668467,0.37096176,2.78544193,1.55706138,0.34613699,0.32228502,0.33196943,0.357715,0,low
2035-01-03T01:15:00Z,0.35520656,106.0,826.43956764,1695.20302508,2.0,5.0,197.0,0.0,0.0,0.32143947,0.94693013,0.97492791,-0.22252093,0.34506896,2.59309761,0.34284152,3.20894344,0.36525336,2.67855599,1.61383235,0.35727096,0.37828172,0.35124196,0.38113171,0,low
2035-01-03T01:30:00Z,0.38166702,107.0,803.53872153,1700.35954482,2.0,6.0,198.0,0.0,0.0,0.38268343,0.92387953,0.97492791,-0.22252093,0.36007038,1.76369888,0.3449102,3.40015641,0.36123506,2.7351999,0.05677098,0.35520656,0.32166131,0.35684282,0.34170949,0,low
2035-01-03T01:45:00Z,0.40010578,106.0,828.40497774,1660.99882988,2.0,7.0,199.0,0.0,0.0,0.44228869,0.89687274,0.97492791,-0.22252093,0.37356258,1.59768366,0.35132414,3.26022202,0.3587814,2.73211176,0.05677098,0.38166702,0.34613699,0.32313849,0.40450379,0,low
2035-01-03T02:00:00Z,0.40735363,105.0,837.8886047,1750.37333137,2.0,8.0,200.0,0.0,0.0,0.5,0.8660254,0.97492791,-0.22252093,0.38608325,1.49081558,0.35465835,2.92145076,0.35660525,2.76263823,0.05677098,0.40010578,0.35727096,0.3673432,0.35877107,0,low
2035-01-03T02:15:00Z,0.38990525,106.0,829.18871949,1680.72602287,2.0,9.0,201.0,0.0,0.0,0.55557023,0.83146961,0.97492791,-0.22252093,0.39475792,1.91387529,0.36036006,2.66102461,0.35556021,2.63821674,0.47983069,0.40735363,0.35520656,0.32148469,0.41841103,0,low
2035-01-03T02:30:00Z,0.37509007,107.0,807.41045686,1680.72227445,2.0,10.0,202.0,0.0,0.0,0.60876143,0.79335334,0.97492791,-0.22252093,0.39311368,1.59363002,0.36248216,2.53887851,0.35619119,2.45385296,0.88724806,0.38990525,0.38166702,0.3496249,0.40938523,0,low
2035-01-03T02:45:00Z,0.42137632,106.0,783.6825511,1648.29149272,2.0,11.0,203.0,0.0,0.0,0.65934582,0.75183981,0.97492791,-0.22252093,0.39843132,2.35943597,0.37136172,2.64413876,0.35822196,2.60782886,0.88724806,0.37509007,0.40010578,0.31482158,0.40354419,0,low
2035-01-03T03:00:00Z,0.4181162,105.0,834.00860726,1764.37636129,2.0,12.0,204.0,0.0,0.0,0.70710678,0.70710678,0.97492791,-0.22252093,0.40112196,2.24977353,0.37934765,2.60560838,0.36033601,2.59866835,0.97690152,0.42137632,0.40735363,0.32228502,0.39891727,0,low
2035-01-03T03:15:00Z,0.39403036,106.0,834.9382765,1689.56484684,2.0,13.0,205.0,0.0,0.0,0.75183981,0.65934582,0.97492791,-0.22252093,0.40215324,2.43230329,0.38066004,2.31309206,0.3616756,2.68385867,1.15943128,0.4181162,0.38990525,0.37828172,0.39165847,0,low
2035-01-03T03:30:00Z,0.42480662,106.0,830.36071598,1710.17999654,2.0,14.0,206.0,0.0,0.0,0.79335334,0.60876143,0.97492791,-0.22252093,0.41458238,2.87123308,0.38925548,2.07618733,0.3639736,2.78928396,0.7520139,0.39403036,0.37509007,0.32166131,0.43464346,0,low
2035-01-03T03:45:00Z,0.43233303,106.0,832.55871053,1750.96272375,2.0,15.0,207.0,0.0,0.0,0.83146961,0.55557023,0.97492791,-0.22252093,0.41732155,1.80533715,0.39643848,1.92081892,0.36842058,2.62188873,0.7520139,0.42480662,0.42137632,0.34613699,0.45033964,0,low
2035-01-03T04:00:00Z,0.47380651,106.0,781.61595381,1680.64947657,2.0,16.0,208.0,0.0,0.0,0.8660254,0.5,0.97492791,-0.22252093,0.43124413,2.85620448,0.40614978,2.1989312,0.37433046,2.78280793,0.66236045,0.43233303,0.4181162,0.35727096,0.49375161,0,low
2035-01-03T04:15:00Z,0.51821587,106.0,795.66767663,1661.96316267,2.0,17.0,209.0,0.0,0.0,0.89687274,0.44228869,0.97492791,-0.22252093,0.46229051,3.41510155,0.41973389,2.58709338,0.3812877,2.89801841,0.0,0.47380651,0.39403036,0.35520656,0.48351732,1,medium
2035-01-03T04:30:00Z,0.5075753,105.0,833.89158642,1717.073846,2.0,18.0,210.0,0.0,0.0,0.92387953,0.38268343,0.97492791,-0.22252093,0.48298268,2.86137008,0.43022625,2.44207773,0.38756822,2.92111707,0.2926157,0.51821587,0.42480662,0.38166702,0.52877155,1,medium
2035-01-03T04:45:00Z,0.56409432,107.0,775.02266111,1674.27963471,2.0,19.0,211.0,0.0,0.0,0.94693013,0.32143947,0.97492791,-0.22252093,0.515923,4.20866707,0.44389196,2.79114673,0.39760805,3.02568437,0.2926157,0.5075753,0.43233303,0.40010578,0.52781341,1,medium
2035-01-03T05:00:00Z,0.56277912,107.0,830.78800579,1765.50931814,2.0,20.0,212.0,0.0,0.0,0.96592583,0.25881905,0.97492791,-0.22252093,0.53816615,3.10431445,0.45684408,2.73676415,0.40575121,2.82910745,0.32878386,0.56409432,0.47380651,0.40735363,0.55803121,1,medium
2035-01-03T05:15:00Z,0.62840695,106.0,799.8553672,1599.30923729,2.0,21.0,213.0,0.0,0.0,0.98078528,0.19509032,0.97492791,-0.22252093,0.56571392,3.68782222,0.47671922,3.17840902,0.41853964,2.91971681,0.32878386,0.56277912,0.51821587,0.38990525,0.58104537,1,medium
2035-01-03T05:30:00Z,0.61507594,105.0,827.88241089,1724.39032079,2.0,22.0,214.0,0.0,0.0,0.99144486,0.13052619,0.97492791,-0.22252093,0.59258908,3.76180921,0.49671805,3.16480412,0.4296001,2.85184132,0.40277085,0.62840695,0.5075753,0.37509007,0.66645272,1,medium
2035-01-03T05:45:00Z,0.71053662,107.0,759.41397819,1561.29817584,2.0,23.0,215.0,0.0,0.0,0.99785892,0.06540313,0.97492791,-0.22252093,0.62919966,4.83270488,0.52081474,3.6155697,0.44608823,3.12985423,0.40277085,0.61507594,0.56409432,0.42137632,0.70704614,2,high
2035-01-03T06:00:00Z,0.69288806,106.0,804.37625459,1715.74159494,2.0,24.0,216.0,0.0,0.0,1.0,0.0,0.97492791,-0.22252093,0.66172689,5.28187211,0.54371239,3.74746368,0.46153002,3.17653603,0.85193808,0.71053662,0.56277912,0.4181162,0.73378528,2,high
2035-01-03T06:15:00Z,0.72753385,106.0,785.51725313,1696.50402623,2.0,25.0,217.0,0.0,0.0,0.99785892,-0.06540313,0.97492791,-0.22252093,0.68650862,4.42986612,0.57150435,3.8442633,0.47608219,3.07867768,0.85193808,0.69288806,0.62840695,0.39403036,0.78082227,2,high
2035-01-03T06:30:00Z,0.78948491,107.0,790.97304062,1591.82139414,2.0,26.0,218.0,0.0,0.0,0.99144486,-0.13052619,0.97492791,-0.22252093,0.73011086,5.76691754,0.60189421,4.13003228,0.49557484,3.1031098,0.48533539,0.72753385,0.61507594,0.42480662,0.80310102,2,high
2035-01-03T06:45:00Z,0.80393026,107.0,814.5609544,1726.58329686,2.0,27.0,219.0,0.0,0.0,0.98078528,-0.19509032,0.97492791,-0.22252093,0.75345927,3.53899573,0.63286064,4.19345589,0.51464956,3.05713741,0.48533539,0.78948491,0.71053662,0.43233303,0.81950953,2,high
2035-01-03T07:00:00Z,0.82343062,106.0,806.63806418,1720.9436926,2.0,28.0,220.0,0.0,0.0,0.96592583,-0.25881905,0.97492791,-0.22252093,0.78609491,3.58992028,0.66199599,3.99203561,0.53407288,3.0954834,0.0,0.80393026,0.69288806,0.47380651,0.85216496,2,high
2035-01-03T07:15:00Z,0.82478767,105.0,825.44978776,1688.86261126,2.0,29.0,221.0,0.0,0.0,0.94693013,-0.32143947,0.97492791,-0.22252093,0.81040836,2.67447983,0.68754363,3.59738939,0.55363876,3.09224138,0.0,0.82343062,0.72753385,0.51821587,0.83568882,2,high
2035-01-03T07:30:00Z,0.90472644,105.0,785.16434825,1627.82094041,2.0,30.0,222.0,0.0,0.0,0.92387953,-0.38268343,0.97492791,-0.22252093,0.83921875,3.16914209,0.72063956,4.23262295,0.5754329,3.33735034,0.0,0.82478767,0.78948491,0.5075753,0.83995567,2,high
2035-01-03T07:45:00Z,0.89933749,107.0,817.15197761,1692.49417128,2.0,31.0,223.0,0.0,0.0,0.89687274,-0.44228869,0.97492791,-0.22252093,0.86307055,2.92009136,0.74857649,3.76393066,0.59623423,3.27753869,0.14819619,0.90472644,0.80393026,0.56409432,0.85960266,1,medium
2035-01-03T08:00:00Z,0.89271167,106.0,805.78741233,1733.53592876,2.0,32.0,224.0,0.0,0.0,0.8660254,-0.5,0.97492791,-0.22252093,0.88039082,2.56604159,0.77607087,3.81261133,0.61645748,3.27468774,0.33040636,0.89933749,0.82343062,0.56277912,0.85239293,2,high
2035-01-03T08:15:00Z,0.87039525,106.0,803.26449151,1726.04306643,2.0,33.0,225.0,0.0,0.0,0.83146961,-0.55557023,0.97492791,-0.22252093,0.89179271,3.14242422,0.79623656,3.41559006,0.63647789,3.29699954,0.94410785,0.89271167,0.82478767,0.62840695,0.84982044,1,medium
2035-01-03T08:30:00Z,0.87712368,107.0,812.31814012,1680.93602469,2.0,34.0,226.0,0.0,0.0,0.79335334,-0.60876143,0.97492791,-0.22252093,0.88489202,1.12913976,0.81807388,3.35506646,0.65739596,3.25993529,0.94410785,0.87039525,0.90472644,0.61507594,0.83123868,1,medium
2035-01-03T08:45:00Z,0.7930646,105.0,791.600497,1586.06130627,2.0,35.0,227.0,0.0,0.0,0.75183981,-0.65934582,0.97492791,-0.22252093,0.8583238,3.29256839,0.82495121,3.25055182,0.67288297,3.43306076,3.10753648,0.87712368,0.89933749,0.71053662,0.78813203,1,medium
2035-01-03T09:00:00Z,0.81191945,107.0,821.88562117,1672.35022478,2.0,36.0,228.0,0.0,0.0,0.70710678,-0.70710678,0.97492791,-0.22252093,0.83812574,3.62886656,0.83487049,3.26160948,0.68929144,3.50453658,2.92532631,0.7930646,0.89271167,0.69288806,0.8231014,1,medium
2035-01-03T09:15:00Z,0.77428537,107.0,816.79635913,1697.52384396,2.0,37.0,229.0,0.0,0.0,0.65934582,-0.75183981,0.97492791,-0.22252093,0.81409827,4.05010226,0.83876645,3.2890021,0.7051354,3.5666327,3.34656201,0.81191945,0.87039525,0.72753385,0.77213111,1,medium
2035-01-03T09:30:00Z,0.75131733,106.0,822.45795522,1725.14836841,2.0,38.0,230.0,0.0,0.0,0.60876143,-0.79335334,0.97492791,-0.22252093,0.78264669,4.49669124,0.83558582,2.9316577,0.71874001,3.53084499,3.9781829,0.77428537,0.87712368,0.78948491,0.75519494,1,medium
2035-01-03T09:45:00Z,0.67870627,106.0,776.97469428,1617.10154082,2.0,39.0,231.0,0.0,0.0,0.55557023,-0.83146961,0.97492791,-0.22252093,0.7540571,4.18187083,0.82515049,3.46484352,0.72900556,3.82914971,3.66336249,0.75131733,0.7930646,0.80393026,0.72597096,0,low
2035-01-03T10:00:00Z,0.68368578,106.0,829.46136357,1726.13807983,2.0,40.0,232.0,0.0,0.0,0.5,-0.8660254,0.97492791,-0.22252093,0.72199869,3.80029914,0.81350508,3.33173576,0.73775053,3.66188569,3.66336249,0.67870627,0.81191945,0.82343062,0.63977972,0,low
2035-01-03T10:15:00Z,0.6373361,107.0,804.59342932,1647.03004515,2.0,41.0,233.0,0.0,0.0,0.44228869,-0.89687274,0.97492791,-0.22252093,0.68776137,4.03997815,0.79788412,3.74416821,0.74271388,3.6707788,3.90304149,0.68368578,0.77428537,0.82478767,0.60486819,0,low
2035-01-03T10:30:00Z,0.60938572,106.0,826.37215704,1724.74785561,2.0,42.0,234.0,0.0,0.0,0.38268343,-0.92387953,0.97492791,-0.22252093,0.65227847,4.17699264,0.77327239,3.26760788,0.74695598,3.75011541,4.04005598,0.6373361,0.75131733,0.90472644,0.58192604,0,low
2035-01-03T10:45:00Z,0.59898264,107.0,843.05964911,1705.41540107,2.0,43.0,235.0,0.0,0.0,0.32143947,-0.94693013,0.97492791,-0.22252093,0.63234756,2.466273,0.74824282,3.31357074,0.74840966,3.5387507,2.32933634,0.60938572,0.67870627,0.89933749,0.58307187,0,low
2035-01-03T11:00:00Z,0.55793966,107.0,811.77995453,1656.90502003,2.0,44.0,236.0,0.0,0.0,0.25881905,-0.96592583,0.97492791,-0.22252093,0.60091103,3.45801836,0.72034515,3.62906136,0.74820801,3.72083634,3.45801836,0.59898264,0.68368578,0.89271167,0.55169665,0,low
2035-01-03T11:15:00Z,0.5463144,106.0,829.3759826,1710.28450838,2.0,45.0,237.0,0.0,0.0,0.19509032,-0.98078528,0.97492791,-0.22252093,0.57815561,2.50309675,0.69333842,3.53105905,0.74478749,3.47332455,2.50309675,0.55793966,0.6373361,0.87039525,0.55010243,0,low
2035-01-03T11:30:00Z,0.50426847,107.0,817.56813268,1681.98558322,2.0,46.0,238.0,0.0,0.0,0.13052619,-0.99144486,0.97492791,-0.22252093,0.55187629,2.89072455,0.66226715,3.85480281,0.74017051,3.60493463,2.89072455,0.5463144,0.60938572,0.87712368,0.5351142,0,low
2035-01-03T11:45:00Z,0.53151128,107.0,807.70311002,1661.38017864,2.0,47.0,239.0,0.0,0.0,0.06540313,-0.99785892,0.97492791,-0.22252093,0.53500845,3.35381707,0.64047104,3.33398697,0.73271112,3.2922694,2.60463977,0.50426847,0.59898264,0.7930646,0.49556458,0,low
2035-01-03T12:00:00Z,0.53267362,106.0,823.55033968,1686.89869874,2.0,48.0,240.0,0.0,0.0,0.0,-1.0,0.97492791,-0.22252093,0.52869194,2.25709935,0.61720055,3.17180562,0.72603552,3.21670755,1.47595775,0.53151128,0.55793966,0.81191945,0.51293174,0,low
2035-01-03T12:15:00Z,0.51336988,106.0,814.72256573,1666.99895118,2.0,49.0,241.0,0.0,0.0,-0.06540313,-0.99785892,0.97492791,-0.22252093,0.52045581,2.46825737,0.5954576,3.00377742,0.71711202,3.14638976,1.68711577,0.53267362,0.5463144,0.77428537,0.53690509,0,low
2035-01-03T12:30:00Z,0.52274955,106.0,832.02943845,1729.84446826,2.0,50.0,242.0,0.0,0.0,-0.13052619,-0.99144486,0.97492791,-0.22252093,0.52507608,1.56993499,0.57641028,2.87921739,0.70599805,2.90543754,0.53085259,0.51336988,0.50426847,0.75131733,0.5467598,0,low
2035-01-03T12:45:00Z,0.5317443,106.0,839.27927621,1733.63668242,2.0,51.0,243.0,0.0,0.0,-0.19509032,-0.98078528,0.97492791,-0.22252093,0.52513434,1.06811327,0.56416345,2.29606778,0.69465697,2.88045565,0.53085259,0.52274955,0.53151128,0.67870627,0.5307172,0,low
2035-01-03T13:00:00Z,0.52651187,106.0,813.02499605,1744.91403215,2.0,52.0,244.0,0.0,0.0,-0.25881905,-0.96592583,0.97492791,-0.22252093,0.5235939,1.18004084,0.55106562,2.29838618,0.68228535,2.81506097,0.67474446,0.5317443,0.53267362,0.68368578,0.51565704,1,medium
2035-01-03T13:15:00Z,0.55772856,106.0,826.64785215,1703.58099256,2.0,53.0,245.0,0.0,0.0,-0.32143947,-0.94693013,0.97492791,-0.22252093,0.53468357,1.50764723,0.54443166,2.15966711,0.67115789,2.95191766,0.14389187,0.52651187,0.51336988,0.6373361,0.58068193,1,medium
2035-01-03T13:30:00Z,0.55286058,106.0,834.92741208,1745.95021498,2.0,54.0,246.0,0.0,0.0,-0.38268343,-0.92387953,0.97492791,-0.22252093,0.54221133,1.38357568,0.53972123,1.94807841,0.65649681,2.60784314,0.27776112,0.55772856,0.52274955,0.60938572,0.56621769,1,medium
2035-01-03T13:45:00Z,0.5995844,105.0,795.3262771,1653.04197379,2.0,55.0,247.0,0.0,0.0,-0.44228869,-0.89687274,0.97492791,-0.22252093,0.55917135,2.42112502,0.53977138,2.28101845,0.6440071,2.7972946,0.27776112,0.55286058,0.5317443,0.59898264,0.57652958,1,medium
2035-01-03T14:00:00Z,0.63647958,105.0,808.60051096,1649.84938215,2.0,56.0,248.0,0.0,0.0,-0.5,-0.8660254,0.97492791,-0.22252093,0.58666328,3.29185063,0.54631637,2.24299694,0.63333076,2.93602915,0.13386925,0.5995844,0.52651187,0.55793966,0.63730605,1,medium
2035-01-03T14:15:00Z,0.66015319,107.0,800.09972768,1702.53098083,2.0,57.0,249.0,0.0,0.0,-0.55557023,-0.83146961,0.97492791,-0.22252093,0.61226944,3.0844159,0.55580294,2.35344017,0.62457068,2.94224961,0.13386925,0.63647958,0.55772856,0.5463144,0.63077254,1,medium
2035-01-03T14:30:00Z,0.68716073,107.0,827.72883451,1707.37734164,2.0,58.0,250.0,0.0,0.0,-0.60876143,-0.79335334,0.97492791,-0.22252093,0.64584448,3.69325407,0.57104396,2.21558825,0.61665555,3.03519553,0.0,0.66015319,0.55286058,0.50426847,0.67481899,1,medium
2035-01-03T14:45:00Z,0.65643581,107.0,814.62388003,1710.56934755,2.0,59.0,251.0,0.0,0.0,-0.65934582,-0.75183981,0.97492791,-0.22252093,0.66005733,3.25328447,0.58145434,2.24750759,0.61096269,2.79074728,0.84493532,0.68716073,0.5995844,0.53151128,0.68554041,1,medium
2035-01-03T15:00:00Z,0.73589568,106.0,752.93930494,1635.31483487,2.0,60.0,252.0,0.0,0.0,-0.70710678,-0.70710678,0.97492791,-0.22252093,0.68491135,4.4238133,0.59838951,2.96523492,0.60779503,3.06852027,0.84493532,0.65643581,0.63647958,0.53267362,0.72938708,1,medium
2035-01-03T15:15:00Z,0.74911225,107.0,837.22770669,1677.97132068,2.0,61.0,253.0,0.0,0.0,-0.75183981,-0.65934582,0.97492791,-0.22252093,0.70715112,4.13624489,0.61803471,2.90943601,0.60674615,2.95660671,0.84493532,0.73589568,0.66015319,0.51336988,0.71625165,1,medium
2035-01-03T15:30:00Z,0.74948088,107.0,851.24289456,1739.07488359,2.0,62.0,254.0,0.0,0.0,-0.79335334,-0.60876143,0.97492791,-0.22252093,0.72273116,3.40367456,0.63692899,2.82683477,0.60666963,2.85302608,0.84493532,0.74911225,0.68716073,0.52274955,0.71253559,1,medium
2035-01-03T15:45:00Z,0.7671445,107.0,797.64678518,1680.80657962,2.0,63.0,255.0,0.0,0.0,-0.83146961,-0.55557023,0.97492791,-0.22252093,0.75040833,3.04448885,0.65654567,2.90629944,0.61035456,2.60118361,0.0,0.74948088,0.65643581,0.5317443,0.73461887,1,medium
2035-01-03T16:00:00Z,0.79001596,106.0,832.11260137,1671.60443473,2.0,64.0,256.0,0.0,0.0,-0.8660254,-0.5,0.97492791,-0.22252093,0.7639384,1.48830771,0.67850434,3.06799054,0.61478498,2.68318836,0.0,0.7671445,0.73589568,0.52651187,0.77532426,1,medium
2035-01-03T16:15:00Z,0.77513291,105.0,824.45431638,1703.12552256,2.0,65.0,257.0,0.0,0.0,-0.89687274,-0.44228869,0.97492791,-0.22252093,0.77044356,1.53413563,0.69662137,2.91826548,0.62052652,2.5389663,0.40928378,0.79001596,0.74911225,0.55772856,0.75555315,1,medium
2035-01-03T16:30:00Z,0.77833124,105.0,842.02643552,1762.10125154,2.0,66.0,258.0,0.0,0.0,-0.92387953,-0.38268343,0.97492791,-0.22252093,0.77765615,1.6119527,0.71541059,2.90296044,0.62756591,2.42551942,0.40928378,0.77513291,0.74948088,0.55286058,0.77400307,1,medium
2035-01-03T16:45:00Z,0.74306573,107.0,823.33665989,1642.8984835,2.0,67.0,259.0,0.0,0.0,-0.94693013,-0.32143947,0.97492791,-0.22252093,0.77163646,2.09600477,0.72736737,2.79792603,0.63356938,2.53947224,1.37908546,0.77833124,0.7671445,0.5995844,0.77765148,1,medium
2035-01-03T17:00:00Z,0.76235985,107.0,840.62340952,1702.42425302,2.0,68.0,260.0,0.0,0.0,-0.96592583,-0.25881905,0.97492791,-0.22252093,0.76472243,1.99762797,0.73785739,2.63658299,0.64208688,2.43978997,1.37908546,0.74306573,0.79001596,0.63647958,0.73438519,1,medium
2035-01-03T17:15:00Z,0.76809913,106.0,843.08503603,1694.229202,2.0,69.0,261.0,0.0,0.0,-0.98078528,-0.19509032,0.97492791,-0.22252093,0.76296399,1.74617439,0.74685289,2.47218497,0.65132791,2.41281257,0.96980168,0.76235985,0.77513291,0.66015319,0.7606198,1,medium
2035-01-03T17:30:00Z,0.75268016,106.0,835.73923204,1687.38749658,2.0,70.0,262.0,0.0,0.0,-0.99144486,-0.13052619,0.97492791,-0.22252093,0.75655122,2.08224206,0.75231284,2.36595644,0.6616784,2.29077234,1.39382349,0.76809913,0.77833124,0.68716073,0.69570603,0,low
2035-01-03T17:45:00Z,0.70122802,106.0,805.52083907,1619.41058597,2.0,71.0,263.0,0.0,0.0,-0.99785892,-0.06540313,0.97492791,-0.22252093,0.74609179,2.52737425,0.75604553,2.55595595,0.66874993,2.40173177,1.83895567,0.75268016,0.74306573,0.65643581,0.71596624,0,low
2035-01-03T18:00:00Z,0.67647932,106.0,811.62437928,1653.18555655,2.0,72.0,264.0,0.0,0.0,-1.0,-0.0,0.97492791,-0.22252093,0.72462166,2.67737491,0.75109416,2.05443686,0.67474184,2.50983589,2.51954471,0.70122802,0.76235985,0.73589568,0.67577472,0,low
2035-01-03T18:15:00Z,0.6362119,107.0,786.17374449,1696.96030587,2.0,73.0,265.0,0.0,0.0,-0.99785892,0.06540313,0.97492791,-0.22252093,0.69164985,3.6268988,0.7416858,2.30240294,0.67986025,2.60591948,3.6268988,0.67647932,0.76809913,0.74911225,0.61423978,0,low
2035-01-03T18:30:00Z,0.5700939,107.0,774.93543972,1612.33885924,2.0,74.0,266.0,0.0,0.0,-0.99144486,0.13052619,0.97492791,-0.22252093,0.64600329,5.02112201,0.72673689,2.90510559,0.68183294,2.86597018,5.02112201,0.6362119,0.75268016,0.74948088,0.60898595,0,low
2035-01-03T18:45:00Z,0.57323119,106.0,827.64847523,1700.95779063,2.0,75.0,267.0,0.0,0.0,-0.98078528,0.19509032,0.97492791,-0.22252093,0.61400408,3.69246366,0.71057744,2.77194756,0.68356156,2.8391235,3.60618815,0.5700939,0.70122802,0.7671445,0.60190543,0,low
2035-01-03T19:00:00Z,0.51997171,106.0,788.48082422,1620.40566451,2.0,76.0,268.0,0.0,0.0,-0.96592583,0.25881905,0.97492791,-0.22252093,0.57487718,4.47651031,0.68807376,3.0505044,0.68328905,3.05924747,4.39023481,0.57323119,0.67647932,0.79001596,0.517593,0,low
2035-01-03T19:15:00Z,0.4905764,106.0,811.2003821,1696.59886878,2.0,77.0,269.0,0.0,0.0,-0.94693013,0.32143947,0.97492791,-0.22252093,0.5384683,4.17752745,0.66436071,3.18353355,0.68049104,3.05089951,4.09125194,0.51997171,0.6362119,0.77513291,0.49220803,0,low
2035-01-03T19:30:00Z,0.48028796,106.0,805.02200113,1701.30069204,2.0,78.0,270.0,0.0,0.0,-0.92387953,0.38268343,0.97492791,-0.22252093,0.51601681,2.64221447,0.63952377,3.24852618,0.67746718,3.07574331,2.55593896,0.4905764,0.5700939,0.77833124,0.47810624,0,low
2035-01-03T19:45:00Z,0.43601661,106.0,806.97581656,1665.06015658,2.0,79.0,271.0,0.0,0.0,-0.89687274,0.44228869,0.97492791,-0.22252093,0.48171317,3.77340115,0.61393635,3.33107969,0.67065186,3.06450286,3.77340115,0.48028796,0.57323119,0.74306573,0.4589937,0,low
2035-01-03T20:00:00Z,0.45877036,107.0,817.1151015,1648.43638751,2.0,80.0,272.0,0.0,0.0,-0.8660254,0.5,0.97492791,-0.22252093,0.46641283,2.93449371,0.58863722,3.36279298,0.66324731,2.99968799,2.30876546,0.43601661,0.51997171,0.76235985,0.45958123,0,low
2035-01-03T20:15:00Z,0.41357197,107.0,812.78204718,1700.0736003,2.0,81.0,273.0,0.0,0.0,-0.83146961,0.55557023,0.97492791,-0.22252093,0.44716172,3.36907817,0.55909329,3.72450147,0.65297309,3.09834322,2.74334992,0.45877036,0.4905764,0.76809913,0.41498633,0,low
2035-01-03T20:30:00Z,0.40494356,105.0,807.75519965,1730.29354324,2.0,82.0,274.0,0.0,0.0,-0.79335334,0.60876143,0.97492791,-0.22252093,0.42832562,3.32342754,0.53011524,3.66225468,0.64121404,3.01410556,2.6976993,0.41357197,0.48028796,0.75268016,0.35994633,0,low
2035-01-03T20:45:00Z,0.38354774,105.0,823.72152017,1709.41038599,2.0,83.0,275.0,0.0,0.0,-0.75183981,0.65934582,0.97492791,-0.22252093,0.41520841,2.6943503,0.50364188,3.38673837,0.6298437,2.97134716,2.06862205,0.40494356,0.43601661,0.70122802,0.37263784,0,low
2035-01-03T21:00:00Z,0.33301879,106.0,812.22394116,1679.40965979,2.0,84.0,276.0,0.0,0.0,-0.70710678,0.70710678,0.97492791,-0.22252093,0.38377051,3.45816823,0.47502017,3.62305742,0.61305717,2.83874714,3.45816823,0.38354774,0.45877036,0.67647932,0.36737906,0,low
2035-01-03T21:15:00Z,0.35660774,106.0,837.54017461,1715.15617824,2.0,85.0,277.0,0.0,0.0,-0.65934582,0.75183981,0.97492791,-0.22252093,0.36952946,2.86390885,0.45171983,3.47017149,0.59670281,2.88628722,2.21521254,0.33301879,0.41357197,0.6362119,0.36188021,0,low
2035-01-03T21:30:00Z,0.35673902,106.0,822.33462444,1736.4918502,2.0,86.0,278.0,0.0,0.0,-0.60876143,0.79335334,0.97492791,-0.22252093,0.35747832,2.63023745,0.43394025,2.86529316,0.58033857,2.88519937,1.97793113,0.35660774,0.40494356,0.5700939,0.36965459,0,low
2035-01-03T21:45:00Z,0.37089287,106.0,837.84541791,1704.97691647,2.0,87.0,279.0,0.0,0.0,-0.55557023,0.83146961,0.97492791,-0.22252093,0.3543146,2.43108333,0.41707873,2.96627826,0.56382808,2.86911291,1.38954618,0.35673902,0.38354774,0.57323119,0.32560559,0,low
2035-01-03T22:00:00Z,0.34573161,105.0,805.88539655,1686.00365748,2.0,88.0,280.0,0.0,0.0,-0.5,0.8660254,0.97492791,-0.22252093,0.35749281,1.73347175,0.40255872,2.70871123,0.54531624,2.87960782,0.6919346,0.37089287,0.33301879,0.51997171,0.33196943,0,low
2035-01-03T22:15:00Z,0.30588676,106.0,820.28706384,1638.68307828,2.0,89.0,281.0,0.0,0.0,-0.44228869,0.89687274,0.97492791,-0.22252093,0.34481256,2.18050872,0.38716791,2.80449858,0.52576431,2.99401606,1.78766787,0.34573161,0.35660774,0.4905764,0.35124196,0,low
2035-01-03T22:30:00Z,0.34519787,106.0,814.64082031,1701.40118149,2.0,90.0,282.0,0.0,0.0,-0.38268343,0.92387953,0.97492791,-0.22252093,0.34192728,3.25795421,0.37591041,3.07053973,0.50771709,3.15953296,1.78766787,0.30588676,0.35673902,0.48028796,0.35684282,0,low
2035-01-03T22:45:00Z,0.35929003,107.0,817.01586781,1740.71471054,2.0,91.0,283.0,0.0,0.0,-0.32143947,0.94693013,0.97492791,-0.22252093,0.33902657,3.2562578,0.36951653,2.79389715,0.49172644,3.06248842,1.78766787,0.34519787,0.37089287,0.43601661,0.32313849,0,low
2035-01-03T23:00:00Z,0.30107358,107.0,786.72926745,1613.79606046,2.0,92.0,284.0,0.0,0.0,-0.25881905,0.96592583,0.97492791,-0.22252093,0.32786206,4.16527565,0.35637513,3.11897188,0.47250617,3.24088243,2.69668572,0.35929003,0.34573161,0.45877036,0.3673432,0,low
2035-01-03T23:15:00Z,0.30296384,107.0,828.34101746,1692.81692008,2.0,93.0,285.0,0.0,0.0,-0.19509032,0.98078528,0.97492791,-0.22252093,0.32713133,3.12152467,0.34715778,2.72198074,0.45312554,3.22324111,1.60095245,0.30107358,0.30588676,0.41357197,0.32148469,0,low
2035-01-03T23:30:00Z,0.32417382,107.0,797.53045614,1676.59459438,2.0,94.0,286.0,0.0,0.0,-0.13052619,0.99144486,0.97492791,-0.22252093,0.32187532,2.62374338,0.34042697,2.83731168,0.43527111,3.24978318,1.60095245,0.30296384,0.34519787,0.40494356,0.3496249,0,low
2035-01-03T23:45:00Z,0.36635642,107.0,810.40873552,1627.29422118,2.0,95.0,287.0,0.0,0.0,-0.06540313,0.99785892,0.97492791,-0.22252093,0.32364191,3.39623044,0.33899436,3.02785719,0.42131812,3.20729778,1.60095245,0.32417382,0.35929003,0.38354774,0.31482158,0,low
2035-01-04T00:00:00Z,0.36554839,107.0,849.84377601,1685.091813,3.0,0.0,288.0,0.0,0.0,0.0,1.0,0.43388374,-0.90096887,0.33976062,1.81749867,0.34170516,2.57208202,0.40836267,3.09756972,0.02222068,0.36635642,0.30107358,0.33301879,0.32228502,0,low
2035-01-04T00:15:00Z,0.3757061,106.0,831.1833747,1691.76888916,3.0,1.0,289.0,0.0,0.0,0.06540313,0.99785892,0.43388374,-0.90096887,0.35794618,2.04485353,0.34329669,2.4489623,0.39750826,2.9595669,0.02222068,0.36554839,0.30296384,0.35660774,0.37828172,0,low
2035-01-04T00:30:00Z,0.31652882,105.0,806.10234681,1672.65624877,3.0,2.0,290.0,0.0,0.0,0.13052619,0.99144486,0.43388374,-0.90096887,0.35603493,3.08895475,0.33994584,2.99021744,0.38694305,2.9277553,1.64959612,0.3757061,0.32417382,0.35673902,0.32166131,0,low
2035-01-04T00:45:00Z,0.32009156,106.0,817.02030901,1750.8070606,3.0,3.0,291.0,0.0,0.0,0.19509032,0.98078528,0.43388374,-0.90096887,0.34446872,2.02690866,0.3357124,2.8931323,0.37639556,2.92970528,1.64959612,0.31652882,0.36635642,0.37089287,0.34613699,0,low
2035-01-04T01:00:00Z,0.35982035,106.0,820.23143845,1675.65865097,3.0,4.0,292.0,0.0,0.0,0.25881905,0.96592583,0.43388374,-0.90096887,0.34303671,3.09722988,0.33688646,3.02666807,0.36972259,2.86768965,1.62737544,0.32009156,0.36554839,0.34573161,0.35727096,0,low
2035-01-04T01:15:00Z,0.36862619,107.0,822.9741705,1729.11743096,3.0,5.0,293.0,0.0,0.0,0.32143947,0.94693013,0.43388374,-0.90096887,0.34126673,3.06005323,0.34211475,2.74214381,0.36464133,2.77332119,1.62737544,0.35982035,0.3757061,0.30588676,0.35520656,0,low
2035-01-04T01:30:00Z,0.3463165,107.0,795.92357834,1675.05448886,3.0,6.0,294.0,0.0,0.0,0.38268343,0.92387953,0.43388374,-0.90096887,0.34871365,2.04619425,0.34220797,2.58629746,0.35905919,2.8284186,0.61351646,0.36862619,0.31652882,0.34519787,0.38166702,0,low
2035-01-04T01:45:00Z,0.36936623,105.0,801.50752525,1721.09034312,3.0,7.0,295.0,0.0,0.0,0.44228869,0.89687274,0.43388374,-0.90096887,0.36103232,2.58208642,0.34304765,2.66840851,0.35628209,2.73115283,0.61351646,0.3463165,0.32009156,0.35929003,0.40010578,0,low
2035-01-04T02:00:00Z,0.411834,106.0,799.7736385,1638.15310214,3.0,8.0,296.0,0.0,0.0,0.5,0.8660254,0.43388374,-0.90096887,0.37403573,2.65740816,0.35227768,2.52404557,0.35432641,2.82150872,0.61351646,0.36936623,0.35982035,0.30107358,0.40735363,0,low
2035-01-04T02:15:00Z,0.35366582,106.0,808.68635411,1657.57169644,3.0,9.0,297.0,0.0,0.0,0.55557023,0.83146961,0.43388374,-0.90096887,0.37029564,4.01487269,0.35650285,3.03992648,0.35183032,2.88095361,2.21314149,0.411834,0.36862619,0.30296384,0.38990525,0,low
2035-01-04T02:30:00Z,0.36522499,105.0,814.80031321,1720.74778817,3.0,10.0,298.0,0.0,0.0,0.60876143,0.79335334,0.43388374,-0.90096887,0.37502276,3.71923337,0.35992378,2.95146079,0.35017538,2.89438624,1.59962503,0.35366582,0.3463165,0.32417382,0.37509007,0,low
2035-01-04T02:45:00Z,0.37686915,106.0,807.67097635,1714.48982685,3.0,11.0,299.0,0.0,0.0,0.65934582,0.75183981,0.43388374,-0.90096887,0.37689849,3.40558039,0.36079984,2.67152515,0.3498971,2.84969117,1.59962503,0.36522499,0.36936623,0.36635642,0.42137632,0,low
2035-01-04T03:00:00Z,0.39529151,107.0,837.83592412,1696.41119281,3.0,12.0,300.0,0.0,0.0,0.70710678,0.70710678,0.43388374,-0.90096887,0.37276287,2.74433173,0.36327844,2.83298992,0.3524918,2.70253597,1.59962503,0.37686915,0.411834,0.36554839,0.4181162,0,low
2035-01-04T03:15:00Z,0.41143255,106.0,830.41229119,1722.28274762,3.0,13.0,301.0,0.0,0.0,0.75183981,0.65934582,0.43388374,-0.90096887,0.38720455,1.58858521,0.36625564,2.88783704,0.35477617,2.66839967,0.0,0.39529151,0.35366582,0.3757061,0.39403036,0,low
2035-01-04T03:30:00Z,0.44539368,106.0,787.68936391,1688.80077441,3.0,14.0,302.0,0.0,0.0,0.79335334,0.60876143,0.43388374,-0.90096887,0.40724672,2.20463908,0.37699438,2.6566889,0.35847011,2.82345317,0.0,0.41143255,0.36522499,0.31652882,0.42480662,0,low
2035-01-04T03:45:00Z,0.47037035,105.0,826.08677234,1665.12966081,3.0,15.0,303.0,0.0,0.0,0.83146961,0.55557023,0.43388374,-0.90096887,0.43062202,2.57128305,0.38951761,2.85298329,0.36261501,2.87305779,0.0,0.44539368,0.37686915,0.32009156,0.43233303,0,low
2035-01-04T04:00:00Z,0.48888334,107.0,817.39563696,1692.84994475,3.0,16.0,304.0,0.0,0.0,0.8660254,0.5,0.43388374,-0.90096887,0.45401998,2.57377507,0.40027286,2.65850499,0.36857966,2.84258653,0.0,0.47037035,0.39529151,0.35982035,0.47380651,0,low
2035-01-04T04:15:00Z,0.48923724,106.0,827.56939189,1752.43517889,3.0,17.0,305.0,0.0,0.0,0.89687274,0.44228869,0.43388374,-0.90096887,0.47347115,2.13962891,0.41032378,2.58102894,0.37621926,2.66158637,0.0,0.48888334,0.41143255,0.36862619,0.51821587,0,low
2035-01-04T04:30:00Z,0.54702589,106.0,808.74578377,1658.87762846,3.0,18.0,306.0,0.0,0.0,0.92387953,0.38268343,0.43388374,-0.90096887,0.49887921,2.79488586,0.42704956,2.90625277,0.38462876,2.74627512,0.0,0.48923724,0.44539368,0.3463165,0.5075753,1,medium
2035-01-04T04:45:00Z,0.56712081,106.0,836.43792619,1703.80109551,3.0,19.0,307.0,0.0,0.0,0.94693013,0.32143947,0.43388374,-0.90096887,0.52306682,2.66063758,0.44352911,2.879167,0.39328838,2.77378775,0.0,0.54702589,0.47037035,0.36936623,0.56409432,1,medium
2035-01-04T05:00:00Z,0.5725884,106.0,846.16733794,1741.27373998,3.0,20.0,308.0,0.0,0.0,0.96592583,0.25881905,0.43388374,-0.90096887,0.54399309,2.30188926,0.45692531,2.53999869,0.4046015,2.53202213,0.0,0.56712081,0.48888334,0.411834,0.56277912,1,medium
2035-01-04T05:15:00Z,0.58006484,106.0,825.40754553,1754.07318989,3.0,21.0,309.0,0.0,0.0,0.98078528,0.19509032,0.43388374,-0.90096887,0.56669998,2.49775889,0.4757919,2.07532434,0.41614737,2.55762541,0.0,0.5725884,0.48923724,0.35366582,0.62840695,1,medium
2035-01-04T05:30:00Z,0.65076186,107.0,765.34767926,1582.50800018,3.0,22.0,310.0,0.0,0.0,0.99144486,0.13052619,0.43388374,-0.90096887,0.59263398,2.85273909,0.49958664,2.61742135,0.42975521,2.78444107,0.0,0.58006484,0.54702589,0.36522499,0.61507594,1,medium
2035-01-04T05:45:00Z,0.71372556,106.0,772.16522221,1673.59209434,3.0,23.0,311.0,0.0,0.0,0.99785892,0.06540313,0.43388374,-0.90096887,0.62928516,4.03163059,0.527658,3.0878504,0.44422892,2.87968778,0.0,0.65076186,0.56712081,0.37686915,0.71053662,2,high
2035-01-04T06:00:00Z,0.74224948,105.0,811.82113638,1699.64671875,3.0,24.0,312.0,0.0,0.0,1.0,0.0,0.43388374,-0.90096887,0.67170043,4.66567967,0.55657117,3.180448,0.4599248,3.00671896,0.0,0.71372556,0.5725884,0.39529151,0.69288806,2,high
2035-01-04T06:15:00Z,0.78060267,107.0,785.00501266,1649.83272411,3.0,25.0,313.0,0.0,0.0,0.99785892,-0.06540313,0.43388374,-0.90096887,0.72183489,5.51479049,0.58733534,3.38405943,0.47679549,3.13594824,0.0,0.74224948,0.58006484,0.41143255,0.72753385,2,high
2035-01-04T06:30:00Z,0.7559105,106.0,829.833312,1715.17613438,3.0,26.0,314.0,0.0,0.0,0.99144486,-0.13052619,0.43388374,-0.90096887,0.74812205,4.24965713,0.61321174,3.29909403,0.49510306,2.97789146,0.6790348,0.78060267,0.65076186,0.44539368,0.78948491,2,high
2035-01-04T06:45:00Z,0.8330391,107.0,793.73713587,1591.38257143,3.0,27.0,315.0,0.0,0.0,0.98078528,-0.19509032,0.43388374,-0.90096887,0.77795044,4.63919199,0.64343414,3.77715339,0.51647588,3.31506834,0.6790348,0.7559105,0.71372556,0.47037035,0.80393026,2,high
2035-01-04T07:00:00Z,0.8368128,106.0,839.27470217,1710.22754321,3.0,28.0,316.0,0.0,0.0,0.96592583,-0.25881905,0.43388374,-0.90096887,0.80159127,3.95856096,0.67242826,3.6420433,0.53635056,3.15027414,0.6790348,0.8330391,0.74224948,0.48888334,0.82343062,2,high
2035-01-04T07:15:00Z,0.88710994,106.0,782.71815677,1654.95574653,3.0,29.0,317.0,0.0,0.0,0.94693013,-0.32143947,0.43388374,-0.90096887,0.82821809,4.28701959,0.70558432,4.09985632,0.55795405,3.34044263,0.6790348,0.8368128,0.78060267,0.48923724,0.82478767,2,high
2035-01-04T07:30:00Z,0.86378247,105.0,825.99089947,1686.66707186,3.0,30.0,318.0,0.0,0.0,0.92387953,-0.38268343,0.43388374,-0.90096887,0.85518608,4.24949043,0.7319807,3.78396222,0.57951513,3.34510749,0.64150564,0.88710994,0.7559105,0.54702589,0.90472644,2,high
2035-01-04T07:45:00Z,0.90196072,105.0,825.66074646,1683.29263542,3.0,31.0,319.0,0.0,0.0,0.89687274,-0.44228869,0.43388374,-0.90096887,0.87241648,3.17835592,0.75988403,3.94972617,0.60170657,3.41444659,0.64150564,0.86378247,0.8330391,0.56712081,0.89933749,2,high
2035-01-04T08:00:00Z,0.86331279,107.0,785.70090569,1679.02402159,3.0,32.0,320.0,0.0,0.0,0.8660254,-0.5,0.43388374,-0.90096887,0.87904148,4.13739727,0.78411106,4.2538793,0.62051819,3.396939,1.70432373,0.90196072,0.8368128,0.5725884,0.89271167,1,medium
2035-01-04T08:15:00Z,0.8657899,107.0,834.12255095,1684.44570168,3.0,33.0,321.0,0.0,0.0,0.83146961,-0.55557023,0.43388374,-0.90096887,0.87371147,2.82234627,0.80792148,4.20805212,0.64185669,3.14168823,1.70432373,0.86331279,0.88710994,0.58006484,0.87039525,1,medium
2035-01-04T08:30:00Z,0.8732209,105.0,841.61587794,1702.2331317,3.0,34.0,322.0,0.0,0.0,0.79335334,-0.60876143,0.43388374,-0.90096887,0.87607108,2.38519299,0.82645974,3.62811352,0.66302319,3.12276743,1.0628181,0.8657899,0.86378247,0.65076186,0.87712368,1,medium
2035-01-04T08:45:00Z,0.82615372,105.0,790.37695621,1664.66762012,3.0,35.0,323.0,0.0,0.0,0.75183981,-0.65934582,0.43388374,-0.90096887,0.85711933,2.6296381,0.83582875,3.48239534,0.68174338,3.28512287,2.35716532,0.8732209,0.90196072,0.71372556,0.7930646,1,medium
2035-01-04T09:00:00Z,0.79734572,107.0,803.4029735,1705.09367005,3.0,36.0,324.0,0.0,0.0,0.70710678,-0.70710678,0.43388374,-0.90096887,0.84062756,2.35904021,0.8404201,3.48499948,0.69849563,3.33272374,2.08656742,0.82615372,0.86331279,0.74224948,0.81191945,1,medium
2035-01-04T09:15:00Z,0.79084079,107.0,840.25731338,1720.54106091,3.0,37.0,325.0,0.0,0.0,0.65934582,-0.75183981,0.43388374,-0.90096887,0.82189028,2.46980533,0.84127328,3.19305706,0.71430431,3.28855825,2.26545297,0.79734572,0.8657899,0.78060267,0.77428537,1,medium
2035-01-04T09:30:00Z,0.71070498,106.0,770.81334788,1595.05958766,3.0,38.0,326.0,0.0,0.0,0.60876143,-0.79335334,0.43388374,-0.90096887,0.7812613,4.4691877,0.83750615,3.70129038,0.72535895,3.5001922,4.4691877,0.79084079,0.8732209,0.7559105,0.75131733,1,medium
2035-01-04T09:45:00Z,0.68749356,107.0,793.55594149,1690.63541697,3.0,39.0,327.0,0.0,0.0,0.55557023,-0.83146961,0.43388374,-0.90096887,0.74659626,3.81315462,0.82537736,3.20704955,0.73440575,3.49210147,3.81315462,0.71070498,0.82615372,0.8330391,0.67870627,0,low
2035-01-04T10:00:00Z,0.64279135,105.0,789.29692677,1639.75865423,3.0,40.0,328.0,0.0,0.0,0.5,-0.8660254,0.43388374,-0.90096887,0.70795767,4.25024494,0.8092089,3.58222747,0.74081858,3.61213539,4.25024494,0.68749356,0.79734572,0.8368128,0.68368578,0,low
2035-01-04T10:15:00Z,0.65209925,107.0,842.92315595,1685.99186469,3.0,41.0,329.0,0.0,0.0,0.44228869,-0.89687274,0.43388374,-0.90096887,0.67327228,4.32732648,0.78962468,3.20649269,0.7476045,3.65317451,4.07135939,0.64279135,0.79084079,0.88710994,0.6373361,0,low
2035-01-04T10:30:00Z,0.6294999,106.0,812.63450282,1715.41673188,3.0,42.0,330.0,0.0,0.0,0.38268343,-0.92387953,0.43388374,-0.90096887,0.65297102,2.74507372,0.77010113,3.19981814,0.75104092,3.49189018,2.48910663,0.65209925,0.71070498,0.86378247,0.60938572,0,low
2035-01-04T10:45:00Z,0.5856535,107.0,802.55861441,1669.75875704,3.0,43.0,331.0,0.0,0.0,0.32143947,-0.94693013,0.43388374,-0.90096887,0.627511,3.31253556,0.7437422,3.2517761,0.75181311,3.60075113,3.05656848,0.6294999,0.68749356,0.90196072,0.59898264,0,low
2035-01-04T11:00:00Z,0.55259277,105.0,803.29508316,1701.68470212,3.0,44.0,332.0,0.0,0.0,0.25881905,-0.96592583,0.43388374,-0.90096887,0.60496136,2.9923952,0.71784886,3.20056011,0.75097996,3.72721971,2.73642811,0.5856535,0.64279135,0.86331279,0.55793966,0,low
2035-01-04T11:15:00Z,0.56514358,107.0,841.08179103,1720.64723584,3.0,45.0,333.0,0.0,0.0,0.19509032,-0.98078528,0.43388374,-0.90096887,0.58322244,3.08157528,0.692795,3.29290236,0.75035824,3.75047724,2.73642811,0.55259277,0.65209925,0.8657899,0.5463144,0,low
2035-01-04T11:30:00Z,0.56689378,105.0,811.85846254,1702.57129332,3.0,46.0,334.0,0.0,0.0,0.13052619,-0.99144486,0.43388374,-0.90096887,0.56757091,2.50822383,0.66726774,3.24082842,0.74686374,3.43447097,2.11494614,0.56514358,0.6294999,0.8732209,0.50426847,0,low
2035-01-04T11:45:00Z,0.49093978,106.0,770.55194073,1567.48768305,3.0,47.0,335.0,0.0,0.0,0.06540313,-0.99785892,0.43388374,-0.90096887,0.54389248,3.39118275,0.63933325,3.50562431,0.737581,3.49400983,2.99790506,0.56689378,0.5856535,0.82615372,0.53151128,0,low
2035-01-04T12:00:00Z,0.52753886,107.0,825.91590236,1673.2754464,3.0,48.0,336.0,0.0,0.0,0.0,-1.0,0.43388374,-0.90096887,0.537629,3.48848714,0.61684934,3.57704242,0.72863472,3.53102095,2.08873491,0.49093978,0.55259277,0.79734572,0.53267362,0,low
2035-01-04T12:15:00Z,0.53095602,106.0,815.79051412,1755.51631553,3.0,49.0,337.0,0.0,0.0,-0.06540313,-0.99785892,0.43388374,-0.90096887,0.52908211,3.23731212,0.59519228,3.54873796,0.71823278,3.37089751,2.08873491,0.52753886,0.56514358,0.79084079,0.51336988,0,low
2035-01-04T12:30:00Z,0.55741613,107.0,829.3177997,1657.76897825,3.0,50.0,338.0,0.0,0.0,-0.13052619,-0.99144486,0.43388374,-0.90096887,0.5267127,3.91683442,0.58241821,3.05671066,0.70996218,3.37900052,2.08873491,0.53095602,0.56689378,0.71070498,0.52274955,0,low
2035-01-04T12:45:00Z,0.54781707,106.0,827.45350182,1686.14197929,3.0,51.0,339.0,0.0,0.0,-0.19509032,-0.98078528,0.43388374,-0.90096887,0.54093202,2.09207371,0.5707785,2.93193068,0.69807793,3.06949011,0.26397421,0.55741613,0.49093978,0.68749356,0.5317443,0,low
2035-01-04T13:00:00Z,0.54153827,106.0,818.23704986,1726.15559329,3.0,52.0,340.0,0.0,0.0,-0.25881905,-0.96592583,0.43388374,-0.90096887,0.54443187,1.25826593,0.56234074,2.57971609,0.68577482,3.08097178,0.43664096,0.54781707,0.52753886,0.64279135,0.52651187,1,medium
2035-01-04T13:15:00Z,0.5816199,107.0,799.14072161,1629.34306435,3.0,53.0,341.0,0.0,0.0,-0.32143947,-0.94693013,0.43388374,-0.90096887,0.55709784,2.26653843,0.55646746,2.86180861,0.67304607,3.03415065,0.43664096,0.54153827,0.53095602,0.65209925,0.55772856,1,medium
2035-01-04T13:30:00Z,0.56322795,105.0,830.1139784,1702.60377626,3.0,54.0,342.0,0.0,0.0,-0.38268343,-0.92387953,0.43388374,-0.90096887,0.5585508,2.04466428,0.5509448,2.82324084,0.66052297,3.01152949,0.94241964,0.5816199,0.55741613,0.6294999,0.55286058,1,medium
2035-01-04T13:45:00Z,0.59507445,107.0,807.42015052,1672.8820694,3.0,55.0,343.0,0.0,0.0,-0.44228869,-0.89687274,0.43388374,-0.90096887,0.57036514,2.65646895,0.55172988,2.7132418,0.64773604,2.98250895,0.67844543,0.56322795,0.54781707,0.5856535,0.5995844,1,medium
2035-01-04T14:00:00Z,0.62421606,105.0,831.87150486,1710.42664074,3.0,56.0,344.0,0.0,0.0,-0.5,-0.8660254,0.43388374,-0.90096887,0.59103459,3.28519635,0.55769849,2.67731647,0.63777367,2.93893829,0.50577868,0.59507445,0.54153827,0.55259277,0.63647958,1,medium
2035-01-04T14:15:00Z,0.6138654,107.0,837.22019078,1736.58846117,3.0,57.0,345.0,0.0,0.0,-0.55557023,-0.83146961,0.43388374,-0.90096887,0.59909596,2.46759483,0.56175864,2.65714846,0.62727682,2.97502541,0.79042181,0.62421606,0.5816199,0.56514358,0.66015319,1,medium
2035-01-04T14:30:00Z,0.65222914,106.0,793.6979878,1687.15968639,3.0,58.0,346.0,0.0,0.0,-0.60876143,-0.79335334,0.43388374,-0.90096887,0.62134626,3.01681909,0.56886992,2.9927726,0.61806883,3.11680051,0.28464313,0.6138654,0.56322795,0.56689378,0.68716073,1,medium
2035-01-04T14:45:00Z,0.64745286,106.0,816.94928391,1760.19460611,3.0,59.0,347.0,0.0,0.0,-0.65934582,-0.75183981,0.43388374,-0.90096887,0.63444086,2.27238778,0.58191267,2.34031015,0.61062296,2.92296723,0.41599069,0.65222914,0.59507445,0.49093978,0.65643581,1,medium
2035-01-04T15:00:00Z,0.73413024,106.0,747.95093496,1637.01628413,3.0,60.0,348.0,0.0,0.0,-0.70710678,-0.70710678,0.43388374,-0.90096887,0.66191941,3.85462134,0.59912862,2.79936121,0.60798898,3.18820182,0.41599069,0.64745286,0.62421606,0.52753886,0.73589568,1,medium
2035-01-04T15:15:00Z,0.70544011,107.0,807.97221039,1713.18076507,3.0,61.0,349.0,0.0,0.0,-0.75183981,-0.65934582,0.43388374,-0.90096887,0.68481309,4.35895677,0.61366896,3.03103001,0.60443062,3.28988398,0.92032612,0.73413024,0.6138654,0.53095602,0.74911225,1,medium
2035-01-04T15:30:00Z,0.74492888,106.0,790.61355818,1627.84048995,3.0,62.0,350.0,0.0,0.0,-0.79335334,-0.60876143,0.43388374,-0.90096887,0.70798802,4.38989518,0.62929503,3.15045952,0.60585662,3.10358509,0.92032612,0.70544011,0.65222914,0.55741613,0.74948088,1,medium
2035-01-04T15:45:00Z,0.76996385,106.0,800.88464603,1663.08803172,3.0,63.0,351.0,0.0,0.0,-0.83146961,-0.55557023,0.43388374,-0.90096887,0.73861577,4.94700933,0.64780726,3.29195535,0.60929288,3.11194301,0.78897855,0.74492888,0.64745286,0.54781707,0.7671445,1,medium
2035-01-04T16:00:00Z,0.77958891,106.0,830.8604182,1673.70508568,3.0,64.0,352.0,0.0,0.0,-0.8660254,-0.5,0.43388374,-0.90096887,0.74998044,2.82807054,0.66764481,3.32262941,0.61499278,2.95117275,0.78897855,0.76996385,0.73413024,0.54153827,0.79001596,1,medium
2035-01-04T16:15:00Z,0.73851391,105.0,801.44071586,1700.49015403,3.0,65.0,353.0,0.0,0.0,-0.89687274,-0.44228869,0.43388374,-0.90096887,0.75824889,3.16865449,0.68071931,3.33173537,0.61859339,3.09677199,1.12956251,0.77958891,0.70544011,0.5816199,0.77513291,1,medium
2035-01-04T16:30:00Z,0.7392504,106.0,812.43154907,1728.96231534,3.0,66.0,354.0,0.0,0.0,-0.92387953,-0.38268343,0.43388374,-0.90096887,0.75682927,2.10296668,0.69538785,3.16989365,0.62316633,2.99656725,1.12956251,0.73851391,0.74492888,0.56322795,0.77833124,1,medium
2035-01-04T16:45:00Z,0.76168514,107.0,836.07982465,1673.99109695,3.0,67.0,355.0,0.0,0.0,-0.94693013,-0.32143947,0.43388374,-0.90096887,0.75475959,2.0314605,0.70927207,3.0836192,0.63050098,2.8984305,1.12956251,0.7392504,0.76996385,0.59507445,0.74306573,1,medium
2035-01-04T17:00:00Z,0.74154976,105.0,831.00090175,1652.26193914,3.0,68.0,356.0,0.0,0.0,-0.96592583,-0.25881905,0.43388374,-0.90096887,0.7452498,2.32049454,0.71904988,3.00106214,0.63837418,2.83918931,1.68328547,0.76168514,0.77958891,0.62421606,0.76235985,1,medium
2035-01-04T17:15:00Z,0.72255165,107.0,812.55435452,1652.32189776,3.0,69.0,357.0,0.0,0.0,-0.98078528,-0.19509032,0.43388374,-0.90096887,0.74125924,1.7133801,0.72810707,3.08033045,0.64493285,2.86873946,1.07617103,0.74154976,0.73851391,0.6138654,0.76809913,1,medium
2035-01-04T17:30:00Z,0.73597503,106.0,833.13081642,1735.20329649,3.0,70.0,358.0,0.0,0.0,-0.99144486,-0.13052619,0.43388374,-0.90096887,0.7404404,2.06226947,0.7350859,2.85171044,0.65197791,2.92224152,1.07617103,0.72255165,0.7392504,0.65222914,0.75268016,0,low
2035-01-04T17:45:00Z,0.6668093,107.0,768.41970864,1608.6936867,3.0,71.0,359.0,0.0,0.0,-0.99785892,-0.06540313,0.43388374,-0.90096887,0.71672144,3.34737142,0.73669893,3.44194709,0.6593058,2.89112862,2.97822851,0.73597503,0.76168514,0.64745286,0.70122802,0,low
2035-01-04T18:00:00Z,0.67272986,105.0,809.84353813,1726.57079072,3.0,72.0,360.0,0.0,0.0,-1.0,-0.0,0.43388374,-0.90096887,0.69951646,2.95646376,0.73158223,2.70167628,0.66535543,2.75051874,2.42450555,0.6668093,0.74154976,0.73413024,0.67647932,0,low
2035-01-04T18:15:00Z,0.63390036,106.0,821.41096893,1699.17448894,3.0,73.0,361.0,0.0,0.0,-0.99785892,0.06540313,0.43388374,-0.90096887,0.67735364,3.5018269,0.72562059,2.7946205,0.66964478,2.91282525,2.9698687,0.67272986,0.72255165,0.70544011,0.6362119,0,low
2035-01-04T18:30:00Z,0.5910587,106.0,786.95209196,1652.58116909,3.0,74.0,362.0,0.0,0.0,-0.99144486,0.13052619,0.43388374,-0.90096887,0.64112456,4.31082973,0.71279807,2.8253553,0.67104655,2.98790741,4.14801444,0.63390036,0.73597503,0.74492888,0.5700939,0,low
2035-01-04T18:45:00Z,0.59528756,107.0,828.31592695,1693.83738793,3.0,75.0,363.0,0.0,0.0,-0.98078528,0.19509032,0.43388374,-0.90096887,0.62324412,2.52506599,0.69824172,2.63463264,0.67302449,2.963294,2.24595695,0.5910587,0.6668093,0.76996385,0.57323119,0,low
2035-01-04T19:00:00Z,0.53533493,106.0,786.84120521,1616.55123807,3.0,76.0,364.0,0.0,0.0,-0.96592583,0.25881905,0.43388374,-0.90096887,0.58889539,4.01094801,0.67788722,3.09596877,0.67276601,3.20929909,3.89465426,0.59528756,0.67272986,0.77958891,0.51997171,0,low
2035-01-04T19:15:00Z,0.50339472,106.0,813.49492958,1718.88434317,3.0,77.0,365.0,0.0,0.0,-0.94693013,0.32143947,0.43388374,-0.90096887,0.55626898,3.82149256,0.65829395,3.01223319,0.66950663,3.17198428,3.70519881,0.53533493,0.63390036,0.73851391,0.4905764,0,low
2035-01-04T19:30:00Z,0.47867307,106.0,820.82376034,1681.27595948,3.0,78.0,366.0,0.0,0.0,-0.92387953,0.38268343,0.43388374,-0.90096887,0.52817257,3.32319222,0.63657918,3.23209714,0.66598351,3.2009954,3.20689848,0.50339472,0.5910587,0.7392504,0.48028796,0,low
2035-01-04T19:45:00Z,0.47821305,106.0,847.3228364,1739.41661752,3.0,79.0,367.0,0.0,0.0,-0.89687274,0.44228869,0.43388374,-0.90096887,0.49890394,3.21954916,0.6129565,3.03066219,0.66111429,3.0571407,3.21954916,0.47867307,0.59528756,0.76168514,0.43601661,0,low
2035-01-04T20:00:00Z,0.46769649,107.0,823.90403403,1683.82191373,3.0,80.0,368.0,0.0,0.0,-0.8660254,0.5,0.43388374,-0.90096887,0.48199433,1.86005712,0.5901354,2.94248963,0.65459264,2.97177588,1.86005712,0.47821305,0.53533493,0.74154976,0.45877036,0,low
2035-01-04T20:15:00Z,0.38191155,107.0,786.28034235,1596.29637719,3.0,81.0,369.0,0.0,0.0,-0.83146961,0.55557023,0.43388374,-0.90096887,0.45162354,3.34078714,0.56174872,3.5547022,0.6449279,3.31751633,3.34078714,0.46769649,0.50339472,0.72255165,0.41357197,0,low
2035-01-04T20:30:00Z,0.37625641,107.0,836.08409583,1714.61158662,3.0,82.0,370.0,0.0,0.0,-0.79335334,0.60876143,0.43388374,-0.90096887,0.42601937,2.81645832,0.53177217,3.48349342,0.63342903,3.16760193,2.81645832,0.38191155,0.47867307,0.73597503,0.40494356,0,low
2035-01-04T20:45:00Z,0.40601765,107.0,821.13153772,1662.59044964,3.0,83.0,371.0,0.0,0.0,-0.75183981,0.65934582,0.43388374,-0.90096887,0.40797052,3.62224176,0.51003953,3.12228564,0.62336923,3.28211636,2.80380763,0.37625641,0.47821305,0.6668093,0.38354774,0,low
2035-01-04T21:00:00Z,0.39590112,106.0,826.33407994,1746.66109102,3.0,84.0,372.0,0.0,0.0,-0.70710678,0.70710678,0.43388374,-0.90096887,0.39002168,3.61124103,0.48697047,3.16074872,0.60927635,2.9312125,2.7928069,0.40601765,0.46769649,0.67272986,0.33301879,0,low
2035-01-04T21:15:00Z,0.33370412,106.0,791.53910456,1673.16861912,3.0,85.0,373.0,0.0,0.0,-0.65934582,0.75183981,0.43388374,-0.90096887,0.37796982,2.96257274,0.46195411,3.37495081,0.59378735,3.08478565,2.14413861,0.39590112,0.38191155,0.63390036,0.35660774,0,low
2035-01-04T21:30:00Z,0.37688244,105.0,797.62413496,1681.61519479,3.0,86.0,374.0,0.0,0.0,-0.60876143,0.79335334,0.43388374,-0.90096887,0.37812633,3.99445996,0.44410609,3.37803683,0.57845208,3.10169607,1.98862203,0.33370412,0.37625641,0.5910587,0.35673902,0,low
2035-01-04T21:45:00Z,0.35624999,107.0,837.34254682,1666.85649803,3.0,87.0,375.0,0.0,0.0,-0.55557023,0.83146961,0.43388374,-0.90096887,0.36568442,3.74341815,0.4241863,3.52840303,0.56121401,3.08151783,2.55601434,0.37688244,0.40601765,0.59528756,0.37089287,0,low
2035-01-04T22:00:00Z,0.34592755,106.0,823.26206841,1727.09896961,3.0,88.0,376.0,0.0,0.0,-0.5,0.8660254,0.43388374,-0.90096887,0.35319102,3.74908089,0.40840235,3.07345968,0.54314478,3.08471422,2.56167708,0.35624999,0.39590112,0.53533493,0.34573161,0,low
2035-01-04T22:15:00Z,0.30816928,106.0,793.00924963,1694.07002985,3.0,89.0,377.0,0.0,0.0,-0.44228869,0.89687274,0.43388374,-0.90096887,0.34680731,3.07701571,0.39213356,3.12679186,0.52521376,3.06951252,1.8896119,0.34592755,0.33370412,0.50339472,0.30588676,0,low
2035-01-04T22:30:00Z,0.30563074,106.0,839.50912409,1723.40278594,3.0,90.0,378.0,0.0,0.0,-0.38268343,0.92387953,0.43388374,-0.90096887,0.32899439,1.95942176,0.37771336,2.92344668,0.50714627,3.07777191,1.95942176,0.30816928,0.37688244,0.47867307,0.34519787,0,low
2035-01-04T22:45:00Z,0.36148329,105.0,796.13470668,1649.53610929,3.0,91.0,379.0,0.0,0.0,-0.32143947,0.94693013,0.43388374,-0.90096887,0.33030271,2.92797449,0.36798588,3.43121147,0.49047119,3.23093683,1.39202945,0.30563074,0.35624999,0.47821305,0.35929003,0,low
2035-01-04T23:00:00Z,0.35798477,107.0,831.05279377,1737.00271929,3.0,92.0,380.0,0.0,0.0,-0.25881905,0.96592583,0.43388374,-0.90096887,0.33331702,2.74031642,0.35884324,3.36687945,0.47448932,3.15468454,1.20437137,0.36148329,0.34592755,0.46769649,0.30107358,0,low
2035-01-04T23:15:00Z,0.3304447,105.0,790.64971484,1715.85682588,3.0,93.0,381.0,0.0,0.0,-0.19509032,0.98078528,0.43388374,-0.90096887,0.33888587,2.45931596,0.35455434,2.83296814,0.45815153,3.19383517,0.92337092,0.35798477,0.30816928,0.38191155,0.30296384,0,low
2035-01-04T23:30:00Z,0.35102075,107.0,820.48344312,1704.34679394,3.0,94.0,382.0,0.0,0.0,-0.13052619,0.99144486,0.43388374,-0.90096887,0.35023338,2.95534732,0.35245137,2.96974301,0.44211177,3.22661822,0.85356105,0.3304447,0.30563074,0.37625641,0.32417382,0,low
2035-01-04T23:45:00Z,0.31596735,105.0,823.49294362,1638.61619042,3.0,95.0,383.0,0.0,0.0,-0.06540313,0.99785892,0.43388374,-0.90096887,0.33885439,2.38337077,0.34494717,3.01825447,0.42749335,3.07027006,1.81752955,0.35102075,0.36148329,0.40601765,0.36635642,0,low
2035-01-05T00:00:00Z,0.37744421,107.0,799.89394676,1663.52934979,4.0,0.0,384.0,0.0,0.0,0.0,1.0,-0.43388374,-0.90096887,0.34371925,3.97777529,0.3434091,3.48905753,0.41518978,3.32490313,1.72132036,0.31596735,0.35798477,0.39590112,0.36554839,0,low
2035-01-05T00:15:00Z,0.34559298,105.0,795.76135505,1720.64047866,4.0,1.0,385.0,0.0,0.0,0.06540313,0.99785892,-0.43388374,-0.90096887,0.34750632,4.09633216,0.34439984,3.21088794,0.40317698,3.29291938,1.83987722,0.37744421,0.3304447,0.33370412,0.3757061,0,low
2035-01-05T00:30:00Z,0.32671649,107.0,809.44552736,1734.84986602,4.0,2.0,386.0,0.0,0.0,0.13052619,0.99144486,-0.43388374,-0.90096887,0.34143026,4.04959461,0.34021934,2.98812123,0.39216272,3.18307903,2.35898089,0.34559298,0.35102075,0.37688244,0.31652882,0,low
2035-01-05T00:45:00Z,0.38856334,107.0,789.14923406,1612.23440761,4.0,3.0,387.0,0.0,0.0,0.19509032,0.98078528,-0.43388374,-0.90096887,0.35957926,4.78641473,0.34291212,3.36592,0.38354921,3.44716151,1.39501239,0.32671649,0.31596735,0.35624999,0.32009156,0,low
2035-01-05T01:00:00Z,0.33182512,107.0,786.49847348,1649.3997999,4.0,4.0,388.0,0.0,0.0,0.25881905,0.96592583,-0.43388374,-0.90096887,0.34817448,4.65610208,0.34173692,3.79139793,0.37506963,3.4324288,2.95531345,0.38856334,0.37744421,0.34592755,0.35982035,0,low
2035-01-05T01:15:00Z,0.34017954,107.0,809.54815168,1710.07417248,4.0,5.0,389.0,0.0,0.0,0.32143947,0.94693013,-0.43388374,-0.90096887,0.34682112,4.00993986,0.34440444,3.52186266,0.368269,3.32432726,2.07940474,0.33182512,0.34559298,0.30816928,0.36862619,0,low
2035-01-05T01:30:00Z,0.37782827,105.0,818.16577536,1706.62917051,4.0,6.0,390.0,0.0,0.0,0.38268343,0.92387953,-0.43388374,-0.90096887,0.35959907,4.52617619,0.3504209,3.84370604,0.36406713,3.38357636,1.56030106,0.34017954,0.32671649,0.30563074,0.3463165,0,low
2035-01-05T01:45:00Z,0.39202213,106.0,814.08862783,1736.14638594,4.0,7.0,391.0,0.0,0.0,0.44228869,0.89687274,-0.43388374,-0.90096887,0.36046377,3.21571875,0.3529658,3.46183475,0.36047584,3.44652311,1.56030106,0.37782827,0.38856334,0.36148329,0.36936623,0,low
2035-01-05T02:00:00Z,0.36239431,107.0,822.69676311,1700.44571811,4.0,8.0,392.0,0.0,0.0,0.5,0.8660254,-0.43388374,-0.90096887,0.36810606,2.47018282,0.35333327,3.7013534,0.35608825,3.53411642,0.81476513,0.39202213,0.33182512,0.35798477,0.411834,0,low
2035-01-05T02:15:00Z,0.39817767,106.0,789.21413395,1631.94445606,4.0,9.0,393.0,0.0,0.0,0.55557023,0.83146961,-0.43388374,-0.90096887,0.38260559,3.22447875,0.35897768,3.77691692,0.35676601,3.30494253,0.81476513,0.36239431,0.34017954,0.3304447,0.35366582,0,low
2035-01-05T02:30:00Z,0.41135964,105.0,804.93183647,1748.58366306,4.0,10.0,394.0,0.0,0.0,0.60876143,0.79335334,-0.43388374,-0.90096887,0.39098844,2.55164286,0.36400592,3.70913789,0.35822864,3.33944045,0.81476513,0.39817767,0.37782827,0.35102075,0.36522499,0,low
2035-01-05T02:45:00Z,0.4086886,107.0,810.5241777,1732.68975617,4.0,11.0,395.0,0.0,0.0,0.65934582,0.75183981,-0.43388374,-0.90096887,0.39515505,2.23476515,0.37173269,3.41229954,0.35833993,3.21527701,0.8882186,0.41135964,0.39202213,0.31596735,0.37686915,0,low
2035-01-05T03:00:00Z,0.4120415,107.0,828.08799768,1734.30830029,4.0,12.0,396.0,0.0,0.0,0.70710678,0.70710678,-0.43388374,-0.90096887,0.40756685,1.51220485,0.3746158,2.87949658,0.35901245,3.18427706,0.07345347,0.4086886,0.36239431,0.37744421,0.39529151,0,low
2035-01-05T03:15:00Z,0.45594596,107.0,822.70797109,1656.36600989,4.0,13.0,397.0,0.0,0.0,0.75183981,0.65934582,-0.43388374,-0.90096887,0.42200893,1.73553497,0.38381188,2.98998453,0.36410586,3.10043623,0.07345347,0.4120415,0.39817767,0.34559298,0.41143255,0,low
2035-01-05T03:30:00Z,0.40496891,106.0,783.54362076,1638.4062598,4.0,14.0,398.0,0.0,0.0,0.79335334,0.60876143,-0.43388374,-0.90096887,0.42041124,2.7748999,0.39033292,3.28423965,0.36527613,3.13618044,1.47532252,0.45594596,0.41135964,0.32671649,0.44539368,0,low
2035-01-05T03:45:00Z,0.45081677,107.0,781.53409653,1653.49369152,4.0,15.0,399.0,0.0,0.0,0.83146961,0.55557023,-0.43388374,-0.90096887,0.43094329,3.9622628,0.3955207,3.13758223,0.36921641,3.25175112,1.40186905,0.40496891,0.4086886,0.38856334,0.47037035,0,low
2035-01-05T04:00:00Z,0.44403495,106.0,835.99422858,1754.12887349,4.0,16.0,400.0,0.0,0.0,0.8660254,0.5,-0.43388374,-0.90096887,0.43894165,4.05655797,0.40487152,2.67964855,0.37330422,3.23552324,1.58836905,0.45081677,0.4120415,0.33182512,0.48888334,0,low
2035-01-05T04:15:00Z,0.50444303,105.0,776.84754225,1660.45456236,4.0,17.0,401.0,0.0,0.0,0.89687274,0.44228869,-0.43388374,-0.90096887,0.45106592,4.51040757,0.41856015,3.1568071,0.38148229,3.33933488,1.58836905,0.44403495,0.45594596,0.34017954,0.48923724,1,medium
2035-01-05T04:30:00Z,0.52006044,107.0,811.66954132,1716.72179357,4.0,18.0,402.0,0.0,0.0,0.92387953,0.38268343,-0.43388374,-0.90096887,0.4798388,3.53801733,0.43041283,2.95485337,0.39041686,3.3992797,0.1865,0.50444303,0.40496891,0.37782827,0.54702589,1,medium
2035-01-05T04:45:00Z,0.52519629,107.0,814.15504089,1717.2964505,4.0,19.0,403.0,0.0,0.0,0.94693013,0.32143947,-0.43388374,-0.90096887,0.49843368,2.41843677,0.44151067,2.87182158,0.39723824,3.16682816,0.1865,0.52006044,0.45081677,0.39202213,0.56712081,1,medium
2035-01-05T05:00:00Z,0.57569732,107.0,814.00735825,1610.03680419,4.0,20.0,404.0,0.0,0.0,0.96592583,0.25881905,-0.43388374,-0.90096887,0.53134927,3.62071493,0.45928592,3.06315925,0.4063096,3.38225632,0.0,0.52519629,0.44403495,0.36239431,0.5725884,1,medium
2035-01-05T05:15:00Z,0.63447881,107.0,776.27104296,1634.22320333,4.0,21.0,405.0,0.0,0.0,0.98078528,0.19509032,-0.43388374,-0.90096887,0.56385822,3.57598395,0.47897769,3.2739755,0.41897768,3.52544621,0.0,0.57569732,0.50444303,0.39817767,0.58006484,1,medium
2035-01-05T05:30:00Z,0.64772283,106.0,809.65994311,1706.73083776,4.0,22.0,406.0,0.0,0.0,0.99144486,0.13052619,-0.43388374,-0.90096887,0.59577381,3.51071572,0.49867462,3.27454432,0.43134027,3.4918411,0.0,0.63447881,0.52006044,0.41135964,0.65076186,1,medium
2035-01-05T05:45:00Z,0.68440533,106.0,795.01713376,1643.98598177,4.0,23.0,407.0,0.0,0.0,0.99785892,0.06540313,-0.43388374,-0.90096887,0.63557607,4.37824844,0.52165101,3.586316,0.44669185,3.49930777,0.0,0.64772283,0.52519629,0.4086886,0.71372556,2,high
2035-01-05T06:00:00Z,0.68348833,106.0,849.52213615,1688.46708529,4.0,24.0,408.0,0.0,0.0,1.0,0.0,-0.43388374,-0.90096887,0.66252383,3.01468774,0.54427158,3.56398688,0.45944369,3.22174173,0.02521745,0.68440533,0.57569732,0.4120415,0.74224948,2,high
2035-01-05T06:15:00Z,0.76100426,107.0,767.87762822,1646.1525498,4.0,25.0,409.0,0.0,0.0,0.99785892,-0.06540313,-0.43388374,-0.90096887,0.69415519,3.52988478,0.56969311,3.8720921,0.47675249,3.43103831,0.02521745,0.68348833,0.63447881,0.45594596,0.78060267,2,high
2035-01-05T06:30:00Z,0.79304635,105.0,808.98002112,1691.34879316,4.0,26.0,410.0,0.0,0.0,0.99144486,-0.13052619,-0.43388374,-0.90096887,0.73048607,4.04683153,0.60203289,3.69852153,0.49618291,3.49138059,0.02521745,0.76100426,0.64772283,0.40496891,0.7559105,2,high
2035-01-05T06:45:00Z,0.82057665,105.0,800.9692991,1642.94849286,4.0,27.0,411.0,0.0,0.0,0.98078528,-0.19509032,-0.43388374,-0.90096887,0.7645289,3.79514626,0.63284622,3.53061049,0.51418346,3.33409636,0.02521745,0.79304635,0.68440533,0.45081677,0.8330391,2,high
2035-01-05T07:00:00Z,0.84072555,106.0,833.63522995,1703.87137243,4.0,28.0,412.0,0.0,0.0,0.96592583,-0.25881905,-0.43388374,-0.90096887,0.8038382,4.32402355,0.66590377,3.65314207,0.53538764,3.16639531,0.0,0.82057665,0.68348833,0.44403495,0.8368128,2,high
2035-01-05T07:15:00Z,0.8876738,107.0,815.38567074,1632.626985,4.0,29.0,413.0,0.0,0.0,0.94693013,-0.32143947,-0.43388374,-0.90096887,0.83550559,3.48341225,0.69783966,3.52976033,0.5581999,3.34328371,0.0,0.84072555,0.76100426,0.50444303,0.88710994,2,high
2035-01-05T07:30:00Z,0.87797599,106.0,833.52675993,1716.17497876,4.0,30.0,414.0,0.0,0.0,0.92387953,-0.38268343,-0.43388374,-0.90096887,0.856738,2.86894455,0.72766596,3.47549727,0.57903939,3.21517532,0.26668963,0.8876738,0.79304635,0.52006044,0.86378247,2,high
2035-01-05T07:45:00Z,0.8608084,106.0,816.39865718,1705.08750771,4.0,31.0,415.0,0.0,0.0,0.89687274,-0.44228869,-0.43388374,-0.90096887,0.86679594,2.58397019,0.75563363,3.5857883,0.59857215,3.22880494,0.73879852,0.87797599,0.82057665,0.52519629,0.90196072,2,high
2035-01-05T08:00:00Z,0.85044187,106.0,809.16782575,1677.78284767,4.0,32.0,416.0,0.0,0.0,0.8660254,-0.5,-0.43388374,-0.90096887,0.86922502,2.31495497,0.77852901,3.21788875,0.61890747,3.140524,1.02387805,0.8608084,0.84072555,0.57569732,0.86331279,2,high
2035-01-05T08:15:00Z,0.85667666,106.0,845.60025815,1720.6172528,4.0,33.0,417.0,0.0,0.0,0.83146961,-0.55557023,-0.43388374,-0.90096887,0.86147573,1.19533469,0.7970455,2.73621058,0.63801159,3.00509304,1.02387805,0.85044187,0.8876738,0.63447881,0.8657899,1,medium
2035-01-05T08:30:00Z,0.82762338,107.0,803.6270228,1703.22212489,4.0,34.0,418.0,0.0,0.0,0.79335334,-0.60876143,-0.43388374,-0.90096887,0.84888758,1.72761009,0.81203721,2.88112872,0.65535592,3.07783652,1.55615344,0.85667666,0.87797599,0.64772283,0.8732209,1,medium
2035-01-05T08:45:00Z,0.80464092,107.0,828.72026318,1709.39119716,4.0,35.0,419.0,0.0,0.0,0.75183981,-0.65934582,-0.43388374,-0.90096887,0.83484571,1.88751889,0.82205685,2.75554511,0.67185393,3.17093056,1.71606224,0.82762338,0.8608084,0.68440533,0.82615372,1,medium
2035-01-05T09:00:00Z,0.81171616,105.0,838.26429468,1750.20191169,4.0,36.0,420.0,0.0,0.0,0.70710678,-0.70710678,-0.43388374,-0.90096887,0.82516428,1.79700833,0.8327425,2.81199562,0.68850704,3.18799125,1.43098271,0.80464092,0.85044187,0.68348833,0.79734572,1,medium
2035-01-05T09:15:00Z,0.77746899,106.0,814.1979825,1664.59980013,4.0,37.0,421.0,0.0,0.0,0.65934582,-0.75183981,-0.43388374,-0.90096887,0.80536236,2.56734883,0.83411456,2.41536526,0.70190383,3.14372868,2.37277986,0.81171616,0.85667666,0.76100426,0.79084079,1,medium
2035-01-05T09:30:00Z,0.71132632,106.0,774.90601715,1620.01727872,4.0,38.0,422.0,0.0,0.0,0.60876143,-0.79335334,-0.43388374,-0.90096887,0.7762881,3.58730734,0.82730456,2.72795399,0.71466873,3.21323776,3.39273836,0.77746899,0.82762338,0.79304635,0.71070498,1,medium
2035-01-05T09:45:00Z,0.66075068,107.0,779.74002164,1659.54599697,4.0,39.0,423.0,0.0,0.0,0.55557023,-0.83146961,-0.43388374,-0.90096887,0.74031554,4.3461197,0.81398573,2.93920292,0.72341597,3.23490671,4.15155072,0.71132632,0.80464092,0.82057665,0.68749356,0,low
2035-01-05T10:00:00Z,0.68577935,107.0,794.07529387,1724.25425631,4.0,40.0,424.0,0.0,0.0,0.5,-0.8660254,-0.43388374,-0.90096887,0.70883133,4.83983928,0.80107354,2.98393419,0.73348865,3.31853813,4.15155072,0.66075068,0.81171616,0.84072555,0.64279135,0,low
2035-01-05T10:15:00Z,0.61035953,106.0,769.11117009,1611.41080236,4.0,41.0,425.0,0.0,0.0,0.44228869,-0.89687274,-0.43388374,-0.90096887,0.66705397,5.97208732,0.77796402,3.24492362,0.73790184,3.38734197,5.28379877,0.68577935,0.77746899,0.8876738,0.65209925,0,low
2035-01-05T10:30:00Z,0.61627961,105.0,812.99296682,1750.78023705,4.0,42.0,426.0,0.0,0.0,0.38268343,-0.92387953,-0.43388374,-0.90096887,0.64329229,4.31596603,0.75615599,3.21029449,0.74191097,3.34289588,3.46487524,0.61035953,0.71132632,0.87797599,0.6294999,0,low
2035-01-05T10:45:00Z,0.5688974,106.0,794.15246918,1675.42781076,4.0,43.0,427.0,0.0,0.0,0.32143947,-0.94693013,-0.43388374,-0.90096887,0.62032897,4.22814682,0.73183007,3.4872618,0.74373185,3.53652505,3.37705602,0.61627961,0.66075068,0.8608084,0.5856535,0,low
2035-01-05T11:00:00Z,0.54566152,106.0,822.49538491,1721.67965291,4.0,44.0,428.0,0.0,0.0,0.25881905,-0.96592583,-0.43388374,-0.90096887,0.58529951,4.17884493,0.70643171,3.60523085,0.74248036,3.4115598,4.01604269,0.5688974,0.68577935,0.85044187,0.55259277,0,low
2035-01-05T11:15:00Z,0.53904798,105.0,831.51136119,1722.90891809,4.0,45.0,429.0,0.0,0.0,0.19509032,-0.98078528,-0.43388374,-0.90096887,0.56747163,2.28667204,0.67996265,3.60870273,0.73850408,3.17245665,2.1238698,0.54566152,0.61035953,0.85667666,0.56514358,0,low
2035-01-05T11:30:00Z,0.53232615,107.0,820.60292716,1739.34928065,4.0,46.0,430.0,0.0,0.0,0.13052619,-0.99144486,-0.43388374,-0.90096887,0.54648326,2.30872012,0.65535455,3.40399783,0.73369588,3.14256328,2.30872012,0.53904798,0.61627961,0.82762338,0.56689378,0,low
2035-01-05T11:45:00Z,0.55517601,106.0,806.87945614,1654.14010389,4.0,47.0,431.0,0.0,0.0,0.06540313,-0.99785892,-0.43388374,-0.90096887,0.54305291,1.6340804,0.63456581,3.4027823,0.72831133,3.07916371,1.00570929,0.53232615,0.5688974,0.80464092,0.49093978,0,low
2035-01-05T12:00:00Z,0.49934502,106.0,790.2778071,1659.93747221,4.0,48.0,432.0,0.0,0.0,0.0,-1.0,-0.43388374,-0.90096887,0.53147379,2.53044579,0.60853488,3.84971,0.72063869,3.33085281,1.90207468,0.55517601,0.54566152,0.81171616,0.52753886,0,low
2035-01-05T12:15:00Z,0.53303911,107.0,804.28359043,1652.55372314,4.0,49.0,433.0,0.0,0.0,-0.06540313,-0.99785892,-0.43388374,-0.90096887,0.52997157,3.27516075,0.58816572,3.84464004,0.71114014,3.13000265,1.72020238,0.49934502,0.53904798,0.77746899,0.53095602,0,low
2035-01-05T12:30:00Z,0.50381938,105.0,819.58604168,1712.59516574,4.0,50.0,434.0,0.0,0.0,-0.13052619,-0.99144486,-0.43388374,-0.90096887,0.52284488,3.89385286,0.57087348,3.50617967,0.69908902,3.11706683,2.33889448,0.53303911,0.53232615,0.71132632,0.55741613,0,low
2035-01-05T12:45:00Z,0.53541647,106.0,793.76758848,1636.9633291,4.0,51.0,435.0,0.0,0.0,-0.19509032,-0.98078528,-0.43388374,-0.90096887,0.517905,4.13440165,0.56042896,3.33220962,0.68720734,3.13570627,2.33889448,0.50381938,0.55517601,0.66075068,0.54781707,0,low
2035-01-05T13:00:00Z,0.57622717,107.0,788.44182726,1648.48409826,4.0,52.0,436.0,0.0,0.0,-0.25881905,-0.96592583,-0.43388374,-0.90096887,0.53712553,3.72134379,0.55129961,3.47687817,0.67618658,3.23040618,0.80354243,0.53541647,0.49934502,0.68577935,0.54153827,1,medium
2035-01-05T13:15:00Z,0.5624667,106.0,842.48794257,1711.61309658,4.0,53.0,437.0,0.0,0.0,-0.32143947,-0.94693013,-0.43388374,-0.90096887,0.54448243,3.17316944,0.54730854,2.91166741,0.66263628,3.07829551,1.18195534,0.57622717,0.53303911,0.61035953,0.5816199,1,medium
2035-01-05T13:30:00Z,0.55382391,107.0,837.39525288,1716.16075268,4.0,54.0,438.0,0.0,0.0,-0.38268343,-0.92387953,-0.43388374,-0.90096887,0.55698356,2.60730364,0.5421039,2.93662554,0.64912994,3.07346001,0.61608954,0.5624667,0.50381938,0.61627961,0.56322795,1,medium
2035-01-05T13:45:00Z,0.56282009,105.0,845.81530591,1682.53673614,4.0,55.0,439.0,0.0,0.0,-0.44228869,-0.89687274,-0.43388374,-0.90096887,0.56383447,1.98577867,0.54159746,2.58475357,0.63671377,3.03600769,0.61608954,0.55382391,0.53541647,0.5688974,0.59507445,1,medium
2035-01-05T14:00:00Z,0.61964002,106.0,769.33796524,1668.61179313,4.0,56.0,440.0,0.0,0.0,-0.5,-0.8660254,-0.43388374,-0.90096887,0.57468768,2.42603261,0.54776233,2.89260739,0.62709702,3.24891912,0.61608954,0.56282009,0.57622717,0.54566152,0.62421606,1,medium
2035-01-05T14:15:00Z,0.6144372,107.0,845.66861801,1695.83551599,4.0,57.0,441.0,0.0,0.0,-0.55557023,-0.83146961,-0.43388374,-0.90096887,0.58768031,2.19069735,0.55404477,2.87967585,0.61700371,3.24418929,0.38075428,0.61964002,0.5624667,0.53904798,0.6138654,1,medium
2035-01-05T14:30:00Z,0.65703389,107.0,813.10017897,1700.35684917,4.0,58.0,442.0,0.0,0.0,-0.60876143,-0.79335334,-0.43388374,-0.90096887,0.6134828,3.12442966,0.56443708,3.20852872,0.60989581,3.30626327,0.14307766,0.6144372,0.55382391,0.53232615,0.65222914,1,medium
2035-01-05T14:45:00Z,0.70293848,106.0,807.60071873,1677.47743114,4.0,59.0,443.0,0.0,0.0,-0.65934582,-0.75183981,-0.43388374,-0.90096887,0.6485124,4.13941106,0.57675062,3.41986379,0.60565821,3.41132305,0.14307766,0.65703389,0.56282009,0.55517601,0.64745286,1,medium
2035-01-05T15:00:00Z,0.72302231,107.0,815.2507175,1661.43271728,4.0,60.0,444.0,0.0,0.0,-0.70710678,-0.70710678,-0.43388374,-0.90096887,0.67435797,3.12916813,0.59539039,3.09218151,0.60196264,3.47094575,0.14307766,0.70293848,0.61964002,0.49934502,0.73413024,1,medium
2035-01-05T15:15:00Z,0.70969122,106.0,817.35997344,1687.69178614,4.0,61.0,445.0,0.0,0.0,-0.75183981,-0.65934582,-0.43388374,-0.90096887,0.69817147,3.35269546,0.6101114,2.90552075,0.59913856,3.3750804,0.36660499,0.72302231,0.6144372,0.53303911,0.70544011,1,medium
2035-01-05T15:30:00Z,0.73285721,106.0,803.3016412,1668.72479213,4.0,62.0,446.0,0.0,0.0,-0.79335334,-0.60876143,-0.43388374,-0.90096887,0.7171273,2.81835145,0.62919789,2.85002825,0.60003568,3.17810396,0.36660499,0.70969122,0.65703389,0.50381938,0.74492888,1,medium
2035-01-05T15:45:00Z,0.72093239,106.0,834.84133412,1684.36676849,4.0,63.0,447.0,0.0,0.0,-0.83146961,-0.55557023,-0.43388374,-0.90096887,0.72162578,1.88390785,0.64465755,2.66969919,0.60254325,3.00095441,0.69453773,0.73285721,0.70293848,0.53541647,0.76996385,1,medium
2035-01-05T16:00:00Z,0.77356427,105.0,788.21609609,1685.90698521,4.0,64.0,448.0,0.0,0.0,-0.8660254,-0.5,-0.43388374,-0.90096887,0.73426127,2.77897934,0.66110231,2.77806003,0.60620096,3.1274691,0.69453773,0.72093239,0.72302231,0.57622717,0.77958891,1,medium
2035-01-05T16:15:00Z,0.79799266,106.0,792.81714555,1697.70739452,4.0,65.0,449.0,0.0,0.0,-0.89687274,-0.44228869,-0.43388374,-0.90096887,0.75633663,3.08415514,0.68072947,2.87584932,0.61401901,2.89375836,0.32793274,0.77356427,0.70969122,0.5624667,0.73851391,1,medium
2035-01-05T16:30:00Z,0.75344558,107.0,795.54296594,1641.75057081,4.0,66.0,450.0,0.0,0.0,-0.92387953,-0.38268343,-0.43388374,-0.90096887,0.76148372,3.67213489,0.69736461,3.204972,0.61973425,3.07079877,1.55297741,0.79799266,0.73285721,0.55382391,0.7392504,1,medium
2035-01-05T16:45:00Z,0.78748335,106.0,799.7701601,1692.24953351,4.0,67.0,451.0,0.0,0.0,-0.94693013,-0.32143947,-0.43388374,-0.90096887,0.77812146,4.28024083,0.71608655,3.43451991,0.628842,3.00963674,1.22504467,0.75344558,0.72093239,0.56282009,0.76168514,1,medium
2035-01-05T17:00:00Z,0.75336771,107.0,793.0155257,1634.85442557,4.0,68.0,452.0,0.0,0.0,-0.96592583,-0.25881905,-0.43388374,-0.90096887,0.77307232,3.77104425,0.72723052,3.22639724,0.63749643,3.05950232,2.16322478,0.78748335,0.77356427,0.61964002,0.74154976,1,medium
2035-01-05T17:15:00Z,0.72258715,105.0,821.72981993,1719.37208774,4.0,69.0,453.0,0.0,0.0,-0.98078528,-0.19509032,-0.43388374,-0.90096887,0.75422095,3.94572882,0.73624302,3.46085981,0.64514389,3.17026783,3.00969015,0.75336771,0.79799266,0.6144372,0.72255165,1,medium
2035-01-05T17:30:00Z,0.73151485,107.0,825.08274383,1699.05173062,4.0,70.0,454.0,0.0,0.0,-0.99144486,-0.13052619,-0.43388374,-0.90096887,0.74873827,2.96619591,0.74244976,3.15222742,0.65344342,3.18037807,1.78464547,0.72258715,0.75344558,0.65703389,0.73597503,0,low
2035-01-05T17:45:00Z,0.67492899,105.0,805.71550519,1598.85243934,4.0,71.0,455.0,0.0,0.0,-0.99785892,-0.06540313,-0.43388374,-0.90096887,0.72059968,3.58626829,0.74011564,3.25013899,0.65843313,3.33500139,3.34075653,0.73151485,0.78748335,0.70293848,0.6668093,0,low
2035-01-05T18:00:00Z,0.68701622,107.0,821.83070841,1689.37029912,4.0,72.0,456.0,0.0,0.0,-1.0,-0.0,-0.43388374,-0.90096887,0.7040118,2.98048677,0.73711513,3.17683678,0.66625276,3.13450915,2.40257642,0.67492899,0.75336771,0.72302231,0.67272986,0,low
2035-01-05T18:15:00Z,0.61501247,107.0,797.23447042,1613.17709572,4.0,73.0,457.0,0.0,0.0,-0.99785892,0.06540313,-0.43388374,-0.90096887,0.67711813,4.11412439,0.72922524,3.71466945,0.66966832,3.3100951,3.53621404,0.68701622,0.72258715,0.70969122,0.63390036,0,low
2035-01-05T18:30:00Z,0.58076421,107.0,819.48524563,1712.37561818,4.0,74.0,458.0,0.0,0.0,-0.99144486,0.13052619,-0.43388374,-0.90096887,0.63943047,4.81043977,0.71655082,3.81625686,0.67287435,3.33314255,4.47804119,0.61501247,0.73151485,0.73285721,0.5910587,0,low
2035-01-05T18:45:00Z,0.56791298,106.0,836.92832424,1690.62313264,4.0,75.0,459.0,0.0,0.0,-0.98078528,0.19509032,-0.43388374,-0.90096887,0.61267647,3.60773763,0.7037992,3.82474892,0.67422838,3.24722406,3.27533905,0.58076421,0.67492899,0.72093239,0.59528756,0,low
2035-01-05T19:00:00Z,0.57622143,106.0,815.94022427,1742.87221122,4.0,76.0,460.0,0.0,0.0,-0.96592583,0.25881905,-0.43388374,-0.90096887,0.58497777,3.50382149,0.68735397,3.41845084,0.67422814,3.09825543,3.27533905,0.56791298,0.68701622,0.77356427,0.53533493,0,low
2035-01-05T19:15:00Z,0.53276167,107.0,786.62830132,1660.54225463,4.0,77.0,461.0,0.0,0.0,-0.94693013,0.32143947,-0.43388374,-0.90096887,0.56441507,2.7188618,0.66525138,3.592905,0.67299043,3.23437716,2.49037936,0.57622143,0.61501247,0.79799266,0.50339472,0,low
2035-01-05T19:30:00Z,0.45667919,107.0,760.13771721,1615.11842587,4.0,78.0,462.0,0.0,0.0,-0.92387953,0.38268343,-0.43388374,-0.90096887,0.53339382,3.86930301,0.64052085,3.88197956,0.66894273,3.54347578,3.64082056,0.53276167,0.58076421,0.75344558,0.47867307,0,low
2035-01-05T19:45:00Z,0.42384512,107.0,802.73953163,1677.36111712,4.0,79.0,463.0,0.0,0.0,-0.89687274,0.44228869,-0.43388374,-0.90096887,0.49737685,4.41883091,0.61021767,3.87094561,0.66315211,3.65273276,4.19034846,0.45667919,0.56791298,0.78748335,0.47821305,0,low
2035-01-05T20:00:00Z,0.39995479,105.0,822.7310237,1717.49871192,4.0,80.0,464.0,0.0,0.0,-0.8660254,0.5,-0.43388374,-0.90096887,0.45331019,4.84733262,0.58076659,3.77721363,0.65399856,3.50180543,4.84733262,0.42384512,0.57622143,0.75336771,0.46769649,0,low
2035-01-05T20:15:00Z,0.39957293,106.0,823.47094811,1761.7959698,4.0,81.0,465.0,0.0,0.0,-0.83146961,0.55557023,-0.43388374,-0.90096887,0.42001301,3.66269035,0.55384874,3.49855884,0.64504588,3.47970933,3.66269035,0.39995479,0.53276167,0.72258715,0.38191155,0,low
2035-01-05T20:30:00Z,0.42384415,105.0,802.22556904,1703.21134346,4.0,82.0,466.0,0.0,0.0,-0.79335334,0.60876143,-0.43388374,-0.90096887,0.41180425,2.23788056,0.52820951,3.63920778,0.63532964,3.3957176,1.570422,0.39957293,0.45667919,0.73151485,0.37625641,0,low
2035-01-05T20:45:00Z,0.37377683,106.0,800.9092123,1668.17541793,4.0,83.0,467.0,0.0,0.0,-0.75183981,0.65934582,-0.43388374,-0.90096887,0.39928718,2.71179517,0.5031135,3.57945457,0.62161457,3.41479678,2.04433661,0.42384415,0.42384512,0.67492899,0.40601765,0,low
2035-01-05T21:00:00Z,0.3765696,107.0,847.92079197,1758.40992672,4.0,84.0,468.0,0.0,0.0,-0.70710678,0.70710678,-0.43388374,-0.90096887,0.39344088,2.13161227,0.47724295,3.49425546,0.60717904,3.33554612,1.38735246,0.37377683,0.39995479,0.68701622,0.39590112,0,low
2035-01-05T21:15:00Z,0.34041295,106.0,827.43400644,1691.35480494,4.0,85.0,469.0,0.0,0.0,-0.65934582,0.75183981,-0.43388374,-0.90096887,0.37865088,3.11541922,0.45435966,3.16565712,0.59179245,3.44016329,2.37115941,0.3765696,0.39957293,0.61501247,0.33370412,0,low
2035-01-05T21:30:00Z,0.34531491,107.0,834.81846259,1693.19347058,4.0,86.0,470.0,0.0,0.0,-0.60876143,0.79335334,-0.43388374,-0.90096887,0.35901857,2.58276448,0.43473888,2.89664935,0.57564485,3.3564531,2.37115941,0.34041295,0.42384415,0.58076421,0.37688244,0,low
2035-01-05T21:45:00Z,0.32780605,106.0,809.38740751,1712.11297913,4.0,87.0,471.0,0.0,0.0,-0.55557023,0.83146961,-0.43388374,-0.90096887,0.34752588,1.6874066,0.41472997,2.93934423,0.55926459,3.38204657,1.47580153,0.34531491,0.37377683,0.56791298,0.35624999,0,low
2035-01-05T22:00:00Z,0.33753306,106.0,809.38004164,1670.12657586,4.0,88.0,472.0,0.0,0.0,-0.5,0.8660254,-0.43388374,-0.90096887,0.33776674,1.87809823,0.39483927,2.9523477,0.54109662,3.18539927,1.47580153,0.32780605,0.3765696,0.57622143,0.34592755,0,low
2035-01-05T22:15:00Z,0.35742123,107.0,802.23306367,1651.29999147,4.0,89.0,473.0,0.0,0.0,-0.44228869,0.89687274,-0.43388374,-0.90096887,0.34201881,1.43071493,0.38022757,2.73627483,0.52273948,3.16458992,0.48149355,0.33753306,0.34041295,0.53276167,0.30816928,0,low
2035-01-05T22:30:00Z,0.36045156,106.0,818.21237073,1706.91286703,4.0,90.0,474.0,0.0,0.0,-0.38268343,0.92387953,-0.43388374,-0.90096887,0.34580298,1.37924508,0.3722086,2.06663004,0.50636473,2.9743048,0.48149355,0.35742123,0.34531491,0.45667919,0.30563074,0,low
2035-01-05T22:45:00Z,0.31712199,105.0,796.80240692,1684.30415315,4.0,91.0,475.0,0.0,0.0,-0.32143947,0.94693013,-0.43388374,-0.90096887,0.34313196,2.08931473,0.363315,2.16283883,0.48676634,3.01689222,1.19156321,0.36045156,0.32780605,0.42384512,0.36148329,0,low
2035-01-05T23:00:00Z,0.33321387,105.0,838.05806234,1671.22795779,4.0,92.0,476.0,0.0,0.0,-0.25881905,0.96592583,-0.43388374,-0.90096887,0.34205216,2.26434853,0.35775326,2.09135301,0.46925993,2.93428332,1.19156321,0.31712199,0.33753306,0.39995479,0.35798477,0,low
2035-01-05T23:15:00Z,0.32256968,107.0,829.94924276,1683.74636961,4.0,93.0,477.0,0.0,0.0,-0.19509032,0.98078528,-0.43388374,-0.90096887,0.33333927,2.01013907,0.35133632,2.18542441,0.45259253,2.84199163,1.48427843,0.33321387,0.35742123,0.39957293,0.3304447,0,low
2035-01-05T23:30:00Z,0.37005512,106.0,783.72473266,1610.78169152,4.0,94.0,478.0,0.0,0.0,-0.13052619,0.99144486,-0.43388374,-0.90096887,0.33574016,3.23265474,0.3468539,2.39822143,0.43753171,3.0187146,1.48427843,0.32256968,0.36045156,0.42384415,0.35102075,0,low
2035-01-05T23:45:00Z,0.34567633,106.0,834.20729435,1666.09304916,4.0,95.0,479.0,0.0,0.0,-0.06540313,0.99785892,-0.43388374,-0.90096887,0.34287875,2.71150817,0.3445122,2.16274317,0.42381285,2.87109887,0.96313186,0.37005512,0.31712199,0.37377683,0.31596735,0,low
2035-01-06T00:00:00Z,0.28749071,107.0,777.34651215,1647.64208105,5.0,0.0,480.0,1.0,0.0,0.0,1.0,-0.97492791,-0.22252093,0.33144796,3.869086,0.33708895,2.67051092,0.40716595,3.08238319,2.56323637,0.34567633,0.33321387,0.3765696,0.37744421,0,low
2035-01-06T00:15:00Z,0.28475734,107.0,826.9077012,1712.82431328,5.0,1.0,481.0,1.0,0.0,0.06540313,0.99785892,-0.97492791,-0.22252093,0.32199488,3.65153848,0.33245099,2.36413082,0.39340532,2.76489397,2.34568884,0.28749071,0.32256968,0.34041295,0.34559298,0,low
2035-01-06T00:30:00Z,0.30828766,107.0,804.76420768,1689.18839058,5.0,2.0,482.0,1.0,0.0,0.13052619,0.99144486,-0.97492791,-0.22252093,0.30655301,2.99277257,0.32936538,2.5348908,0.38205213,2.71577007,2.34568884,0.28475734,0.37005512,0.34531491,0.32671649,0,low
2035-01-06T00:45:00Z,0.32908152,107.0,828.73052048,1734.78057472,5.0,3.0,483.0,1.0,0.0,0.19509032,0.98078528,-0.97492791,-0.22252093,0.30240431,2.89418719,0.32947167,2.56500336,0.37210082,2.7521738,1.6752722,0.30828766,0.34567633,0.32780605,0.38856334,0,low
2035-01-06T01:00:00Z,0.34332368,106.0,810.76575225,1743.81447886,5.0,4.0,484.0,1.0,0.0,0.25881905,0.96592583,-0.97492791,-0.22252093,0.31636255,1.68574184,0.32995422,2.60639212,0.36239675,2.77936991,0.07516769,0.32908152,0.28749071,0.33753306,0.33182512,0,low
2035-01-06T01:15:00Z,0.29403511,106.0,814.78865131,1676.82147615,5.0,5.0,485.0,1.0,0.0,0.32143947,0.94693013,-0.97492791,-0.22252093,0.31868199,2.9660097,0.32467205,2.87589575,0.35244981,2.80608529,1.35543556,0.34332368,0.28475734,0.35742123,0.34017954,0,low
2035-01-06T01:30:00Z,0.31592259,106.0,819.44963441,1662.88755427,5.0,6.0,486.0,1.0,0.0,0.38268343,0.92387953,-0.97492791,-0.22252093,0.32059072,2.92083161,0.3209613,3.04875297,0.34658495,2.55769151,1.35543556,0.29403511,0.30828766,0.36045156,0.37782827,0,low
2035-01-06T01:45:00Z,0.35870437,106.0,782.00190362,1625.81545692,5.0,7.0,487.0,1.0,0.0,0.44228869,0.89687274,-0.97492791,-0.22252093,0.32799644,3.52549947,0.3244265,3.04373161,0.34387075,2.60328522,1.35543556,0.31592259,0.32908152,0.31712199,0.39202213,0,low
2035-01-06T02:00:00Z,0.35144305,105.0,817.28544972,1678.62002057,5.0,8.0,488.0,1.0,0.0,0.5,0.8660254,-0.97492791,-0.22252093,0.33002628,3.33352681,0.3259456,2.96278489,0.34184943,2.52706895,1.55512206,0.35870437,0.34332368,0.33321387,0.36239431,0,low
2035-01-06T02:15:00Z,0.3282832,105.0,811.70614438,1720.46376734,5.0,9.0,489.0,1.0,0.0,0.55557023,0.83146961,-0.97492791,-0.22252093,0.3385883,2.61498711,0.32642172,3.07751176,0.33887902,2.63146809,0.83658236,0.35144305,0.29403511,0.32256968,0.39817767,0,low
2035-01-06T02:30:00Z,0.35528171,106.0,803.64116013,1711.0495206,5.0,10.0,490.0,1.0,0.0,0.60876143,0.79335334,-0.97492791,-0.22252093,0.34842808,2.75554047,0.32519061,2.88971489,0.33602225,2.64396816,0.83658236,0.3282832,0.31592259,0.37005512,0.41135964,0,low
2035-01-06T02:45:00Z,0.3520089,105.0,824.80889067,1711.17864734,5.0,11.0,491.0,1.0,0.0,0.65934582,0.75183981,-0.97492791,-0.22252093,0.34675421,1.66904346,0.32571832,2.69624337,0.33511526,2.42949327,0.92658446,0.35528171,0.35870437,0.34567633,0.4086886,0,low
2035-01-06T03:00:00Z,0.36992044,107.0,797.73797329,1685.28751902,5.0,12.0,492.0,1.0,0.0,0.70710678,0.70710678,-0.97492791,-0.22252093,0.35137356,1.96192434,0.33258746,2.32706433,0.33483821,2.49878763,0.72689796,0.3520089,0.35144305,0.28749071,0.4120415,0,low
2035-01-06T03:15:00Z,0.36650203,106.0,816.35883349,1697.17865916,5.0,13.0,493.0,1.0,0.0,0.75183981,0.65934582,-0.97492791,-0.22252093,0.36092827,1.4190349,0.33939952,2.33334391,0.33592525,2.34873737,0.18400852,0.36992044,0.3282832,0.28475734,0.45594596,0,low
2035-01-06T03:30:00Z,0.36569235,106.0,840.85925102,1748.23112183,5.0,14.0,494.0,1.0,0.0,0.79335334,0.60876143,-0.97492791,-0.22252093,0.36353093,0.69884195,0.34418325,2.12507134,0.33677431,2.32998107,0.20627457,0.36650203,0.35528171,0.30828766,0.40496891,0,low
2035-01-06T03:45:00Z,0.39880719,107.0,795.47788317,1655.39214194,5.0,15.0,495.0,1.0,0.0,0.83146961,0.55557023,-0.97492791,-0.22252093,0.3752305,1.51949783,0.34999372,2.23801359,0.3397327,2.40150848,0.11627246,0.36569235,0.3520089,0.32908152,0.45081677,0,low
2035-01-06T04:00:00Z,0.4438693,106.0,819.70080819,1650.79942528,5.0,16.0,496.0,1.0,0.0,0.8660254,0.5,-0.97492791,-0.22252093,0.39371772,2.26613839,0.35837252,2.52052985,0.34416337,2.56346099,0.11627246,0.39880719,0.36992044,0.34332368,0.44403495,0,low
2035-01-06T04:15:00Z,0.40093514,105.0,795.57727306,1628.27782853,5.0,17.0,497.0,1.0,0.0,0.89687274,0.44228869,-0.97492791,-0.22252093,0.40232599,3.35282132,0.36728085,2.46228111,0.34597645,2.66908843,1.20295539,0.4438693,0.36650203,0.29403511,0.50444303,0,low
2035-01-06T04:30:00Z,0.46346246,106.0,769.82475175,1654.36177796,5.0,18.0,498.0,1.0,0.0,0.92387953,0.38268343,-0.97492791,-0.22252093,0.42676852,5.05005654,0.37957584,2.83481299,0.35026857,2.94178298,1.18068935,0.40093514,0.36569235,0.31592259,0.52006044,0,low
2035-01-06T04:45:00Z,0.44762013,106.0,823.85458687,1680.45790097,5.0,19.0,499.0,1.0,0.0,0.94693013,0.32143947,-0.97492791,-0.22252093,0.43897176,4.57506251,0.38698549,2.58786793,0.35570599,2.81579977,1.6163533,0.46346246,0.39880719,0.35870437,0.52519629,1,medium
2035-01-06T05:00:00Z,0.52482479,106.0,779.11945323,1574.88523582,5.0,20.0,500.0,1.0,0.0,0.96592583,0.25881905,-0.97492791,-0.22252093,0.45921063,5.45898274,0.40143397,3.22901515,0.36368978,3.09590002,1.6163533,0.44762013,0.4438693,0.35144305,0.57569732,1,medium
2035-01-06T05:15:00Z,0.54531592,105.0,812.01175236,1677.42623277,5.0,21.0,501.0,1.0,0.0,0.98078528,0.19509032,-0.97492791,-0.22252093,0.49530583,4.84179944,0.41952003,3.20455189,0.37297088,3.14103183,0.43566395,0.52482479,0.40093514,0.3282832,0.63447881,1,medium
2035-01-06T05:30:00Z,0.58819011,107.0,814.78009927,1621.22757707,5.0,22.0,502.0,1.0,0.0,0.99144486,0.13052619,-0.97492791,-0.22252093,0.52648774,4.30133844,0.43892906,3.35007898,0.38205983,3.11989693,0.43566395,0.54531592,0.46346246,0.35528171,0.64772283,1,medium
2035-01-06T05:45:00Z,0.62352163,105.0,820.23019935,1652.90692649,5.0,23.0,503.0,1.0,0.0,0.99785892,0.06540313,-0.97492791,-0.22252093,0.57046311,4.83729112,0.46155512,3.64395048,0.39363672,3.17009693,0.0,0.58819011,0.44762013,0.3520089,0.68440533,1,medium
2035-01-06T06:00:00Z,0.62150182,106.0,845.59022244,1746.73471036,5.0,24.0,504.0,1.0,0.0,1.0,0.0,-0.97492791,-0.22252093,0.59463237,2.76970763,0.48252024,3.49827625,0.40755385,2.91267029,0.05554469,0.62352163,0.52482479,0.36992044,0.68348833,1,medium
2035-01-06T06:15:00Z,0.65278341,106.0,796.2631651,1703.02041918,5.0,25.0,505.0,1.0,0.0,0.99785892,-0.06540313,-0.97492791,-0.22252093,0.62149924,3.06644525,0.50637702,3.75368867,0.42288827,3.04351629,0.05554469,0.62150182,0.54531592,0.36650203,0.76100426,1,medium
2035-01-06T06:30:00Z,0.69223852,107.0,803.22572951,1638.55819871,5.0,26.0,506.0,1.0,0.0,0.99144486,-0.13052619,-0.97492791,-0.22252093,0.64751134,2.97242064,0.5335892,4.10793854,0.43888622,3.11650494,0.05554469,0.65278341,0.58819011,0.36569235,0.79304635,1,medium
2035-01-06T06:45:00Z,0.74879697,107.0,776.91573417,1610.85288421,5.0,27.0,507.0,1.0,0.0,0.98078528,-0.19509032,-0.97492791,-0.22252093,0.67883018,3.55616127,0.56275502,4.3228383,0.45637437,3.28042594,0.05554469,0.69223852,0.62352163,0.39880719,0.82057665,1,medium
2035-01-06T07:00:00Z,0.71353654,107.0,809.47361435,1638.64072208,5.0,28.0,508.0,1.0,0.0,0.96592583,-0.25881905,-0.97492791,-0.22252093,0.70183886,4.47027848,0.58522729,4.23298961,0.4717999,3.37675973,0.9696619,0.74879697,0.62150182,0.4438693,0.84072555,1,medium
2035-01-06T07:15:00Z,0.73988593,106.0,804.8026216,1658.58247211,5.0,29.0,509.0,1.0,0.0,0.94693013,-0.32143947,-0.97492791,-0.22252093,0.72361449,4.33464315,0.61347319,4.08096261,0.49037702,3.27162186,0.9696619,0.71353654,0.65278341,0.40093514,0.8876738,1,medium
2035-01-06T07:30:00Z,0.77280629,106.0,790.66282459,1678.02612223,5.0,30.0,510.0,1.0,0.0,0.92387953,-0.38268343,-0.97492791,-0.22252093,0.74375643,4.15493744,0.63925184,3.8095655,0.50941384,3.32218925,0.9696619,0.73988593,0.69223852,0.46346246,0.87797599,1,medium
2035-01-06T07:45:00Z,0.79296963,107.0,823.77222352,1665.96295841,5.0,31.0,511.0,1.0,0.0,0.89687274,-0.44228869,-0.97492791,-0.22252093,0.7547996,3.15407189,0.66803096,3.84917476,0.52750823,3.21852134,0.9696619,0.77280629,0.74879697,0.44762013,0.8608084,1,medium
2035-01-06T08:00:00Z,0.73254961,106.0,768.44865642,1603.87244792,5.0,32.0,512.0,1.0,0.0,0.8660254,-0.5,-0.97492791,-0.22252093,0.75955287,3.84596032,0.68534136,3.69531548,0.54338767,3.46216532,1.66155034,0.79296963,0.71353654,0.52482479,0.85044187,1,medium
2035-01-06T08:15:00Z,0.77560605,107.0,808.42212831,1667.7008536,5.0,33.0,513.0,1.0,0.0,0.83146961,-0.55557023,-0.97492791,-0.22252093,0.7684829,4.30540399,0.70453221,3.90216413,0.56202612,3.55335801,1.66155034,0.73254961,0.73988593,0.54531592,0.85667666,1,medium
2035-01-06T08:30:00Z,0.7306243,106.0,816.28917771,1694.00093585,5.0,34.0,514.0,1.0,0.0,0.79335334,-0.60876143,-0.97492791,-0.22252093,0.7579374,4.6370921,0.71640172,3.92148339,0.57766539,3.63578118,2.89854838,0.77560605,0.77280629,0.58819011,0.82762338,1,medium
2035-01-06T08:45:00Z,0.71294036,106.0,835.62927793,1721.89520994,5.0,35.0,515.0,1.0,0.0,0.75183981,-0.65934582,-0.97492791,-0.22252093,0.73793008,4.56890887,0.72385329,3.75971401,0.5927042,3.70183225,3.38485686,0.7306243,0.79296963,0.62352163,0.80464092,0,low
2035-01-06T09:00:00Z,0.71667495,105.0,851.64327662,1744.1008502,5.0,36.0,516.0,1.0,0.0,0.70710678,-0.70710678,-0.97492791,-0.22252093,0.73396141,3.01005968,0.73178438,3.77543283,0.60715231,3.63685454,1.72330652,0.71294036,0.73254961,0.62150182,0.81171616,0,low
2035-01-06T09:15:00Z,0.69798681,105.0,799.56020273,1661.49431392,5.0,37.0,517.0,1.0,0.0,0.65934582,-0.75183981,-0.97492791,-0.22252093,0.7145566,2.3399314,0.73555133,3.65999285,0.62096417,3.70684076,2.23723026,0.71667495,0.77560605,0.65278341,0.77746899,0,low
2035-01-06T09:30:00Z,0.64271319,106.0,802.17191007,1679.16292974,5.0,38.0,518.0,1.0,0.0,0.60876143,-0.79335334,-0.97492791,-0.22252093,0.69257883,2.62295794,0.73142422,3.80499582,0.63250671,3.95646718,2.52025679,0.69798681,0.7306243,0.69223852,0.71132632,0,low
2035-01-06T09:45:00Z,0.58609491,107.0,798.52748002,1682.45263011,5.0,39.0,519.0,1.0,0.0,0.55557023,-0.83146961,-0.97492791,-0.22252093,0.66086746,3.69365208,0.71786571,3.80554428,0.64031036,4.06419129,3.59095094,0.64271319,0.71294036,0.74879697,0.66075068,0,low
2035-01-06T10:00:00Z,0.56353345,106.0,821.40281848,1687.60186993,5.0,40.0,520.0,1.0,0.0,0.5,-0.8660254,-0.97492791,-0.22252093,0.62258209,4.21139116,0.70536546,3.68913705,0.64529637,3.96106333,4.21139116,0.58609491,0.71667495,0.71353654,0.68577935,0,low
2035-01-06T10:15:00Z,0.56818254,107.0,812.91158314,1748.12431228,5.0,41.0,521.0,1.0,0.0,0.44228869,-0.89687274,-0.97492791,-0.22252093,0.59013102,3.82531743,0.69105684,3.49021761,0.65226501,3.78559011,3.69746742,0.56353345,0.69798681,0.73988593,0.61035953,0,low
2035-01-06T10:30:00Z,0.5613686,106.0,814.12709031,1673.61902736,5.0,42.0,522.0,1.0,0.0,0.38268343,-0.92387953,-0.97492791,-0.22252093,0.56979488,2.4926762,0.67343703,3.25090874,0.65634444,3.53023712,2.36482619,0.56818254,0.64271319,0.77280629,0.61627961,0,low
2035-01-06T10:45:00Z,0.49343851,106.0,778.26447075,1595.26815336,5.0,43.0,523.0,1.0,0.0,0.32143947,-0.94693013,-0.97492791,-0.22252093,0.54663077,2.80375115,0.64847611,3.6887707,0.65825353,3.76897273,2.67590114,0.5613686,0.58609491,0.79296963,0.5688974,0,low
2035-01-06T11:00:00Z,0.45984498,106.0,798.68674683,1700.35077171,5.0,44.0,524.0,1.0,0.0,0.25881905,-0.96592583,-0.97492791,-0.22252093,0.52070866,3.10713286,0.62575072,3.44286123,0.65554604,3.56908835,2.97928284,0.49343851,0.56353345,0.73254961,0.54566152,0,low
2035-01-06T11:15:00Z,0.48509115,106.0,802.10347218,1728.71555456,5.0,45.0,525.0,1.0,0.0,0.19509032,-0.98078528,-0.97492791,-0.22252093,0.49993581,3.67355245,0.60154115,3.27960043,0.65303668,3.59088228,2.97928284,0.45984498,0.56818254,0.77560605,0.53904798,0,low
2035-01-06T11:30:00Z,0.46380894,107.0,798.88629774,1724.711758,5.0,46.0,526.0,1.0,0.0,0.13052619,-0.99144486,-0.97492791,-0.22252093,0.4755459,4.07142979,0.57930653,3.06235464,0.64785413,3.49191902,3.37716018,0.48509115,0.5613686,0.7306243,0.53232615,0,low
2035-01-06T11:45:00Z,0.47927931,105.0,800.77212732,1718.58259282,5.0,47.0,527.0,1.0,0.0,0.06540313,-0.99785892,-0.97492791,-0.22252093,0.4720061,2.62878731,0.55983478,3.04206351,0.64184403,3.40088876,1.50908261,0.46380894,0.49343851,0.71294036,0.55517601,0,low
2035-01-06T12:00:00Z,0.45747812,106.0,833.24341572,1693.9543937,5.0,48.0,528.0,1.0,0.0,0.0,-1.0,-0.97492791,-0.22252093,0.47141438,2.30449809,0.53823504,3.20767404,0.63500971,3.49155343,1.18479339,0.47927931,0.45984498,0.71667495,0.49934502,0,low
2035-01-06T12:15:00Z,0.45346458,106.0,847.26928237,1699.68380488,5.0,49.0,529.0,1.0,0.0,-0.06540313,-0.99785892,-0.97492791,-0.22252093,0.46350774,1.72060079,0.51785819,3.07315689,0.62670476,3.36657487,1.29516569,0.45747812,0.48509115,0.69798681,0.53303911,0,low
2035-01-06T12:30:00Z,0.48575218,107.0,826.87284077,1695.56510414,5.0,50.0,530.0,1.0,0.0,-0.13052619,-0.99144486,-0.97492791,-0.22252093,0.46899355,2.02324914,0.50477811,2.86245171,0.61810116,3.33372377,0.70990501,0.45346458,0.46380894,0.64271319,0.50381938,0,low
2035-01-06T12:45:00Z,0.46772228,106.0,819.60897338,1684.0041322,5.0,51.0,531.0,1.0,0.0,-0.19509032,-0.98078528,-0.97492791,-0.22252093,0.46610429,2.09363642,0.49491372,2.50872496,0.60638972,3.15713462,1.20572739,0.48575218,0.47927931,0.58609491,0.53541647,0,low
2035-01-06T13:00:00Z,0.45060674,107.0,833.07057296,1718.17106293,5.0,52.0,532.0,1.0,0.0,-0.25881905,-0.96592583,-0.97492791,-0.22252093,0.46438645,1.96478116,0.48550316,2.45880404,0.59543431,3.07397054,1.07687212,0.46772228,0.45747812,0.56353345,0.57622717,0,low
2035-01-06T13:15:00Z,0.46768679,106.0,813.21358292,1663.38092186,5.0,53.0,533.0,1.0,0.0,-0.32143947,-0.94693013,-0.97492791,-0.22252093,0.467942,2.32411022,0.47712852,2.57275449,0.58409268,3.03148605,0.96649982,0.45060674,0.45346458,0.56818254,0.5624667,0,low
2035-01-06T13:30:00Z,0.48001639,106.0,830.32253142,1693.78238479,5.0,54.0,534.0,1.0,0.0,-0.38268343,-0.92387953,-0.97492791,-0.22252093,0.46650805,1.77526519,0.47034916,2.62331471,0.5718931,2.93711173,0.96649982,0.46768679,0.48575218,0.5613686,0.55382391,0,low
2035-01-06T13:45:00Z,0.496387,105.0,828.28669303,1680.22252309,5.0,55.0,535.0,1.0,0.0,-0.44228869,-0.89687274,-0.97492791,-0.22252093,0.47367423,1.72963458,0.47059487,2.1506861,0.55953549,2.9197284,0.47067745,0.48001639,0.46772228,0.49343851,0.56282009,0,low
2035-01-06T14:00:00Z,0.5372196,106.0,785.34370072,1685.22216406,5.0,56.0,536.0,1.0,0.0,-0.5,-0.8660254,-0.97492791,-0.22252093,0.49532744,2.38185371,0.47704276,2.21704432,0.55139674,2.82995278,0.0,0.496387,0.45060674,0.45984498,0.61964002,1,medium
2035-01-06T14:15:00Z,0.55066458,105.0,828.13309053,1689.02296004,5.0,57.0,537.0,1.0,0.0,-0.55557023,-0.83146961,-0.97492791,-0.22252093,0.51607189,2.28188923,0.48250721,2.10886675,0.54202418,2.69423359,0.0,0.5372196,0.46768679,0.48509115,0.6144372,1,medium
2035-01-06T14:30:00Z,0.57603328,105.0,827.12630455,1720.07957892,5.0,58.0,538.0,1.0,0.0,-0.60876143,-0.79335334,-0.97492791,-0.22252093,0.54007611,2.64046472,0.49185924,2.14632635,0.53558288,2.6043405,0.0,0.55066458,0.48001639,0.46380894,0.65703389,1,medium
2035-01-06T14:45:00Z,0.57748656,105.0,831.46602216,1709.6449091,5.0,59.0,539.0,1.0,0.0,-0.65934582,-0.75183981,-0.97492791,-0.22252093,0.560351,2.23023807,0.50004317,2.01783636,0.52993898,2.52994994,0.0,0.57603328,0.496387,0.47927931,0.70293848,1,medium
2035-01-06T15:00:00Z,0.6431948,105.0,768.7294115,1591.88552466,5.0,60.0,540.0,1.0,0.0,-0.70710678,-0.70710678,-0.97492791,-0.22252093,0.58684481,2.91431809,0.51551956,2.42031765,0.5268773,2.81399584,0.0,0.57748656,0.5372196,0.45747812,0.72302231,1,medium
2035-01-06T15:15:00Z,0.62484937,105.0,803.64794063,1700.96344844,5.0,61.0,541.0,1.0,0.0,-0.75183981,-0.65934582,-0.97492791,-0.22252093,0.605391,3.04908055,0.52980163,2.55169333,0.52382991,2.81242511,0.50449935,0.6431948,0.55066458,0.45346458,0.70969122,1,medium
2035-01-06T15:30:00Z,0.62481732,107.0,810.63781727,1699.17132645,5.0,62.0,542.0,1.0,0.0,-0.79335334,-0.60876143,-0.97492791,-0.22252093,0.61758701,2.35232243,0.54139039,2.25601744,0.52308425,2.55923458,0.50538071,0.62484937,0.57603328,0.48575218,0.73285721,1,medium
2035-01-06T15:45:00Z,0.6751373,107.0,775.75286248,1609.17627968,5.0,63.0,543.0,1.0,0.0,-0.83146961,-0.55557023,-0.97492791,-0.22252093,0.6419997,3.69615665,0.55867498,2.55200977,0.52679435,2.53036736,0.50538071,0.62481732,0.57748656,0.46772228,0.72093239,1,medium
2035-01-06T16:00:00Z,0.69064403,107.0,821.97305736,1724.81586579,5.0,64.0,544.0,1.0,0.0,-0.8660254,-0.5,-0.97492791,-0.22252093,0.65386201,2.31561528,0.57867808,2.53726236,0.53209062,2.4980332,0.50538071,0.6751373,0.6431948,0.45060674,0.77356427,1,medium
2035-01-06T16:15:00Z,0.69984279,105.0,831.69652211,1726.0354579,5.0,65.0,545.0,1.0,0.0,-0.89687274,-0.44228869,-0.97492791,-0.22252093,0.67261036,2.06408181,0.59802442,2.4650172,0.53757647,2.51888584,0.00088137,0.69064403,0.62484937,0.46768679,0.79799266,1,medium
2035-01-06T16:30:00Z,0.6969719,107.0,846.9346506,1755.19184329,5.0,66.0,546.0,1.0,0.0,-0.92387953,-0.38268343,-0.97492791,-0.22252093,0.69064901,2.14214992,0.61610404,2.37831235,0.5432266,2.50081353,0.07894948,0.69984279,0.62481732,0.48001639,0.75344558,1,medium
2035-01-06T16:45:00Z,0.67689074,107.0,833.48426349,1670.34790254,5.0,67.0,547.0,1.0,0.0,-0.94693013,-0.32143947,-0.97492791,-0.22252093,0.69108737,1.31058256,0.63114602,2.41232576,0.55087045,2.28150593,0.63118146,0.6969719,0.6751373,0.496387,0.78748335,1,medium
2035-01-06T17:00:00Z,0.67778931,106.0,817.82578365,1716.71718456,5.0,68.0,548.0,1.0,0.0,-0.96592583,-0.25881905,-0.97492791,-0.22252093,0.68787369,0.90885816,0.64286017,2.04626384,0.55995146,2.13165408,0.63118146,0.67689074,0.69064403,0.5372196,0.75336771,0,low
2035-01-06T17:15:00Z,0.6597403,105.0,838.80075073,1712.88153202,5.0,69.0,549.0,1.0,0.0,-0.98078528,-0.19509032,-0.97492791,-0.22252093,0.67784806,1.15224002,0.65194981,2.08846746,0.56722851,2.0986671,1.12752921,0.67778931,0.69984279,0.55066458,0.72258715,0,low
2035-01-06T17:30:00Z,0.60049727,106.0,807.14720876,1663.71622893,5.0,70.0,550.0,1.0,0.0,-0.99144486,-0.13052619,-0.97492791,-0.22252093,0.65372941,2.70247412,0.65398847,2.39898216,0.57292386,2.27265425,2.67776331,0.6597403,0.6969719,0.57603328,0.73151485,0,low
2035-01-06T17:45:00Z,0.64003017,106.0,800.14073333,1701.38389293,5.0,71.0,551.0,1.0,0.0,-0.99785892,-0.06540313,-0.97492791,-0.22252093,0.64451426,3.2373969,0.65920044,2.74804537,0.57962181,2.38294086,2.12553133,0.60049727,0.67689074,0.57748656,0.67492899,0,low
2035-01-06T18:00:00Z,0.59325571,106.0,784.90220916,1636.54032512,5.0,72.0,552.0,1.0,0.0,-1.0,-0.0,-0.97492791,-0.22252093,0.62338086,4.49898354,0.65503885,2.57448566,0.58527921,2.49740165,3.41182878,0.64003017,0.67778931,0.6431948,0.68701622,0,low
2035-01-06T18:15:00Z,0.57430763,107.0,831.29899697,1702.54776196,5.0,73.0,553.0,1.0,0.0,-0.99785892,0.06540313,-0.97492791,-0.22252093,0.60202269,4.52370795,0.65082704,2.58000993,0.59031433,2.56585163,3.4365532,0.59325571,0.6597403,0.62484937,0.61501247,0,low
2035-01-06T18:30:00Z,0.55891668,105.0,842.94230943,1743.31636707,5.0,74.0,554.0,1.0,0.0,-0.99144486,0.13052619,-0.97492791,-0.22252093,0.59162755,3.31777562,0.64533532,2.72079989,0.59336286,2.48840867,2.23062086,0.57430763,0.60049727,0.62481732,0.58076421,0,low
2035-01-06T18:45:00Z,0.52963189,106.0,807.74486549,1677.39632256,5.0,75.0,555.0,1.0,0.0,-0.98078528,0.19509032,-0.97492791,-0.22252093,0.56402798,3.03595262,0.63320987,2.52797736,0.59594242,2.53999356,3.03595262,0.55891668,0.64003017,0.6751373,0.56791298,0,low
2035-01-06T19:00:00Z,0.48444105,107.0,798.33498533,1688.44687633,5.0,76.0,556.0,1.0,0.0,-0.96592583,0.25881905,-0.97492791,-0.22252093,0.53682431,2.99240333,0.61602629,2.80008167,0.59735219,2.66867202,2.99240333,0.52963189,0.59325571,0.69064403,0.57622143,0,low
2035-01-06T19:15:00Z,0.43786512,106.0,810.9963969,1647.44163568,5.0,77.0,557.0,1.0,0.0,-0.94693013,0.32143947,-0.97492791,-0.22252093,0.50271368,3.75216907,0.59419481,3.14270568,0.59610962,2.80386144,3.75216907,0.48444105,0.57430763,0.69984279,0.53276167,0,low
2035-01-06T19:30:00Z,0.42238919,105.0,840.23896733,1659.76120288,5.0,78.0,558.0,1.0,0.0,-0.92387953,0.38268343,-0.97492791,-0.22252093,0.46858181,3.75450591,0.57131292,3.25825189,0.59370848,2.81828212,3.75450591,0.43786512,0.55891668,0.6969719,0.45667919,0,low
2035-01-06T19:45:00Z,0.37385308,107.0,793.49568981,1688.91219587,5.0,79.0,559.0,1.0,0.0,-0.89687274,0.44228869,-0.97492791,-0.22252093,0.42963711,4.28391727,0.54605978,3.51908893,0.5886029,2.96570735,4.28391727,0.42238919,0.52963189,0.67689074,0.42384512,0,low
2035-01-06T20:00:00Z,0.35495654,105.0,833.690389,1700.69247605,5.0,80.0,560.0,1.0,0.0,-0.8660254,0.5,-0.97492791,-0.22252093,0.39726598,3.560824,0.51915705,3.68407029,0.58100861,2.86516706,3.560824,0.37385308,0.48444105,0.67778931,0.39995479,0,low
2035-01-06T20:15:00Z,0.37417269,106.0,811.7146848,1722.84495546,5.0,81.0,561.0,1.0,0.0,-0.83146961,0.55557023,-0.97492791,-0.22252093,0.38134287,2.80843039,0.49535975,3.69476914,0.57365478,2.8916183,2.2799861,0.35495654,0.43786512,0.6597403,0.39957293,0,low
2035-01-06T20:30:00Z,0.35636446,105.0,820.58225106,1736.19926973,5.0,82.0,562.0,1.0,0.0,-0.79335334,0.60876143,-0.97492791,-0.22252093,0.36483669,2.87256866,0.47501535,3.31495007,0.56450191,2.85696611,2.34412438,0.37417269,0.42238919,0.60049727,0.42384415,0,low
2035-01-06T20:45:00Z,0.33422855,105.0,819.80657765,1736.40854955,5.0,83.0,563.0,1.0,0.0,-0.75183981,0.65934582,-0.97492791,-0.22252093,0.35493056,2.14656312,0.44953188,3.15547767,0.55436616,2.95176152,1.61811883,0.35636446,0.37385308,0.64003017,0.37377683,0,low
2035-01-06T21:00:00Z,0.28832799,107.0,815.62584985,1687.94268684,5.0,84.0,564.0,1.0,0.0,-0.70710678,0.70710678,-0.97492791,-0.22252093,0.33827342,2.88917362,0.42412124,3.14746698,0.53958004,2.86097632,2.36072933,0.33422855,0.35495654,0.59325571,0.3765696,0,low
2035-01-06T21:15:00Z,0.31618332,106.0,834.71782156,1717.47348751,5.0,85.0,565.0,1.0,0.0,-0.65934582,0.75183981,-0.97492791,-0.22252093,0.32377608,3.126751,0.40261088,3.22911682,0.52671896,2.90456337,2.36072933,0.28832799,0.37417269,0.57430763,0.34041295,0,low
2035-01-06T21:30:00Z,0.33032045,106.0,825.146546,1693.85740597,5.0,86.0,566.0,1.0,0.0,-0.60876143,0.79335334,-0.97492791,-0.22252093,0.31726508,3.02579565,0.38356119,3.21762341,0.51444826,2.96921165,1.87100296,0.31618332,0.35636446,0.55891668,0.34531491,0,low
2035-01-06T21:45:00Z,0.29310011,106.0,791.54783933,1692.39317033,5.0,87.0,567.0,1.0,0.0,-0.55557023,0.83146961,-0.97492791,-0.22252093,0.30698297,3.44061734,0.36385021,3.29036591,0.49853004,2.90917164,2.28582465,0.33032045,0.33422855,0.52963189,0.32780605,0,low
2035-01-06T22:00:00Z,0.30816336,106.0,814.20820577,1712.02148696,5.0,88.0,568.0,1.0,0.0,-0.5,0.8660254,-0.97492791,-0.22252093,0.31194181,2.59259129,0.34916041,3.0141963,0.48259335,2.90713899,1.02355927,0.29310011,0.28832799,0.48444105,0.33753306,0,low
2035-01-06T22:15:00Z,0.31761041,106.0,825.00641863,1722.71978088,5.0,89.0,569.0,1.0,0.0,-0.44228869,0.89687274,-0.97492791,-0.22252093,0.31229858,2.0863633,0.33913918,2.67384823,0.466667,2.90827696,1.02355927,0.30816336,0.31618332,0.43786512,0.35742123,0,low
2035-01-06T22:30:00Z,0.25975504,106.0,801.74732208,1601.91905859,5.0,90.0,570.0,1.0,0.0,-0.38268343,0.92387953,-0.97492791,-0.22252093,0.29465723,3.28861481,0.32558633,3.06232637,0.44844963,3.16028913,2.61458179,0.31761041,0.33032045,0.42238919,0.36045156,0,low
2035-01-06T22:45:00Z,0.3119993,105.0,801.09724612,1602.08382992,5.0,91.0,571.0,1.0,0.0,-0.32143947,0.94693013,-0.97492791,-0.22252093,0.29938203,3.70177255,0.32043185,3.09631767,0.43324582,3.3077033,1.59102253,0.25975504,0.29310011,0.37385308,0.31712199,0,low
2035-01-06T23:00:00Z,0.2858145,106.0,820.26234115,1685.01842533,5.0,92.0,572.0,1.0,0.0,-0.25881905,0.96592583,-0.97492791,-0.22252093,0.29379481,4.00761515,0.31467002,3.16312669,0.41691353,3.42359849,2.31110445,0.3119993,0.30816336,0.35495654,0.33321387,0,low
2035-01-06T23:15:00Z,0.28778049,107.0,813.25877822,1696.31826489,5.0,93.0,573.0,1.0,0.0,-0.19509032,0.98078528,-0.97492791,-0.22252093,0.28633733,3.80188623,0.30747067,3.00500018,0.40141521,3.34988466,2.31110445,0.2858145,0.31761041,0.37417269,0.32256968,0,low
2035-01-06T23:30:00Z,0.30926963,106.0,830.98007218,1731.48534873,5.0,94.0,574.0,1.0,0.0,-0.13052619,0.99144486,-0.97492791,-0.22252093,0.29871598,2.80181496,0.3035461,3.03874181,0.38928072,3.17684594,0.72008193,0.28778049,0.25975504,0.35636446,0.37005512,0,low
2035-01-06T23:45:00Z,0.3173286,107.0,812.7421409,1752.25578511,5.0,95.0,575.0,1.0,0.0,-0.06540313,0.99785892,-0.97492791,-0.22252093,0.3000483,1.58671964,0.30213777,2.90970318,0.37583482,3.03259043,0.72008193,0.30926963,0.3119993,0.33422855,0.34567633,0,low
2035-01-07T00:00:00Z,0.28496428,106.0,830.17042723,1647.80069607,6.0,0.0,576.0,1.0,0.0,0.0,1.0,-0.78183148,0.6234898,0.29983575,1.75665631,0.30185746,2.78562092,0.36298935,2.96654395,0.8900186,0.3173286,0.2858145,0.28832799,0.28749071,0,low
2035-01-07T00:15:00Z,0.31966325,105.0,787.27040875,1703.7350399,6.0,1.0,577.0,1.0,0.0,0.06540313,0.99785892,-0.78183148,0.6234898,0.30780644,2.65681297,0.30214745,2.84835416,0.35237917,3.03873549,0.8900186,0.28496428,0.28778049,0.31618332,0.28475734,0,low
2035-01-07T00:30:00Z,0.28696446,106.0,810.687823,1706.6359085,6.0,2.0,578.0,1.0,0.0,0.13052619,0.99144486,-0.78183148,0.6234898,0.30223015,2.96507829,0.29853445,3.01850269,0.34104782,3.11806305,1.78923518,0.31966325,0.30926963,0.33032045,0.30828766,0,low
2035-01-07T00:45:00Z,0.30508812,107.0,837.46604465,1734.06409469,6.0,3.0,579.0,1.0,0.0,0.19509032,0.98078528,-0.78183148,0.6234898,0.29917003,3.24185714,0.29953345,2.84344978,0.33169183,3.06690785,1.78923518,0.28696446,0.3173286,0.29310011,0.32908152,0,low
2035-01-07T01:00:00Z,0.35079336,106.0,787.32790035,1632.04053594,6.0,4.0,580.0,1.0,0.0,0.25881905,0.96592583,-0.78183148,0.6234898,0.31562729,3.60873268,0.30308595,3.12433471,0.32612318,3.06926551,0.89921658,0.30508812,0.28496428,0.30816336,0.34332368,0,low
2035-01-07T01:15:00Z,0.31268978,106.0,818.48338622,1708.45829515,6.0,5.0,581.0,1.0,0.0,0.32143947,0.94693013,-0.78183148,0.6234898,0.31388393,3.70235976,0.3026759,3.38701965,0.32090754,3.03043394,1.94706508,0.35079336,0.31966325,0.31761041,0.29403511,0,low
2035-01-07T01:30:00Z,0.32971415,107.0,805.3431356,1716.86062757,6.0,6.0,582.0,1.0,0.0,0.38268343,0.92387953,-0.78183148,0.6234898,0.32457135,3.27131354,0.30850582,3.0127356,0.31704608,3.03753098,1.0478485,0.31268978,0.28696446,0.25975504,0.31592259,0,low
2035-01-07T01:45:00Z,0.32001526,105.0,814.84323712,1740.59532254,6.0,7.0,583.0,1.0,0.0,0.44228869,0.89687274,-0.78183148,0.6234898,0.32830314,3.03963264,0.30917382,2.62273648,0.31480284,2.85952707,1.31456815,0.32971415,0.30508812,0.3119993,0.35870437,0,low
2035-01-07T02:00:00Z,0.30707702,106.0,803.43912113,1717.66114521,6.0,8.0,584.0,1.0,0.0,0.5,0.8660254,-0.78183148,0.6234898,0.31737405,2.1385399,0.3109457,2.50130963,0.31280786,2.83221816,1.67036954,0.32001526,0.35079336,0.2858145,0.35144305,0,low
2035-01-07T02:15:00Z,0.35049221,106.0,816.53541906,1695.02248009,6.0,9.0,585.0,1.0,0.0,0.55557023,0.83146961,-0.78183148,0.6234898,0.32682466,2.28460904,0.31617168,2.88126059,0.31182117,2.94313038,0.62252104,0.30707702,0.31268978,0.28778049,0.3282832,0,low
2035-01-07T02:30:00Z,0.37103685,105.0,803.18590966,1724.28478419,6.0,10.0,586.0,1.0,0.0,0.60876143,0.79335334,-0.78183148,0.6234898,0.33715534,2.38141631,0.32131894,2.87260271,0.31243252,2.95567226,0.62252104,0.35049221,0.32971415,0.30926963,0.35528171,0,low
2035-01-07T02:45:00Z,0.36788958,106.0,835.36825128,1732.80211598,6.0,11.0,587.0,1.0,0.0,0.65934582,0.75183981,-0.78183148,0.6234898,0.34912392,2.20124674,0.32553236,2.82757884,0.31383506,2.86864101,0.44235147,0.37103685,0.32001526,0.3173286,0.3520089,0,low
2035-01-07T03:00:00Z,0.36682804,105.0,816.98987857,1692.58497912,6.0,12.0,588.0,1.0,0.0,0.70710678,0.70710678,-0.78183148,0.6234898,0.36406167,1.87463754,0.33235434,2.5406367,0.3171059,2.66312881,0.11574226,0.36788958,0.30707702,0.28496428,0.36992044,0,low
2035-01-07T03:15:00Z,0.33953713,107.0,806.85773663,1676.2236554,6.0,13.0,589.0,1.0,0.0,0.75183981,0.65934582,-0.78183148,0.6234898,0.3613229,1.43121989,0.3340105,2.47272956,0.31807897,2.66054186,0.86624225,0.36682804,0.35049221,0.31966325,0.36650203,0,low
2035-01-07T03:30:00Z,0.40829896,105.0,796.20407278,1637.89707473,6.0,14.0,590.0,1.0,0.0,0.79335334,0.60876143,-0.78183148,0.6234898,0.37063843,2.75719256,0.34412171,2.80330747,0.32132808,2.91090508,0.86624225,0.33953713,0.37103685,0.28696446,0.36569235,0,low
2035-01-07T03:45:00Z,0.42022529,107.0,820.92628088,1743.3305471,6.0,15.0,591.0,1.0,0.0,0.83146961,0.55557023,-0.78183148,0.6234898,0.38372236,2.9986164,0.35371647,2.7464986,0.32662496,2.79497419,0.77969217,0.40829896,0.36788958,0.30508812,0.39880719,0,low
2035-01-07T04:00:00Z,0.41958402,105.0,848.49157556,1705.6486091,6.0,16.0,592.0,1.0,0.0,0.8660254,0.5,-0.78183148,0.6234898,0.39691135,2.98705897,0.35944903,2.33341213,0.33126749,2.72887342,0.76813473,0.42022529,0.36682804,0.35079336,0.4438693,0,low
2035-01-07T04:15:00Z,0.45141749,106.0,803.74108998,1670.92222577,6.0,17.0,593.0,1.0,0.0,0.89687274,0.44228869,-0.78183148,0.6234898,0.42488144,3.11197918,0.37100967,2.27593604,0.33684278,2.83147784,0.01763474,0.41958402,0.33953713,0.31268978,0.40093514,0,low
2035-01-07T04:30:00Z,0.44849792,105.0,849.6090515,1754.31140736,6.0,18.0,594.0,1.0,0.0,0.92387953,0.38268343,-0.78183148,0.6234898,0.43493118,1.30131708,0.38090831,2.14664198,0.34470707,2.57968879,0.09792295,0.45141749,0.40829896,0.32971415,0.46346246,0,low
2035-01-07T04:45:00Z,0.49900839,106.0,775.90245294,1690.67739041,6.0,19.0,595.0,1.0,0.0,0.94693013,0.32143947,-0.78183148,0.6234898,0.45462695,2.3623813,0.39582441,2.52074815,0.35249912,2.57174231,0.09792295,0.44849792,0.42022529,0.32001526,0.44762013,1,medium
2035-01-07T05:00:00Z,0.47350579,105.0,815.60531176,1661.25472949,6.0,20.0,596.0,1.0,0.0,0.96592583,0.25881905,-0.78183148,0.6234898,0.4681074,3.04606804,0.40969347,2.63592151,0.36031959,2.56861557,0.78160969,0.49900839,0.41958402,0.30707702,0.52482479,1,medium
2035-01-07T05:15:00Z,0.50732258,106.0,806.31591378,1645.94964092,6.0,21.0,597.0,1.0,0.0,0.98078528,0.19509032,-0.78183148,0.6234898,0.48208367,3.1006095,0.42276267,2.54793619,0.36946717,2.71459839,0.78160969,0.47350579,0.45141749,0.35049221,0.54531592,1,medium
2035-01-07T05:30:00Z,0.59963701,106.0,785.07929732,1571.84022854,6.0,22.0,598.0,1.0,0.0,0.99144486,0.13052619,-0.78183148,0.6234898,0.51986845,5.5589682,0.44181268,3.20582595,0.38156581,3.03921433,0.70132148,0.50732258,0.44849792,0.37103685,0.58819011,1,medium
2035-01-07T05:45:00Z,0.61151006,105.0,841.84889535,1704.52247849,6.0,23.0,599.0,1.0,0.0,0.99785892,0.06540313,-0.78183148,0.6234898,0.54799386,4.49643878,0.46211439,3.28581216,0.39382338,3.0566955,0.70132148,0.59963701,0.49900839,0.36788958,0.62352163,1,medium
2035-01-07T06:00:00Z,0.66133329,105.0,775.22487936,1624.9201831,6.0,24.0,600.0,1.0,0.0,1.0,0.0,-0.78183148,0.6234898,0.59495074,5.1652561,0.4866565,3.73279437,0.40950542,3.13671554,0.0,0.61151006,0.47350579,0.36682804,0.62150182,1,medium
2035-01-07T06:15:00Z,0.65979877,106.0,821.27258059,1689.69133137,6.0,25.0,601.0,1.0,0.0,0.99785892,-0.06540313,-0.78183148,0.6234898,0.63306978,4.27749371,0.51334496,3.49669413,0.42367773,2.98471184,0.04219926,0.66133329,0.50732258,0.33953713,0.65278341,1,medium
2035-01-07T06:30:00Z,0.70184651,106.0,794.26552823,1675.67810474,6.0,26.0,602.0,1.0,0.0,0.99144486,-0.13052619,-0.78183148,0.6234898,0.65862216,2.89515958,0.53780726,3.25181495,0.44096448,3.02756121,0.04219926,0.65979877,0.59963701,0.40829896,0.69223852,1,medium
2035-01-07T06:45:00Z,0.73497717,106.0,825.88260145,1640.77013467,6.0,27.0,603.0,1.0,0.0,0.98078528,-0.19509032,-0.78183148,0.6234898,0.68948893,3.47974413,0.56403658,3.44618807,0.45887653,3.09634333,0.04219926,0.70184651,0.61151006,0.42022529,0.74879697,1,medium
2035-01-07T07:00:00Z,0.71284013,105.0,800.70229972,1715.50100134,6.0,28.0,604.0,1.0,0.0,0.96592583,-0.25881905,-0.78183148,0.6234898,0.70236564,2.7183741,0.58847459,3.64323275,0.47396181,2.98832244,0.65096805,0.73497717,0.66133329,0.41958402,0.71353654,1,medium
2035-01-07T07:15:00Z,0.76058624,107.0,805.4682892,1680.4949651,6.0,29.0,605.0,1.0,0.0,0.94693013,-0.32143947,-0.78183148,0.6234898,0.72756251,3.98919307,0.61423866,3.78909876,0.49262416,3.0325174,0.60876878,0.71284013,0.65979877,0.45141749,0.73988593,1,medium
2035-01-07T07:30:00Z,0.79580073,106.0,823.63583746,1671.15916932,6.0,30.0,606.0,1.0,0.0,0.92387953,-0.38268343,-0.78183148,0.6234898,0.75105107,3.80127874,0.64318056,4.08513551,0.51204444,3.11588875,0.60876878,0.76058624,0.70184651,0.44849792,0.77280629,1,medium
2035-01-07T07:45:00Z,0.76421604,105.0,799.4752122,1658.21325318,6.0,31.0,607.0,1.0,0.0,0.89687274,-0.44228869,-0.78183148,0.6234898,0.75836078,3.75876462,0.66528119,3.91164917,0.5305528,3.21619866,1.47734793,0.79580073,0.73497717,0.49900839,0.79296963,1,medium
2035-01-07T08:00:00Z,0.73821023,106.0,827.8400125,1648.85411944,6.0,32.0,608.0,1.0,0.0,0.8660254,-0.5,-0.78183148,0.6234898,0.76470331,3.86515558,0.6873399,3.91626193,0.54851668,3.27609172,1.58373889,0.76421604,0.71284013,0.47350579,0.73254961,1,medium
2035-01-07T08:15:00Z,0.73522832,107.0,821.40369375,1752.52667953,6.0,33.0,609.0,1.0,0.0,0.83146961,-0.55557023,-0.78183148,0.6234898,0.75836383,2.6341397,0.70633204,3.63360882,0.56454736,3.09077251,1.66574124,0.73821023,0.76058624,0.50732258,0.77560605,1,medium
2035-01-07T08:30:00Z,0.77584569,107.0,812.46361917,1652.06946558,6.0,34.0,610.0,1.0,0.0,0.79335334,-0.60876143,-0.78183148,0.6234898,0.75337507,2.78271873,0.7210161,3.15971902,0.58141439,3.18277248,1.66574124,0.73522832,0.79580073,0.59963701,0.7306243,1,medium
2035-01-07T08:45:00Z,0.72548045,107.0,816.3994603,1649.61163515,6.0,35.0,611.0,1.0,0.0,0.75183981,-0.65934582,-0.78183148,0.6234898,0.74369117,3.2991837,0.73051363,3.51256415,0.59631401,3.39918815,2.18220621,0.77584569,0.76421604,0.61151006,0.71294036,0,low
2035-01-07T09:00:00Z,0.66240727,106.0,801.89804015,1663.84136353,6.0,36.0,612.0,1.0,0.0,0.70710678,-0.70710678,-0.78183148,0.6234898,0.72474043,4.31853638,0.73060313,3.63402202,0.60862981,3.68340819,3.20155889,0.72548045,0.73821023,0.66133329,0.71667495,1,medium
2035-01-07T09:15:00Z,0.6602994,107.0,828.79847422,1708.99310724,6.0,37.0,613.0,1.0,0.0,0.65934582,-0.75183981,-0.78183148,0.6234898,0.7060082,4.29450026,0.73064485,3.63927767,0.62199491,3.5679859,3.17752277,0.66240727,0.73522832,0.65979877,0.69798681,0,low
2035-01-07T09:30:00Z,0.65844425,106.0,816.96133434,1740.53141651,6.0,38.0,614.0,1.0,0.0,0.60876143,-0.79335334,-0.78183148,0.6234898,0.67665784,3.2285396,0.72702799,3.27084569,0.63241763,3.26133032,3.2285396,0.6602994,0.77584569,0.70184651,0.64271319,0,low
2035-01-07T09:45:00Z,0.58416342,106.0,796.00700953,1634.65089799,6.0,39.0,615.0,1.0,0.0,0.55557023,-0.83146961,-0.78183148,0.6234898,0.64132858,3.88621822,0.71446018,3.64805551,0.63924838,3.54712179,3.88621822,0.65844425,0.72548045,0.73497717,0.58609491,0,low
2035-01-07T10:00:00Z,0.60158221,107.0,832.93714078,1733.03102083,6.0,40.0,616.0,1.0,0.0,0.5,-0.8660254,-0.78183148,0.6234898,0.62612232,2.63072257,0.70518869,3.60480484,0.64683164,3.6240188,2.1517058,0.58416342,0.66240727,0.71284013,0.56353345,0,low
2035-01-07T10:15:00Z,0.58264242,105.0,804.05057844,1688.9430809,6.0,41.0,617.0,1.0,0.0,0.44228869,-0.89687274,-0.78183148,0.6234898,0.60670807,3.09360057,0.69036003,3.34074684,0.65229935,3.5649228,2.61458379,0.60158221,0.6602994,0.76058624,0.56818254,0,low
2035-01-07T10:30:00Z,0.56249189,106.0,836.72263435,1700.26731287,6.0,42.0,618.0,1.0,0.0,0.38268343,-0.92387953,-0.78183148,0.6234898,0.58271999,3.59672338,0.67091763,3.20266057,0.65704909,3.64389804,3.11770661,0.58264242,0.65844425,0.79580073,0.5613686,0,low
2035-01-07T10:45:00Z,0.49095438,107.0,769.2345624,1613.08666338,6.0,43.0,619.0,1.0,0.0,0.32143947,-0.94693013,-0.78183148,0.6234898,0.55941773,3.52128204,0.64814583,3.56889465,0.65671351,3.74027191,3.04226526,0.56249189,0.58416342,0.76421604,0.49343851,0,low
2035-01-07T11:00:00Z,0.50362342,105.0,828.47187732,1715.96450613,6.0,44.0,620.0,1.0,0.0,0.25881905,-0.96592583,-0.78183148,0.6234898,0.53492803,3.39066364,0.62859693,3.44664086,0.65796841,3.6814514,3.04226526,0.49095438,0.60158221,0.73821023,0.45984498,0,low
2035-01-07T11:15:00Z,0.4745525,106.0,799.52436828,1660.9470445,6.0,45.0,621.0,1.0,0.0,0.19509032,-0.98078528,-0.78183148,0.6234898,0.50790555,3.66926973,0.60687394,3.68579018,0.65660299,3.6596995,3.32087135,0.50362342,0.58264242,0.73522832,0.48509115,0,low
2035-01-07T11:30:00Z,0.44587615,106.0,821.47708441,1670.40839816,6.0,46.0,622.0,1.0,0.0,0.13052619,-0.99144486,-0.78183148,0.6234898,0.47875161,3.9037295,0.57937648,3.57633083,0.65019629,3.36802492,3.55533112,0.4745525,0.56249189,0.77584569,0.46380894,0,low
2035-01-07T11:45:00Z,0.45720997,107.0,823.75936257,1747.29862564,6.0,47.0,623.0,1.0,0.0,0.06540313,-0.99785892,-0.78183148,0.6234898,0.47031551,2.24812802,0.55702061,3.21854276,0.64376712,3.36555345,1.58804973,0.44587615,0.49095438,0.72548045,0.47927931,0,low
2035-01-07T12:00:00Z,0.47404072,105.0,827.30548055,1739.28413059,6.0,48.0,624.0,1.0,0.0,0.0,-1.0,-0.78183148,0.6234898,0.46291983,2.3625752,0.54132339,2.7946538,0.63596326,3.21433791,1.58804973,0.45720997,0.50362342,0.66240727,0.45747812,0,low
2035-01-07T12:15:00Z,0.46758629,106.0,826.68921726,1713.75534138,6.0,49.0,625.0,1.0,0.0,-0.06540313,-0.99785892,-0.78183148,0.6234898,0.46117828,1.74062152,0.52526397,2.83449727,0.62795441,3.23688747,0.96609605,0.47404072,0.4745525,0.6602994,0.45346458,0,low
2035-01-07T12:30:00Z,0.44406262,106.0,829.73122564,1732.54551192,6.0,50.0,626.0,1.0,0.0,-0.13052619,-0.99144486,-0.78183148,0.6234898,0.4607249,1.59892306,0.50739883,3.03312532,0.61721341,3.1519855,0.82439759,0.46758629,0.44587615,0.65844425,0.48575218,0,low
2035-01-07T12:45:00Z,0.45194076,106.0,827.99231248,1750.41647645,6.0,51.0,627.0,1.0,0.0,-0.19509032,-0.98078528,-0.78183148,0.6234898,0.4594076,1.50389195,0.49638028,2.424434,0.60542023,3.03624476,0.82439759,0.44406262,0.45720997,0.58416342,0.46772228,0,low
2035-01-07T13:00:00Z,0.501301,106.0,795.24565233,1680.18495542,6.0,52.0,628.0,1.0,0.0,-0.25881905,-0.96592583,-0.78183148,0.6234898,0.46622267,2.39845296,0.48802351,2.7172306,0.5966061,3.16101772,0.82439759,0.45194076,0.47404072,0.60158221,0.45060674,0,low
2035-01-07T13:15:00Z,0.48594262,107.0,833.39802402,1659.38001026,6.0,53.0,629.0,1.0,0.0,-0.32143947,-0.94693013,-0.78183148,0.6234898,0.47081175,2.64331159,0.47996519,2.68440095,0.58516261,3.01257389,1.06925623,0.501301,0.46758629,0.58264242,0.46768679,0,low
2035-01-07T13:30:00Z,0.50346358,105.0,798.25589281,1731.21696276,6.0,54.0,630.0,1.0,0.0,-0.38268343,-0.92387953,-0.78183148,0.6234898,0.48566199,2.47823679,0.47504617,2.66029645,0.5729819,2.93147851,0.42235526,0.48594262,0.44406262,0.56249189,0.48001639,1,medium
2035-01-07T13:45:00Z,0.528176,106.0,823.58783144,1682.39917867,6.0,55.0,631.0,1.0,0.0,-0.44228869,-0.89687274,-0.78183148,0.6234898,0.5047208,2.94117973,0.47814797,2.23106656,0.5631469,2.89998061,0.42235526,0.50346358,0.45194076,0.49095438,0.496387,0,low
2035-01-07T14:00:00Z,0.54107417,106.0,817.75489205,1741.16110274,6.0,56.0,632.0,1.0,0.0,-0.5,-0.8660254,-0.78183148,0.6234898,0.51466409,1.93847276,0.48126886,2.23316697,0.5549329,2.83990392,0.42235526,0.528176,0.501301,0.50362342,0.5372196,1,medium
2035-01-07T14:15:00Z,0.59107152,107.0,791.74981816,1648.0626423,6.0,57.0,633.0,1.0,0.0,-0.55557023,-0.83146961,-0.78183148,0.6234898,0.54094632,2.89104462,0.49097878,2.42499258,0.54892636,3.05539138,0.0,0.54107417,0.48594262,0.4745525,0.55066458,1,medium
2035-01-07T14:30:00Z,0.60636431,107.0,819.43596065,1685.30782502,6.0,58.0,634.0,1.0,0.0,-0.60876143,-0.79335334,-0.78183148,0.6234898,0.5666715,2.82977006,0.5043528,2.30230997,0.54186464,2.9393204,0.0,0.59107152,0.50346358,0.44587615,0.57603328,1,medium
2035-01-07T14:45:00Z,0.56963257,107.0,820.91812508,1690.11159776,6.0,59.0,635.0,1.0,0.0,-0.65934582,-0.75183981,-0.78183148,0.6234898,0.57703564,3.16030104,0.51372135,2.53512424,0.53537098,2.8768335,1.01012272,0.60636431,0.528176,0.45720997,0.57748656,1,medium
2035-01-07T15:00:00Z,0.65194313,107.0,787.28887368,1608.51267916,6.0,60.0,636.0,1.0,0.0,-0.70710678,-0.70710678,-0.78183148,0.6234898,0.60475288,5.06914184,0.52854655,3.13535585,0.53493497,2.96500483,1.01012272,0.56963257,0.54107417,0.47404072,0.6431948,1,medium
2035-01-07T15:15:00Z,0.668436,106.0,829.2404469,1661.11395825,6.0,61.0,637.0,1.0,0.0,-0.75183981,-0.65934582,-0.78183148,0.6234898,0.624094,4.1477686,0.54528402,3.22737494,0.535274,3.03093611,1.01012272,0.65194313,0.59107152,0.46758629,0.62484937,1,medium
2035-01-07T15:30:00Z,0.64426199,107.0,805.48284737,1727.81081621,6.0,62.0,638.0,1.0,0.0,-0.79335334,-0.60876143,-0.78183148,0.6234898,0.63356842,4.39200226,0.5619673,3.23333637,0.53468307,3.13323084,1.67490797,0.668436,0.60636431,0.44406262,0.62481732,1,medium
2035-01-07T15:45:00Z,0.67186652,106.0,829.28032713,1652.14969457,6.0,63.0,639.0,1.0,0.0,-0.83146961,-0.55557023,-0.78183148,0.6234898,0.65912691,4.14100402,0.58029445,3.4141616,0.53833736,2.9192978,0.66478525,0.64426199,0.56963257,0.45194076,0.6751373,1,medium
2035-01-07T16:00:00Z,0.65629972,105.0,803.20201678,1694.26544431,6.0,64.0,640.0,1.0,0.0,-0.8660254,-0.5,-0.78183148,0.6234898,0.66021606,2.30555047,0.59321101,3.10438836,0.54061726,2.91080948,1.09287211,0.67186652,0.65194313,0.501301,0.69064403,1,medium
2035-01-07T16:15:00Z,0.70433924,107.0,813.33328248,1669.88438448,6.0,65.0,641.0,1.0,0.0,-0.89687274,-0.44228869,-0.78183148,0.6234898,0.66919187,3.17308342,0.61141073,3.40396555,0.54568796,3.04418325,1.09287211,0.65629972,0.668436,0.48594262,0.69984279,1,medium
2035-01-07T16:30:00Z,0.68076672,106.0,802.86300604,1680.92290005,6.0,66.0,642.0,1.0,0.0,-0.92387953,-0.38268343,-0.78183148,0.6234898,0.67831805,3.15654252,0.62618599,3.45943828,0.55061608,3.05986737,1.07633121,0.70433924,0.64426199,0.50346358,0.6969719,1,medium
2035-01-07T16:45:00Z,0.68338193,106.0,850.95236128,1757.71221407,6.0,67.0,643.0,1.0,0.0,-0.94693013,-0.32143947,-0.78183148,0.6234898,0.6811969,2.46933617,0.63911982,3.25688041,0.55863389,2.74397349,1.07633121,0.68076672,0.67186652,0.528176,0.67689074,1,medium
2035-01-07T17:00:00Z,0.68019733,107.0,842.21334475,1732.21568736,6.0,68.0,644.0,1.0,0.0,-0.96592583,-0.25881905,-0.78183148,0.6234898,0.68717131,2.12882563,0.65071341,3.16783931,0.56599114,2.70050314,0.73582066,0.68338193,0.65629972,0.54107417,0.67778931,1,medium
2035-01-07T17:15:00Z,0.68223325,106.0,816.46831567,1685.03044333,6.0,69.0,645.0,1.0,0.0,-0.98078528,-0.19509032,-0.78183148,0.6234898,0.68164481,0.86372658,0.65831023,2.72819287,0.5746445,2.57659272,0.73582066,0.68019733,0.70433924,0.59107152,0.6597403,0,low
2035-01-07T17:30:00Z,0.61912099,105.0,786.88963956,1641.41447656,6.0,70.0,646.0,1.0,0.0,-0.99144486,-0.13052619,-0.78183148,0.6234898,0.66623337,1.95106955,0.65937328,3.16653811,0.58186304,2.73442404,1.82316363,0.68223325,0.68076672,0.60636431,0.60049727,0,low
2035-01-07T17:45:00Z,0.61956646,107.0,830.32740459,1718.80705457,6.0,71.0,647.0,1.0,0.0,-0.99785892,-0.06540313,-0.78183148,0.6234898,0.65027951,1.89140202,0.66353444,2.83391407,0.58862789,2.68451915,1.82316363,0.61912099,0.68338193,0.56963257,0.64003017,0,low
2035-01-07T18:00:00Z,0.61612128,106.0,830.39374539,1689.16354047,6.0,72.0,648.0,1.0,0.0,-1.0,-0.0,-0.78183148,0.6234898,0.6342605,1.89856809,0.66054929,2.1109814,0.59454792,2.62316862,1.83032969,0.61956646,0.68019733,0.65194313,0.59325571,0,low
2035-01-07T18:15:00Z,0.58589626,106.0,809.24745632,1669.42137942,6.0,73.0,649.0,1.0,0.0,-0.99785892,0.06540313,-0.78183148,0.6234898,0.61017625,2.67376844,0.65367097,2.23685948,0.5994775,2.73211721,2.66151784,0.61612128,0.68223325,0.668436,0.57430763,0,low
2035-01-07T18:30:00Z,0.50143753,106.0,768.18551125,1613.58712497,6.0,74.0,650.0,1.0,0.0,-0.99144486,0.13052619,-0.78183148,0.6234898,0.58075539,3.26079614,0.64176894,2.7894694,0.60186812,3.01140289,3.24854554,0.58589626,0.61912099,0.64426199,0.55891668,0,low
2035-01-07T18:45:00Z,0.53626335,107.0,819.27899041,1689.11196089,6.0,75.0,651.0,1.0,0.0,-0.98078528,0.19509032,-0.78183148,0.6234898,0.55992961,4.20625555,0.63046867,2.85566458,0.60538156,3.13491309,3.24854554,0.50143753,0.61956646,0.67186652,0.52963189,0,low
2035-01-07T19:00:00Z,0.4638062,107.0,777.75129582,1621.85129555,6.0,76.0,652.0,1.0,0.0,-0.96592583,0.25881905,-0.78183148,0.6234898,0.52185084,6.10408489,0.61442755,3.37715954,0.60381928,3.24077395,5.14637489,0.53626335,0.61612128,0.65629972,0.48444105,0,low
2035-01-07T19:15:00Z,0.46198773,105.0,836.2844395,1760.00681537,6.0,77.0,653.0,1.0,0.0,-0.94693013,0.32143947,-0.78183148,0.6234898,0.4908737,5.32290459,0.59423159,2.95346654,0.60282116,3.17871604,4.36519459,0.4638062,0.58589626,0.70433924,0.43786512,0,low
2035-01-07T19:30:00Z,0.39249176,107.0,799.89525789,1643.21725418,6.0,78.0,654.0,1.0,0.0,-0.92387953,0.38268343,-0.78183148,0.6234898,0.46363726,4.91142879,0.57020867,3.3744315,0.59819733,3.41693489,3.95371878,0.46198773,0.50143753,0.68076672,0.42238919,0,low
2035-01-07T19:45:00Z,0.43262265,107.0,822.31863399,1621.32260714,6.0,79.0,655.0,1.0,0.0,-0.89687274,0.44228869,-0.78183148,0.6234898,0.43772708,5.05731819,0.54931207,3.71832525,0.59421594,3.48760283,3.95371878,0.39249176,0.53626335,0.68338193,0.37385308,0,low
2035-01-07T20:00:00Z,0.38436026,107.0,782.46412453,1631.2316287,6.0,80.0,656.0,1.0,0.0,-0.8660254,0.5,-0.78183148,0.6234898,0.4178656,4.39196217,0.52465898,4.13153838,0.5876862,3.64968885,3.28836277,0.43262265,0.4638062,0.68019733,0.35495654,0,low
2035-01-07T20:15:00Z,0.39673051,106.0,829.39912651,1668.49202072,6.0,81.0,657.0,1.0,0.0,-0.83146961,0.55557023,-0.78183148,0.6234898,0.40155129,4.68213636,0.50086708,4.2262698,0.57958865,3.47723133,3.23835493,0.38436026,0.46198773,0.68223325,0.37417269,0,low
2035-01-07T20:30:00Z,0.35652719,106.0,814.61138322,1641.38914978,6.0,82.0,658.0,1.0,0.0,-0.79335334,0.60876143,-0.78183148,0.6234898,0.39256015,3.8765886,0.47898427,4.01627118,0.56917877,3.59140464,2.43280717,0.39673051,0.39249176,0.61912099,0.35636446,0,low
2035-01-07T20:45:00Z,0.34985846,106.0,815.78385452,1718.63443483,6.0,83.0,659.0,1.0,0.0,-0.75183981,0.65934582,-0.78183148,0.6234898,0.3718691,2.95637933,0.4565086,4.07331769,0.56002152,3.45361588,2.6161973,0.35652719,0.43262265,0.61956646,0.33422855,0,low
2035-01-07T21:00:00Z,0.33238774,107.0,816.7152646,1691.20254301,6.0,84.0,660.0,1.0,0.0,-0.70710678,0.70710678,-0.78183148,0.6234898,0.35887597,2.10960835,0.43286414,4.20188514,0.54670671,3.15643327,1.76942631,0.34985846,0.38436026,0.61612128,0.28832799,0,low
2035-01-07T21:15:00Z,0.32135609,107.0,837.36685457,1735.74196483,6.0,85.0,661.0,1.0,0.0,-0.65934582,0.75183981,-0.78183148,0.6234898,0.34003237,2.07279669,0.41081912,4.02594588,0.53224505,3.13140268,2.07279669,0.33238774,0.39673051,0.58589626,0.31618332,0,low
2035-01-07T21:30:00Z,0.32104574,107.0,853.44269861,1711.44338634,6.0,86.0,662.0,1.0,0.0,-0.60876143,0.79335334,-0.78183148,0.6234898,0.33116201,0.9757398,0.39578647,3.25458573,0.5187777,3.02202757,0.9757398,0.32135609,0.35652719,0.50143753,0.33032045,0,low
2035-01-07T21:45:00Z,0.32708517,106.0,828.58421787,1709.89752495,6.0,87.0,663.0,1.0,0.0,-0.55557023,0.83146961,-0.78183148,0.6234898,0.32546868,0.95843409,0.37835496,2.99071054,0.50441182,2.92318756,0.79234967,0.32104574,0.34985846,0.53626335,0.29310011,0,low
2035-01-07T22:00:00Z,0.31293002,105.0,813.55401661,1665.74691344,6.0,88.0,664.0,1.0,0.0,-0.5,0.8660254,-0.78183148,0.6234898,0.32060426,0.86725611,0.36578194,2.45627554,0.49010474,2.91671754,0.70117169,0.32708517,0.33238774,0.4638062,0.30816336,0,low
2035-01-07T22:15:00Z,0.28285734,106.0,827.70475552,1639.21881362,6.0,89.0,665.0,1.0,0.0,-0.44228869,0.89687274,-0.78183148,0.6234898,0.31097957,1.3908845,0.35085441,2.71527252,0.472543,2.83436953,1.22480008,0.31293002,0.32135609,0.46198773,0.31761041,0,low
2035-01-07T22:30:00Z,0.26677565,107.0,840.06215041,1684.63942116,6.0,90.0,666.0,1.0,0.0,-0.38268343,0.92387953,-0.78183148,0.6234898,0.29741205,1.82459629,0.34037807,2.22564156,0.45529337,2.80003653,1.65851187,0.28285734,0.32104574,0.39249176,0.25975504,0,low
2035-01-07T22:45:00Z,0.26813168,107.0,848.26508198,1701.85678568,6.0,91.0,667.0,1.0,0.0,-0.32143947,0.94693013,-0.78183148,0.6234898,0.28267367,1.69580268,0.32667049,1.87020537,0.43799128,2.79426531,1.65851187,0.26677565,0.32708517,0.43262265,0.3119993,0,low
2035-01-07T23:00:00Z,0.31972844,106.0,807.42208873,1632.19482878,6.0,92.0,668.0,1.0,0.0,-0.25881905,0.96592583,-0.78183148,0.6234898,0.28437328,2.72544673,0.3212845,1.9007704,0.42297174,3.01615439,1.26924512,0.26813168,0.31293002,0.38436026,0.2858145,0,low
2035-01-07T23:15:00Z,0.30045238,106.0,809.00460393,1712.34020396,6.0,93.0,669.0,1.0,0.0,-0.19509032,0.98078528,-0.78183148,0.6234898,0.28877204,2.42853948,0.31326132,1.96407356,0.4070642,3.09517168,0.97233786,0.31972844,0.28285734,0.39673051,0.28778049,0,low
2035-01-07T23:30:00Z,0.26408823,106.0,789.88597492,1675.90642977,6.0,94.0,670.0,1.0,0.0,-0.13052619,0.99144486,-0.78183148,0.6234898,0.28810018,2.9863074,0.30555808,1.92888116,0.39227117,2.97257617,1.53010579,0.30045238,0.26677565,0.35652719,0.30926963,0,low
2035-01-07T23:45:00Z,0.27953709,106.0,828.99639746,1733.61450699,6.0,95.0,671.0,1.0,0.0,-0.06540313,0.99785892,-0.78183148,0.6234898,0.29095153,3.37386038,0.29969796,2.00936572,0.37810328,3.0413417,1.53010579,0.26408823,0.26813168,0.34985846,0.3173286,0,low
