timestamp,occupancy_rate,active_sensors,avg_time_since_change,avg_prev_state_duration,dow,time_bucket,dow_time_bucket,is_weekend,is_holiday,hour_sin,hour_cos,dow_sin,dow_cos,roll_occ_rate_4,roll_turnover_4,roll_occ_rate_12,roll_turnover_12,roll_occ_rate_24,roll_turnover_24,roll_departure_rate_4,occupancy_lag_1,occupancy_lag_4,occupancy_lag_12,occupancy_lag_96,load_level_code,load_level
2035-01-01T00:00:00Z,0.64064929,233.0,818.02599718,1706.40212726,0.0,0.0,0.0,0.0,0.0,0.0,1.0,0.0,1.0,0.64064929,0.0,0.64064929,0.0,0.64064929,0.0,0.0,0.64064929,0.64064929,0.64064929,0.64064929,1,medium
2035-01-01T00:15:00Z,0.65052457,229.0,805.11678337,1683.10020623,0.0,1.0,1.0,0.0,0.0,0.06540313,0.99785892,0.0,1.0,0.64558693,0.79002252,0.64558693,0.79002252,0.64558693,0.79002252,0.0,0.64064929,0.64064929,0.64064929,0.64064929,1,medium
2035-01-01T00:30:00Z,0.62826642,233.0,826.89494455,1681.94761475,0.0,2.0,2.0,0.0,0.0,0.13052619,0.99144486,0.0,1.0,0.63981343,1.92800579,0.63981343,1.92800579,0.63981343,1.92800579,1.3354889,0.65052457,0.64064929,0.64064929,0.64064929,1,medium
2035-01-01T00:45:00Z,0.64449158,233.0,830.16306311,1745.48388727,0.0,3.0,3.0,0.0,0.0,0.19509032,0.98078528,0.0,1.0,0.64098296,2.90151511,0.64098296,2.32121209,0.64098296,2.32121209,1.3354889,0.62826642,0.64064929,0.64064929,0.64064929,1,medium
2035-01-01T01:00:00Z,0.64724937,232.0,822.39653184,1753.49667965,0.0,4.0,4.0,0.0,0.0,0.25881905,0.96592583,0.0,1.0,0.64263298,3.06698261,0.64223624,2.04465508,0.64223624,2.04465508,1.3354889,0.64449158,0.64064929,0.64064929,0.64064929,1,medium
2035-01-01T01:15:00Z,0.63072355,231.0,837.66152148,1656.96795747,0.0,5.0,5.0,0.0,0.0,0.32143947,0.94693013,0.0,1.0,0.63768273,3.46601461,0.64031746,2.31916086,0.64031746,2.31916086,2.32703779,0.64724937,0.65052457,0.64064929,0.64064929,1,medium
2035-01-01T01:30:00Z,0.61210526,231.0,825.71905811,1701.42272281,0.0,6.0,6.0,0.0,0.0,0.38268343,0.92387953,0.0,1.0,0.63364244,3.24762311,0.63628715,2.58781445,0.63628715,2.58781445,2.10864628,0.63072355,0.62826642,0.64064929,0.64064929,1,medium
2035-01-01T01:45:00Z,0.60154799,232.0,822.85455197,1695.75734338,0.0,7.0,7.0,0.0,0.0,0.44228869,0.89687274,0.0,1.0,0.62290654,2.90754988,0.63194475,2.58180666,0.63194475,2.58180666,2.74208238,0.61210526,0.64449158,0.64064929,0.64064929,1,medium
2035-01-01T02:00:00Z,0.61185041,232.0,841.56546815,1744.78583839,0.0,8.0,8.0,0.0,0.0,0.5,0.8660254,0.0,1.0,0.6140568,3.36022725,0.62971205,2.57088395,0.62971205,2.57088395,2.74208238,0.60154799,0.64724937,0.64064929,0.64064929,1,medium
2035-01-01T02:15:00Z,0.60996934,231.0,820.3036431,1720.98316905,0.0,9.0,9.0,0.0,0.0,0.55557023,0.83146961,0.0,1.0,0.60886825,2.48154245,0.62773778,2.37820871,0.62773778,2.37820871,1.86339758,0.61185041,0.63072355,0.64064929,0.64064929,1,medium
2035-01-01T02:30:00Z,0.64837651,231.0,809.47984133,1703.50391448,0.0,10.0,10.0,0.0,0.0,0.60876143,0.79335334,0.0,1.0,0.61793606,3.6688753,0.62961403,2.94816807,0.62961403,2.94816807,0.74630018,0.60996934,0.61210526,0.64064929,0.64064929,0,low
2035-01-01T02:45:00Z,0.61161616,232.0,810.9386886,1693.02350513,0.0,11.0,11.0,0.0,0.0,0.65934582,0.75183981,0.0,1.0,0.62045311,5.24106008,0.6281142,3.68337503,0.6281142,3.40003849,2.31848496,0.64837651,0.60154799,0.64064929,0.64064929,1,medium
2035-01-01T03:00:00Z,0.62875813,230.0,828.88747362,1667.68750833,0.0,12.0,12.0,0.0,0.0,0.70710678,0.70710678,0.0,1.0,0.62468004,5.65143298,0.62712327,4.02621428,0.62816374,3.45104081,2.31848496,0.61161616,0.61185041,0.64064929,0.64064929,0,low
2035-01-01T03:15:00Z,0.63658907,230.0,828.55104404,1743.9071321,0.0,13.0,13.0,0.0,0.0,0.75183981,0.65934582,0.0,1.0,0.63133497,6.00842547,0.62596198,3.98532751,0.62876555,3.34626651,2.20562088,0.62875813,0.60996934,0.65052457,0.64064929,0,low
2035-01-01T03:30:00Z,0.58980318,232.0,810.14325403,1652.27831566,0.0,14.0,14.0,0.0,0.0,0.79335334,0.60876143,0.0,1.0,0.61669163,6.51114879,0.62275671,4.4758824,0.62616806,3.83891325,5.01277445,0.63658907,0.64837651,0.62826642,0.64064929,0,low
2035-01-01T03:45:00Z,0.60732527,230.0,825.55123847,1668.79762944,0.0,15.0,15.0,0.0,0.0,0.83146961,0.55557023,0.0,1.0,0.61561891,5.35685335,0.61965952,4.50182111,0.62499038,3.86046551,2.80715357,0.58980318,0.61161616,0.64449158,0.64064929,1,medium
2035-01-01T04:00:00Z,0.58684424,233.0,835.94653117,1665.27203102,0.0,16.0,16.0,0.0,0.0,0.8660254,0.5,0.0,1.0,0.60514044,5.55719747,0.61462576,4.8562859,0.62274649,3.91907563,4.03601545,0.60732527,0.62875813,0.64724937,0.64064929,1,medium
2035-01-01T04:15:00Z,0.58181191,232.0,811.38984499,1703.93635915,0.0,17.0,17.0,0.0,0.0,0.89687274,0.44228869,0.0,1.0,0.59144615,5.38928035,0.61054979,4.62641609,0.62047235,3.77637469,4.3379549,0.58684424,0.63658907,0.63072355,0.64064929,0,low
2035-01-01T04:30:00Z,0.59501726,231.0,804.51669208,1694.15249471,0.0,18.0,18.0,0.0,0.0,0.92387953,0.38268343,0.0,1.0,0.59274967,3.37444783,0.60912579,4.51815731,0.61913261,3.74602016,1.53080134,0.58181191,0.58980318,0.61210526,0.64064929,0,low
2035-01-01T04:45:00Z,0.615721,232.0,801.54200658,1659.97842079,0.0,19.0,19.0,0.0,0.0,0.94693013,0.32143947,0.0,1.0,0.5948486,3.56534646,0.61030687,4.72108663,0.61896203,3.80425236,1.53080134,0.59501726,0.60732527,0.60154799,0.64064929,1,medium
2035-01-01T05:00:00Z,0.60324822,231.0,841.60769295,1704.15943669,0.0,20.0,20.0,0.0,0.0,0.96592583,0.25881905,0.0,1.0,0.5989496,3.08485141,0.60959002,4.76449395,0.61821375,3.76739849,1.05030629,0.615721,0.58684424,0.61185041,0.64064929,1,medium
2035-01-01T05:15:00Z,0.58661252,234.0,827.55174031,1697.41748098,0.0,21.0,21.0,0.0,0.0,0.98078528,0.19509032,0.0,1.0,0.60014975,3.78105364,0.60764362,5.05958648,0.61677733,3.77718842,1.74650851,0.60324822,0.58181191,0.60996934,0.64064929,1,medium
2035-01-01T05:30:00Z,0.58302099,233.0,840.42820962,1757.35276822,0.0,22.0,22.0,0.0,0.0,0.99144486,0.13052619,0.0,1.0,0.59715068,3.20422456,0.60219733,4.36327373,0.61530966,3.6557209,1.96200049,0.58661252,0.59501726,0.64837651,0.64064929,0,low
2035-01-01T05:45:00Z,0.60702188,232.0,810.01492109,1729.22309587,0.0,23.0,23.0,0.0,0.0,0.99785892,0.06540313,0.0,1.0,0.5949759,3.4020542,0.60181447,4.10808467,0.61496434,3.89572985,1.96200049,0.58302099,0.615721,0.61161616,0.64064929,0,low
2035-01-01T06:00:00Z,0.60068069,229.0,834.20708873,1707.53291727,0.0,24.0,24.0,0.0,0.0,1.0,0.0,0.0,1.0,0.59433402,3.03415891,0.59947469,3.89206926,0.61329898,3.95914177,1.5941052,0.60702188,0.60324822,0.62875813,0.64064929,1,medium
2035-01-01T06:15:00Z,0.60955189,232.0,809.89558764,1738.76529769,0.0,25.0,25.0,0.0,0.0,0.99785892,-0.06540313,0.0,1.0,0.60006886,2.5682892,0.59722159,3.91287439,0.61159179,3.94910095,0.59596352,0.60068069,0.58661252,0.63658907,0.64064929,1,medium
2035-01-01T06:30:00Z,0.59687917,232.0,818.84401819,1706.01814912,0.0,26.0,26.0,0.0,0.0,0.99144486,-0.13052619,0.0,1.0,0.60353341,3.11316058,0.59781125,3.23061099,0.61028398,3.85324669,1.1408349,0.60955189,0.58302099,0.58980318,0.64064929,1,medium
2035-01-01T06:45:00Z,0.57916505,232.0,833.75088083,1664.57071419,0.0,27.0,27.0,0.0,0.0,0.98078528,-0.19509032,0.0,1.0,0.5965692,2.73595372,0.59546457,3.23445146,0.60756204,3.86813628,2.20368175,0.59687917,0.60702188,0.60732527,0.64064929,1,medium
2035-01-01T07:00:00Z,0.61955587,229.0,794.88329392,1624.03733099,0.0,28.0,28.0,0.0,0.0,0.96592583,-0.25881905,0.0,1.0,0.601288,4.77893091,0.59819054,3.63264708,0.60640815,4.24446649,1.82321021,0.57916505,0.60068069,0.58684424,0.64064929,1,medium
2035-01-01T07:15:00Z,0.63138661,232.0,804.6508619,1662.57386672,0.0,29.0,29.0,0.0,0.0,0.94693013,-0.32143947,0.0,1.0,0.60674668,4.95650375,0.60232176,3.76861553,0.60643578,4.19751581,1.82321021,0.61955587,0.60955189,0.58181191,0.64064929,1,medium
2035-01-01T07:30:00Z,0.63491582,230.0,847.48588132,1677.38848901,0.0,30.0,30.0,0.0,0.0,0.92387953,-0.38268343,0.0,1.0,0.61625584,4.40789273,0.60564664,3.57509262,0.60738622,4.04662497,1.06284685,0.63138661,0.59687917,0.59501726,0.64064929,1,medium
2035-01-01T07:45:00Z,0.63725272,231.0,847.76481889,1694.43115357,0.0,31.0,31.0,0.0,0.0,0.89687274,-0.44228869,0.0,1.0,0.63077776,3.48526017,0.60744095,3.20775603,0.60887391,3.96442133,0.0,0.63491582,0.57916505,0.615721,0.64064929,1,medium
2035-01-01T08:00:00Z,0.64545328,231.0,815.19190578,1707.74580975,0.0,32.0,32.0,0.0,0.0,0.8660254,-0.5,0.0,1.0,0.63725211,1.55384498,0.61095804,3.1223116,0.61027403,3.94340277,0.0,0.63725272,0.61955587,0.60324822,0.64064929,1,medium
2035-01-01T08:15:00Z,0.68387155,229.0,796.62774869,1700.71404528,0.0,33.0,33.0,0.0,0.0,0.83146961,-0.55557023,0.0,1.0,0.65037334,3.14909596,0.61906296,3.55796297,0.61335329,4.30877473,0.0,0.64545328,0.63138661,0.58661252,0.64064929,1,medium
2035-01-01T08:30:00Z,0.65955897,231.0,797.52841631,1732.41187941,0.0,34.0,34.0,0.0,0.0,0.79335334,-0.60876143,0.0,1.0,0.65653413,4.3960985,0.62544113,3.97238394,0.61381923,4.16782883,1.45875488,0.68387155,0.63491582,0.58302099,0.64064929,1,medium
2035-01-01T08:45:00Z,0.66586865,232.0,815.99419356,1693.77629518,0.0,35.0,35.0,0.0,0.0,0.75183981,-0.65934582,0.0,1.0,0.66368811,4.63446557,0.63034502,3.61855982,0.61607975,3.86332224,1.45875488,0.65955897,0.63725272,0.60702188,0.64064929,1,medium
2035-01-01T09:00:00Z,0.68791931,231.0,838.95000668,1714.43490403,0.0,36.0,36.0,0.0,0.0,0.70710678,-0.70710678,0.0,1.0,0.67430462,5.46547136,0.63761491,3.93274908,0.6185448,3.91240917,1.45875488,0.66586865,0.64545328,0.60068069,0.64064929,1,medium
2035-01-01T09:15:00Z,0.70099013,232.0,838.89691151,1675.05369229,0.0,37.0,37.0,0.0,0.0,0.65934582,-0.75183981,0.0,1.0,0.67858427,3.94462498,0.64523476,4.01674156,0.62122817,3.96480798,1.45875488,0.68791931,0.68387155,0.60955189,0.64064929,1,medium
2035-01-01T09:30:00Z,0.68749169,230.0,828.70605086,1676.88017783,0.0,38.0,38.0,0.0,0.0,0.60876143,-0.79335334,0.0,1.0,0.68556745,3.2957766,0.65278581,4.03325594,0.62529853,3.63193347,0.8099065,0.70099013,0.65955897,0.59687917,0.64064929,1,medium
2035-01-01T09:45:00Z,0.71768183,231.0,823.11934139,1706.95304766,0.0,39.0,39.0,0.0,0.0,0.55557023,-0.83146961,0.0,1.0,0.69852074,4.72860349,0.66432887,4.28277641,0.62989672,3.75861393,0.8099065,0.68749169,0.66586865,0.57916505,0.64064929,1,medium
2035-01-01T10:00:00Z,0.68317894,233.0,819.42469252,1676.34854183,0.0,40.0,40.0,0.0,0.0,0.5,-0.8660254,0.0,1.0,0.69733565,5.47573778,0.66963079,4.16501804,0.63391067,3.89883256,2.88008013,0.71768183,0.68791931,0.61955587,0.64064929,1,medium
2035-01-01T10:15:00Z,0.69703304,233.0,824.58945653,1679.01717501,0.0,41.0,41.0,0.0,0.0,0.44228869,-0.89687274,0.0,1.0,0.69634637,5.52273465,0.67510133,4.2054852,0.63871155,3.98705036,2.88008013,0.68317894,0.70099013,0.63138661,0.64064929,0,low
2035-01-01T10:30:00Z,0.68338655,231.0,829.62726726,1666.82986272,0.0,42.0,42.0,0.0,0.0,0.38268343,-0.92387953,0.0,1.0,0.69532009,5.53161743,0.67914056,4.40783084,0.6423936,3.99146173,2.88896291,0.69703304,0.68749169,0.63491582,0.64064929,1,medium
2035-01-01T10:45:00Z,0.6422555,230.0,813.85695928,1640.38693457,0.0,43.0,43.0,0.0,0.0,0.32143947,-0.94693013,0.0,1.0,0.67646351,6.18807236,0.67955745,5.1837138,0.6434992,4.19573492,5.35682608,0.68338655,0.71768183,0.63725272,0.64064929,0,low
2035-01-01T11:00:00Z,0.64843234,231.0,845.23903225,1676.74695583,0.0,44.0,44.0,0.0,0.0,0.25881905,-0.96592583,0.0,1.0,0.66777686,4.488509,0.67980571,5.14323938,0.64538188,4.13277549,3.28665245,0.6422555,0.68317894,0.64545328,0.64064929,0,low
2035-01-01T11:15:00Z,0.58980255,234.0,791.11089271,1627.97860648,0.0,45.0,45.0,0.0,0.0,0.19509032,-0.98078528,0.0,1.0,0.64096923,7.17505004,0.67196662,5.54746989,0.64551479,4.55271643,6.80443977,0.64843234,0.69703304,0.68387155,0.64064929,0,low
2035-01-01T11:30:00Z,0.60695697,230.0,824.95800326,1661.4962769,0.0,46.0,46.0,0.0,0.0,0.13052619,-0.99144486,0.0,1.0,0.62186184,7.38552633,0.66758313,5.40430679,0.64651213,4.68834536,5.98565048,0.58980255,0.68338655,0.65955897,0.64064929,0,low
2035-01-01T11:45:00Z,0.56820561,234.0,807.93101116,1698.03732033,0.0,47.0,47.0,0.0,0.0,0.06540313,-0.99785892,0.0,1.0,0.60334937,7.24274483,0.65944454,6.05314022,0.64489478,4.83585002,5.84286898,0.60695697,0.6422555,0.66586865,0.64064929,0,low
2035-01-01T12:00:00Z,0.5544551,233.0,818.62072439,1729.34123,0.0,48.0,48.0,0.0,0.0,0.0,-1.0,0.0,1.0,0.57985506,7.6971656,0.64832252,5.88713746,0.64296871,4.90994327,6.66790002,0.56820561,0.64843234,0.68791931,0.64064929,0,low
2035-01-01T12:15:00Z,0.59036241,231.0,810.29089222,1655.51326922,0.0,49.0,49.0,0.0,0.0,-0.06540313,-0.99785892,0.0,1.0,0.57999502,6.33381696,0.63910354,6.34386721,0.64216915,5.18030439,3.1501127,0.5544551,0.58980255,0.70099013,0.64064929,0,low
2035-01-01T12:30:00Z,0.56815079,231.0,819.064444,1708.99714933,0.0,50.0,50.0,0.0,0.0,-0.13052619,-0.99144486,0.0,1.0,0.57029348,6.63724833,0.62915847,6.5181307,0.64097214,5.27569332,4.48280965,0.59036241,0.60695697,0.68749169,0.64064929,0,low
2035-01-01T12:45:00Z,0.54022265,234.0,790.00109395,1657.5087357,0.0,51.0,51.0,0.0,0.0,-0.19509032,-0.98078528,0.0,1.0,0.56329774,5.98785513,0.6143702,6.47289077,0.63934954,5.37783359,3.83341645,0.56815079,0.56820561,0.71768183,0.64064929,0,low
2035-01-01T13:00:00Z,0.53763547,229.0,852.80440134,1754.52968287,0.0,52.0,52.0,0.0,0.0,-0.25881905,-0.96592583,0.0,1.0,0.55909283,5.31805465,0.60224158,5.83457641,0.63593619,4.99979723,3.16361597,0.54022265,0.5544551,0.68317894,0.64064929,0,low
2035-01-01T13:15:00Z,0.52970749,231.0,825.60648246,1712.78549206,0.0,53.0,53.0,0.0,0.0,-0.32143947,-0.94693013,0.0,1.0,0.5439291,3.63929484,0.58829779,5.71605395,0.63169956,4.96076957,3.63929484,0.53763547,0.59036241,0.69703304,0.64064929,0,low
2035-01-01T13:30:00Z,0.53403841,231.0,843.34032774,1722.36669028,0.0,54.0,54.0,0.0,0.0,-0.38268343,-0.92387953,0.0,1.0,0.53540101,2.56645309,0.57585211,5.52974258,0.62749633,4.96878671,2.3065979,0.52970749,0.56815079,0.68338655,0.64064929,0,low
2035-01-01T13:45:00Z,0.55251601,230.0,802.33793904,1676.78573756,0.0,55.0,55.0,0.0,0.0,-0.44228869,-0.89687274,0.0,1.0,0.53847435,1.99942054,0.56837382,5.0766735,0.62396564,5.13019365,0.63090942,0.53403841,0.54022265,0.6422555,0.64064929,1,medium
2035-01-01T14:00:00Z,0.56893431,233.0,799.63994692,1668.86436961,0.0,56.0,56.0,0.0,0.0,-0.5,-0.8660254,0.0,1.0,0.54629906,2.82928794,0.56174898,5.28150273,0.62077734,5.21237105,0.47567887,0.55251601,0.53763547,0.64843234,0.64064929,1,medium
2035-01-01T14:15:00Z,0.57624762,231.0,821.37927199,1679.52154336,0.0,57.0,57.0,0.0,0.0,-0.55557023,-0.83146961,0.0,1.0,0.55793409,2.79240762,0.5606194,4.25517314,0.61629301,4.90132151,0.0,0.56893431,0.52970749,0.58980255,0.64064929,1,medium
2035-01-01T14:30:00Z,0.58743951,230.0,817.60609541,1671.07135331,0.0,58.0,58.0,0.0,0.0,-0.60876143,-0.79335334,0.0,1.0,0.57128436,3.20406576,0.55899295,4.13592239,0.61328804,4.77011459,0.0,0.57624762,0.53403841,0.60695697,0.64064929,1,medium
2035-01-01T14:45:00Z,0.64423773,231.0,782.81926204,1640.745441,0.0,59.0,59.0,0.0,0.0,-0.65934582,-0.75183981,0.0,1.0,0.59421479,5.5033029,0.56532896,4.49685952,0.61238675,5.27499987,0.0,0.58743951,0.55251601,0.56820561,0.64064929,1,medium
2035-01-01T15:00:00Z,0.6160143,233.0,817.92004013,1714.77510533,0.0,60.0,60.0,0.0,0.0,-0.70710678,-0.70710678,0.0,1.0,0.60598479,6.21161059,0.57045889,4.78631773,0.60939071,5.33672759,1.69340565,0.64423773,0.56893431,0.5544551,0.64064929,1,medium
2035-01-01T15:15:00Z,0.63603202,231.0,811.2554176,1706.78625455,0.0,61.0,61.0,0.0,0.0,-0.75183981,-0.65934582,0.0,1.0,0.62093089,6.97387558,0.57426469,4.46852601,0.60668412,5.40619661,1.69340565,0.6160143,0.57624762,0.59036241,0.64064929,1,medium
2035-01-01T15:30:00Z,0.72106854,231.0,753.55658247,1554.90919843,0.0,62.0,62.0,0.0,0.0,-0.79335334,-0.60876143,0.0,1.0,0.65433815,11.40455318,0.58700784,5.72502401,0.60808315,6.12157735,1.69340565,0.63603202,0.58743951,0.56815079,0.64064929,2,high
2035-01-01T15:45:00Z,0.75842808,233.0,799.24128191,1627.88692671,0.0,63.0,63.0,0.0,0.0,-0.83146961,-0.55557023,0.0,1.0,0.68288574,10.23823279,0.60519163,5.91365207,0.60978091,6.19327142,1.69340565,0.72106854,0.64423773,0.54022265,0.64064929,2,high
2035-01-01T16:00:00Z,0.74636493,231.0,832.51735786,1684.23264492,0.0,64.0,64.0,0.0,0.0,-0.8660254,-0.5,0.0,1.0,0.71547339,9.26861647,0.62258575,6.10317167,0.61241366,5.96887404,0.72378934,0.75842808,0.6160143,0.53763547,0.64064929,2,high
2035-01-01T16:15:00Z,0.79032012,230.0,799.26175905,1616.25936165,0.0,65.0,65.0,0.0,0.0,-0.89687274,-0.44228869,0.0,1.0,0.75404542,10.70486443,0.64430347,6.82371587,0.61630063,6.26988491,0.72378934,0.74636493,0.63603202,0.52970749,0.64064929,2,high
2035-01-01T16:30:00Z,0.83467519,234.0,809.96817923,1648.03710126,0.0,66.0,66.0,0.0,0.0,-0.92387953,-0.38268343,0.0,1.0,0.78244708,8.26397735,0.66935653,7.62419877,0.62260432,6.57697067,0.72378934,0.79032012,0.72106854,0.53403841,0.64064929,2,high
2035-01-01T16:45:00Z,0.83423831,233.0,824.27440113,1685.52595065,0.0,67.0,67.0,0.0,0.0,-0.94693013,-0.32143947,0.0,1.0,0.80139964,6.04861733,0.69283339,7.26338434,0.6306036,6.17002892,0.75000197,0.83467519,0.75842808,0.55251601,0.64064929,2,high
2035-01-01T17:00:00Z,0.84496688,230.0,840.26915551,1704.84804216,0.0,68.0,68.0,0.0,0.0,-0.96592583,-0.25881905,0.0,1.0,0.82605012,5.96854258,0.7158361,7.14958988,0.63879254,6.2155463,0.02621263,0.83423831,0.74636493,0.56893431,0.64064929,2,high
2035-01-01T17:15:00Z,0.85614478,230.0,812.59254843,1749.62387518,0.0,69.0,69.0,0.0,0.0,-0.98078528,-0.19509032,0.0,1.0,0.84250629,4.00190484,0.73916087,7.22688161,0.64989014,5.74102738,0.02621263,0.84496688,0.79032012,0.57624762,0.64064929,2,high
2035-01-01T17:30:00Z,0.89533205,229.0,799.4562867,1671.84849647,0.0,70.0,70.0,0.0,0.0,-0.99144486,-0.13052619,0.0,1.0,0.8576705,3.69183689,0.76481858,7.78678914,0.66190576,5.96135577,0.02621263,0.85614478,0.83467519,0.58743951,0.64064929,2,high
2035-01-01T17:45:00Z,0.89303278,233.0,814.59814556,1683.85214671,0.0,71.0,71.0,0.0,0.0,-0.99785892,-0.06540313,0.0,1.0,0.87236912,3.80358027,0.7855515,6.69681013,0.67544023,5.59683482,0.13795601,0.89533205,0.83423831,0.64423773,0.64064929,2,high
2035-01-01T18:00:00Z,0.83202942,229.0,797.62834042,1660.62205534,0.0,72.0,72.0,0.0,0.0,-1.0,-0.0,0.0,1.0,0.86913476,6.82006725,0.80355276,7.35240877,0.68700583,6.06936325,3.79815758,0.89303278,0.84496688,0.6160143,0.64064929,2,high
2035-01-01T18:15:00Z,0.83057813,233.0,837.61918605,1686.02581104,0.0,73.0,73.0,0.0,0.0,-0.99785892,0.06540313,0.0,1.0,0.86274309,6.2364711,0.81976493,6.98108012,0.69701481,5.72480307,3.88523518,0.83202942,0.85614478,0.63603202,0.64064929,2,high
2035-01-01T18:30:00Z,0.88272968,233.0,793.15896898,1666.64839577,0.0,74.0,74.0,0.0,0.0,-0.99144486,0.13052619,0.0,1.0,0.8595925,7.01432853,0.8332367,6.32338093,0.71012227,6.02420247,3.88523518,0.83057813,0.89533205,0.72106854,0.64064929,2,high
2035-01-01T18:45:00Z,0.81101951,232.0,788.44543691,1625.75075268,0.0,75.0,75.0,0.0,0.0,-0.98078528,0.19509032,0.0,1.0,0.83908918,11.17898291,0.83761931,7.0103935,0.72140547,6.46202279,8.04988956,0.88272968,0.89303278,0.75842808,0.64064929,1,medium
2035-01-01T19:00:00Z,0.81008287,232.0,825.46305813,1760.91969314,0.0,76.0,76.0,0.0,0.0,-0.96592583,0.25881905,0.0,1.0,0.83360255,7.57497972,0.84292914,6.78786318,0.73275744,6.44551742,4.44588637,0.81101951,0.83202942,0.74636493,0.64064929,1,medium
2035-01-01T19:15:00Z,0.83648117,231.0,800.90479011,1662.66000637,0.0,77.0,77.0,0.0,0.0,-0.94693013,0.32143947,0.0,1.0,0.83507831,9.0718002,0.8467759,6.43672538,0.74553968,6.63022063,4.35880876,0.81008287,0.83057813,0.79032012,0.64064929,1,medium
2035-01-01T19:30:00Z,0.80174784,233.0,826.10742003,1636.12882147,0.0,78.0,78.0,0.0,0.0,-0.92387953,0.38268343,0.0,1.0,0.81483285,8.02670684,0.84403195,6.24429075,0.75669424,6.93424476,6.44280875,0.83648117,0.88272968,0.83467519,0.64064929,1,medium
2035-01-01T19:45:00Z,0.74210673,230.0,771.89774421,1617.71659489,0.0,79.0,79.0,0.0,0.0,-0.89687274,0.44228869,0.0,1.0,0.79760465,7.30256279,0.83635432,7.42837532,0.76459385,7.34587983,5.7186647,0.80174784,0.81101951,0.83423831,0.64064929,1,medium
2035-01-01T20:00:00Z,0.71226268,233.0,825.7654813,1673.32194065,0.0,80.0,80.0,0.0,0.0,-0.8660254,0.5,0.0,1.0,0.7731496,9.03700777,0.82529564,7.81068491,0.77056587,7.4801374,7.45310968,0.74210673,0.81008287,0.84496688,0.64064929,1,medium
2035-01-01T20:15:00Z,0.71216468,231.0,845.82561585,1704.68185908,0.0,81.0,81.0,0.0,0.0,-0.83146961,0.55557023,0.0,1.0,0.74207048,7.45898955,0.81329729,7.58908695,0.77622908,7.40798428,7.45898955,0.71226268,0.83648117,0.85614478,0.64064929,1,medium
2035-01-01T20:30:00Z,0.69694969,230.0,817.79685903,1671.52121653,0.0,82.0,82.0,0.0,0.0,-0.79335334,0.60876143,0.0,1.0,0.71587094,6.28788907,0.79676543,7.10964148,0.780792,7.44821531,6.28788907,0.71216468,0.80174784,0.89533205,0.64064929,1,medium
2035-01-01T20:45:00Z,0.70437958,230.0,815.33645906,1715.41559616,0.0,83.0,83.0,0.0,0.0,-0.75183981,0.65934582,0.0,1.0,0.70643916,3.1552164,0.78104433,7.21225403,0.78329791,6.95453208,2.70942274,0.69694969,0.74210673,0.89303278,0.64064929,1,medium
2035-01-01T21:00:00Z,0.69676926,233.0,845.65799928,1678.85073931,0.0,84.0,84.0,0.0,0.0,-0.70710678,0.70710678,0.0,1.0,0.7025658,1.82119203,0.76977265,6.14439317,0.7866627,6.74840097,1.37539836,0.70437958,0.71226268,0.83202942,0.64064929,1,medium
2035-01-01T21:15:00Z,0.64588431,230.0,776.00178054,1674.14082704,0.0,85.0,85.0,0.0,0.0,-0.65934582,0.75183981,0.0,1.0,0.68599571,4.86840943,0.7543815,7.13306639,0.78707322,7.05707326,4.42261576,0.69676926,0.71216468,0.83057813,0.64064929,1,medium
2035-01-01T21:30:00Z,0.63675617,234.0,845.61370652,1745.48134707,0.0,86.0,86.0,0.0,0.0,-0.60876143,0.79335334,0.0,1.0,0.67094733,4.50319804,0.73388371,6.27259798,0.7835602,6.29798945,4.05740437,0.64588431,0.69694969,0.88272968,0.64064929,0,low
2035-01-01T21:45:00Z,0.63693027,230.0,821.1801903,1703.16831951,0.0,87.0,87.0,0.0,0.0,-0.55557023,0.83146961,0.0,1.0,0.654085,4.06785014,0.71937627,4.84187645,0.77849779,5.92613497,4.05740437,0.63675617,0.70437958,0.81101951,0.64064929,1,medium
2035-01-01T22:00:00Z,0.66309839,234.0,835.60853363,1719.93677022,0.0,88.0,88.0,0.0,0.0,-0.5,0.8660254,0.0,1.0,0.64566729,5.18131813,0.70712756,5.34650598,0.77502835,6.06718458,3.60078539,0.63693027,0.69676926,0.81008287,0.64064929,1,medium
2035-01-01T22:15:00Z,0.65430188,230.0,831.30449447,1752.18674766,0.0,89.0,89.0,0.0,0.0,-0.44228869,0.89687274,0.0,1.0,0.64777168,2.65601136,0.69194596,4.99447011,0.76936093,5.71559775,1.07547861,0.66309839,0.64588431,0.83648117,0.64064929,1,medium
2035-01-01T22:30:00Z,0.59737274,232.0,807.70619495,1612.66160086,0.0,90.0,90.0,0.0,0.0,-0.38268343,0.92387953,0.0,1.0,0.63792582,5.52407133,0.6749147,5.43838615,0.75947332,5.84133845,3.94353859,0.65430188,0.63675617,0.80174784,0.64064929,1,medium
2035-01-01T22:45:00Z,0.64658648,232.0,782.84608742,1610.54317604,0.0,91.0,91.0,0.0,0.0,-0.32143947,0.94693013,0.0,1.0,0.64033987,8.46644994,0.66695468,5.22983883,0.7516545,6.32910707,3.94353859,0.59737274,0.63693027,0.74210673,0.64064929,1,medium
2035-01-01T23:00:00Z,0.66257663,231.0,816.23682004,1744.36977641,0.0,92.0,92.0,0.0,0.0,-0.25881905,0.96592583,0.0,1.0,0.64020943,7.8557715,0.66281417,4.95276055,0.7440549,6.38172273,3.94353859,0.64658648,0.66309839,0.71226268,0.64064929,1,medium
2035-01-01T23:15:00Z,0.64871905,232.0,843.26439084,1676.10967984,0.0,93.0,93.0,0.0,0.0,-0.19509032,0.98078528,0.0,1.0,0.63881373,8.15943545,0.65752704,5.22795208,0.73541217,6.40851952,4.24720255,0.66257663,0.65430188,0.71216468,0.64064929,1,medium
2035-01-01T23:30:00Z,0.65009131,230.0,833.24345937,1735.13723504,0.0,94.0,94.0,0.0,0.0,-0.13052619,0.99144486,0.0,1.0,0.65199337,4.82602301,0.65362217,4.95109746,0.7251938,6.03036947,0.83145445,0.64871905,0.59737274,0.69694969,0.64064929,0,low
2035-01-01T23:45:00Z,0.62337792,233.0,820.98831108,1645.20610933,0.0,95.0,95.0,0.0,0.0,-0.06540313,0.99785892,0.0,1.0,0.64619123,3.47600197,0.64687204,5.33676735,0.71395818,6.27451069,2.43425779,0.65009131,0.64658648,0.70437958,0.64064929,1,medium
2035-01-02T00:00:00Z,0.6315196,233.0,806.92796481,1747.12843151,1.0,0.0,96.0,0.0,0.0,0.0,1.0,0.78183148,0.6234898,0.63842697,3.00509408,0.64143456,5.34739457,0.70560361,5.74589387,2.43425779,0.62337792,0.66257663,0.69676926,0.64064929,1,medium
2035-01-02T00:15:00Z,0.63167886,233.0,842.87564323,1706.68135644,1.0,1.0,97.0,0.0,0.0,0.06540313,0.99785892,0.78183148,0.6234898,0.63416692,2.18319519,0.64025078,4.33288067,0.69731614,5.73297353,1.60280333,0.6315196,0.64871905,0.64588431,0.65052457,1,medium
2035-01-02T00:30:00Z,0.59606282,233.0,812.45296953,1637.40431057,1.0,2.0,98.0,0.0,0.0,0.13052619,0.99144486,0.78183148,0.6234898,0.6206598,4.23782216,0.63685966,4.86263883,0.68537169,5.56761841,3.73976595,0.63167886,0.65009131,0.63675617,0.62826642,1,medium
2035-01-02T00:45:00Z,0.60445811,233.0,845.24839272,1722.63338028,1.0,3.0,99.0,0.0,0.0,0.19509032,0.98078528,0.78183148,0.6234898,0.61592985,3.13873655,0.63415365,5.02706282,0.67676496,4.93446963,2.13696262,0.59606282,0.62337792,0.63693027,0.64449158,1,medium
2035-01-02T01:00:00Z,0.60731783,229.0,813.91279222,1696.81599928,1.0,4.0,100.0,0.0,0.0,0.25881905,0.96592583,0.78183148,0.6234898,0.6098794,2.82181892,0.62950527,4.56089483,0.66831642,4.9537004,2.13696262,0.60445811,0.6315196,0.66309839,0.64724937,1,medium
2035-01-02T01:15:00Z,0.64042194,231.0,828.42802216,1680.29181301,1.0,5.0,101.0,0.0,0.0,0.32143947,0.94693013,0.78183148,0.6234898,0.61206517,4.79850987,0.62834861,5.04704684,0.66014728,5.02075848,2.13696262,0.60731783,0.63167886,0.65430188,0.63072355,1,medium
2035-01-02T01:30:00Z,0.64792599,231.0,849.00138013,1674.96506939,1.0,6.0,102.0,0.0,0.0,0.38268343,0.92387953,0.78183148,0.6234898,0.62503097,3.11179017,0.63256138,4.05854511,0.65373804,4.74846563,0.0,0.64042194,0.59606282,0.59737274,0.61210526,0,low
2035-01-02T01:45:00Z,0.64219746,233.0,840.20633405,1734.90460988,1.0,7.0,103.0,0.0,0.0,0.44228869,0.89687274,0.78183148,0.6234898,0.6344658,2.95178408,0.63219563,3.18884086,0.64957515,4.20933985,0.34371162,0.64792599,0.60445811,0.64658648,0.60154799,0,low
2035-01-02T02:00:00Z,0.66325334,233.0,801.29068644,1697.94632684,1.0,8.0,104.0,0.0,0.0,0.5,0.8660254,0.78183148,0.6234898,0.64844968,4.04355396,0.63225202,3.29015565,0.6475331,4.1214581,0.34371162,0.64219746,0.60731783,0.66257663,0.61185041,0,low
2035-01-02T02:15:00Z,0.61657117,233.0,807.89707954,1667.88414126,1.0,9.0,105.0,0.0,0.0,0.55557023,0.83146961,0.78183148,0.6234898,0.64248699,4.85823763,0.62957303,3.94664757,0.64355003,4.58729982,3.14464182,0.66325334,0.64042194,0.64871905,0.60996934,1,medium
2035-01-02T02:30:00Z,0.59359199,232.0,793.94949473,1732.15642719,1.0,10.0,106.0,0.0,0.0,0.60876143,0.79335334,0.78183148,0.6234898,0.62890349,5.78674544,0.62486475,4.37878592,0.63924346,4.66494169,4.52339255,0.61657117,0.64792599,0.65009131,0.64837651,1,medium
2035-01-02T02:45:00Z,0.59250036,233.0,826.89203734,1741.18970301,1.0,11.0,107.0,0.0,0.0,0.65934582,0.75183981,0.78183148,0.6234898,0.61647922,5.50853174,0.62229162,3.86635079,0.63458183,4.60155907,4.24517884,0.59359199,0.64219746,0.62337792,0.61161616,1,medium
2035-01-02T03:00:00Z,0.59761683,234.0,819.87695567,1684.09890457,1.0,12.0,108.0,0.0,0.0,0.70710678,0.70710678,0.78183148,0.6234898,0.60007009,4.55216678,0.61946639,3.80584655,0.63045048,4.57662056,4.24517884,0.59250036,0.66325334,0.6315196,0.62875813,1,medium
2035-01-02T03:15:00Z,0.61945841,229.0,803.02329646,1661.81835695,1.0,13.0,109.0,0.0,0.0,0.75183981,0.65934582,0.78183148,0.6234898,0.6007919,3.06173162,0.61844802,4.23949304,0.6293494,4.28618685,1.44424864,0.59761683,0.61657117,0.63167886,0.63658907,0,low
2035-01-02T03:30:00Z,0.63455872,231.0,814.33246723,1673.62177727,1.0,14.0,110.0,0.0,0.0,0.79335334,0.60876143,0.78183148,0.6234898,0.61103358,2.58899961,0.62165601,3.82917841,0.62925784,4.34590862,0.06549792,0.61945841,0.59359199,0.59606282,0.58980318,1,medium
2035-01-02T03:45:00Z,0.60811946,230.0,806.72553165,1706.55315758,1.0,15.0,111.0,0.0,0.0,0.83146961,0.55557023,0.78183148,0.6234898,0.61493836,4.10985717,0.62196112,4.19005766,0.62805739,4.60856024,1.58635547,0.63455872,0.59250036,0.60445811,0.60732527,1,medium
2035-01-02T04:00:00Z,0.61623555,231.0,841.24050178,1740.89208144,1.0,16.0,112.0,0.0,0.0,0.8660254,0.5,0.78183148,0.6234898,0.61959304,4.28983414,0.62270427,4.29518496,0.62610477,4.42803989,1.58635547,0.60811946,0.59761683,0.60731783,0.58684424,1,medium
2035-01-02T04:15:00Z,0.58963575,230.0,800.93125228,1701.30576688,1.0,17.0,113.0,0.0,0.0,0.89687274,0.44228869,0.78183148,0.6234898,0.61213737,4.57532708,0.61847209,4.16509878,0.62341035,4.60607281,3.18234345,0.61623555,0.61945841,0.64042194,0.58181191,1,medium
2035-01-02T04:30:00Z,0.62130983,231.0,825.93638215,1699.80432071,1.0,18.0,114.0,0.0,0.0,0.92387953,0.38268343,0.78183148,0.6234898,0.60882515,5.56975334,0.61625407,4.64849947,0.62440773,4.35352229,3.18234345,0.58963575,0.63455872,0.64792599,0.59501726,0,low
2035-01-02T04:45:00Z,0.63457377,231.0,804.87138823,1702.65574789,1.0,19.0,115.0,0.0,0.0,0.94693013,0.32143947,0.78183148,0.6234898,0.61543872,4.77923443,0.61561876,4.79920778,0.6239072,3.99402432,1.59598798,0.62130983,0.60811946,0.64219746,0.615721,1,medium
2035-01-02T05:00:00Z,0.61124919,232.0,797.4621468,1679.18276045,1.0,20.0,116.0,0.0,0.0,0.96592583,0.25881905,0.78183148,0.6234898,0.61419213,5.69174459,0.61128509,4.84458184,0.62176855,4.06736874,2.99546305,0.63457377,0.61623555,0.66325334,0.60324822,1,medium
2035-01-02T05:15:00Z,0.62317318,234.0,836.7323674,1692.23116984,1.0,21.0,117.0,0.0,0.0,0.98078528,0.19509032,0.78183148,0.6234898,0.62257649,4.81119603,0.61183525,4.14941824,0.62070414,4.0480329,1.39947507,0.61124919,0.58963575,0.61657117,0.58661252,1,medium
2035-01-02T05:30:00Z,0.57564026,230.0,795.75370035,1625.93228248,1.0,22.0,118.0,0.0,0.0,0.99144486,0.13052619,0.78183148,0.6234898,0.6111591,5.76272604,0.61033927,4.640493,0.61760201,4.50963946,4.25145007,0.62317318,0.62130983,0.59359199,0.58302099,0,low
2035-01-02T05:45:00Z,0.61379254,231.0,817.90020238,1637.54877829,1.0,23.0,119.0,0.0,0.0,0.99785892,0.06540313,0.78183148,0.6234898,0.60596379,7.25602634,0.61211362,5.38170598,0.61720262,4.62402838,4.25145007,0.57564026,0.63457377,0.59250036,0.60702188,1,medium
2035-01-02T06:00:00Z,0.60301082,234.0,827.47022798,1701.84309951,1.0,24.0,120.0,0.0,0.0,1.0,0.0,0.78183148,0.6234898,0.6039042,6.50345435,0.61256312,5.49501103,0.61601476,4.65042879,3.49887808,0.61379254,0.61124919,0.59761683,0.60068069,1,medium
2035-01-02T06:15:00Z,0.63194848,232.0,804.87357523,1716.50266724,1.0,25.0,121.0,0.0,0.0,0.99785892,-0.06540313,0.78183148,0.6234898,0.60609803,7.52427412,0.61360396,5.63693241,0.61602599,4.93821272,3.49887808,0.60301082,0.62317318,0.61945841,0.60955189,1,medium
2035-01-02T06:30:00Z,0.5912008,229.0,816.81326786,1651.67120934,1.0,26.0,122.0,0.0,0.0,0.99144486,-0.13052619,0.78183148,0.6234898,0.60998816,7.11715982,0.6099908,6.14987973,0.61582341,4.98952907,3.09176378,0.63194848,0.57564026,0.63455872,0.59687917,1,medium
2035-01-02T06:45:00Z,0.64278856,233.0,796.11742244,1660.00329987,1.0,27.0,123.0,0.0,0.0,0.98078528,-0.19509032,0.78183148,0.6234898,0.61723716,7.92328866,0.61287989,6.65284981,0.61742051,5.42145374,3.09176378,0.5912008,0.61379254,0.60811946,0.57916505,1,medium
2035-01-02T07:00:00Z,0.65159196,234.0,826.62645064,1745.29731542,1.0,28.0,124.0,0.0,0.0,0.96592583,-0.25881905,0.78183148,0.6234898,0.62938245,7.8045895,0.61582626,6.66659615,0.61926526,5.48089055,2.4448607,0.64278856,0.60301082,0.61623555,0.61955587,1,medium
2035-01-02T07:15:00Z,0.63336364,230.0,812.63387624,1689.42074791,1.0,29.0,125.0,0.0,0.0,0.94693013,-0.32143947,0.78183148,0.6234898,0.62973624,7.1620294,0.61947025,6.49916651,0.61897117,5.33213265,3.53855979,0.65159196,0.63194848,0.58963575,0.63138661,1,medium
2035-01-02T07:30:00Z,0.64112682,231.0,820.29714352,1678.29299661,1.0,30.0,126.0,0.0,0.0,0.92387953,-0.38268343,0.78183148,0.6234898,0.64221774,5.18295935,0.62112167,6.0209484,0.61868787,5.33472393,1.09369908,0.63336364,0.5912008,0.62130983,0.63491582,1,medium
2035-01-02T07:45:00Z,0.66342266,234.0,830.20785421,1696.0060431,1.0,31.0,127.0,0.0,0.0,0.89687274,-0.44228869,0.78183148,0.6234898,0.64737627,3.42544444,0.62352574,6.20158648,0.61957225,5.50039713,1.09369908,0.64112682,0.64278856,0.63457377,0.63725272,1,medium
2035-01-02T08:00:00Z,0.62834374,230.0,807.45200132,1716.82760282,1.0,32.0,128.0,0.0,0.0,0.8660254,-0.5,0.78183148,0.6234898,0.64156422,5.00197583,0.62495029,6.43667323,0.61811769,5.64062753,3.19843438,0.66342266,0.65159196,0.61124919,0.64545328,1,medium
2035-01-02T08:15:00Z,0.67886735,232.0,817.45112875,1665.98295609,1.0,33.0,129.0,0.0,0.0,0.83146961,-0.55557023,0.78183148,0.6234898,0.65294014,6.93969344,0.62959147,7.20866565,0.62071336,5.67904195,2.1047353,0.62834374,0.63336364,0.62317318,0.68387155,1,medium
2035-01-02T08:30:00Z,0.69716904,234.0,828.85102529,1663.77021045,1.0,34.0,130.0,0.0,0.0,0.79335334,-0.60876143,0.78183148,0.6234898,0.6669507,7.57200372,0.63971887,6.62404096,0.62502907,5.63226698,2.1047353,0.67886735,0.64112682,0.57564026,0.65955897,1,medium
2035-01-02T08:45:00Z,0.67670367,231.0,827.35914818,1724.98918069,1.0,35.0,131.0,0.0,0.0,0.75183981,-0.65934582,0.78183148,0.6234898,0.67027095,7.46217467,0.64496146,6.27030259,0.62853754,5.82600429,3.33265705,0.69716904,0.66342266,0.61379254,0.66586865,1,medium
2035-01-02T09:00:00Z,0.70826973,230.0,819.14316665,1715.01697806,1.0,36.0,132.0,0.0,0.0,0.70710678,-0.70710678,0.78183148,0.6234898,0.69025245,7.25140281,0.65373304,6.68598938,0.63314808,6.0905002,1.22792175,0.67670367,0.62834374,0.60301082,0.68791931,1,medium
2035-01-02T09:15:00Z,0.6747319,233.0,793.85938842,1660.77963483,1.0,37.0,133.0,0.0,0.0,0.65934582,-0.75183981,0.78183148,0.6234898,0.68921858,6.23225625,0.65729832,6.77799303,0.63545114,6.20746272,3.24019188,0.70826973,0.67886735,0.63194848,0.70099013,1,medium
2035-01-02T09:30:00Z,0.70250999,230.0,802.27084924,1709.31569408,1.0,38.0,134.0,0.0,0.0,0.60876143,-0.79335334,0.78183148,0.6234898,0.69055382,6.80084077,0.66657409,6.51860128,0.63828245,6.33424051,3.24019188,0.6747319,0.69716904,0.5912008,0.68749169,1,medium
2035-01-02T09:45:00Z,0.68849943,231.0,836.64379861,1704.52749382,1.0,39.0,135.0,0.0,0.0,0.55557023,-0.83146961,0.78183148,0.6234898,0.69350276,6.41355216,0.67038333,5.76705709,0.64163161,6.20995345,2.85290327,0.70250999,0.67670367,0.64278856,0.71768183,1,medium
2035-01-02T10:00:00Z,0.70582089,234.0,821.39478109,1713.54094761,1.0,40.0,136.0,0.0,0.0,0.5,-0.8660254,0.78183148,0.6234898,0.69289055,5.55887587,0.67490241,5.93741817,0.64536433,6.30200716,2.85290327,0.68849943,0.70826973,0.65159196,0.68317894,1,medium
2035-01-02T10:15:00Z,0.68136358,230.0,807.74839267,1720.49717282,1.0,41.0,137.0,0.0,0.0,0.44228869,-0.89687274,0.78183148,0.6234898,0.69454847,5.01404405,0.6789024,6.06199791,0.64918633,6.28058221,2.30807145,0.70582089,0.6747319,0.63336364,0.69703304,1,medium
2035-01-02T10:30:00Z,0.6718678,233.0,846.32777736,1681.43776002,1.0,42.0,138.0,0.0,0.0,0.38268343,-0.92387953,0.78183148,0.6234898,0.68688793,3.9171053,0.68146415,6.09664993,0.65129291,6.05879917,2.87781816,0.68136358,0.70250999,0.64112682,0.68338655,0,low
2035-01-02T10:45:00Z,0.67458625,232.0,808.23640302,1694.36651327,1.0,43.0,139.0,0.0,0.0,0.32143947,-0.94693013,0.78183148,0.6234898,0.68340963,3.23957908,0.68239445,5.70510197,0.6529601,5.95334423,2.03718502,0.6718678,0.68849943,0.66342266,0.6422555,0,low
2035-01-02T11:00:00Z,0.62955889,229.0,814.53147654,1641.87618906,1.0,44.0,140.0,0.0,0.0,0.25881905,-0.96592583,0.78183148,0.6234898,0.66434413,4.90193389,0.68249571,5.90407086,0.653723,6.17037204,4.73882698,0.67458625,0.70582089,0.62834374,0.64843234,0,low
2035-01-02T11:15:00Z,0.61302746,232.0,826.24192686,1737.39357454,1.0,45.0,141.0,0.0,0.0,0.19509032,-0.98078528,0.78183148,0.6234898,0.6472601,4.42638083,0.67700905,5.22422704,0.65330026,6.21644635,4.26327391,0.62955889,0.68136358,0.67886735,0.58980255,0,low
2035-01-02T11:30:00Z,0.57750626,232.0,823.02554952,1664.07978208,1.0,46.0,142.0,0.0,0.0,0.13052619,-0.99144486,0.78183148,0.6234898,0.62366971,5.98790667,0.66703715,5.56861758,0.65337801,6.09632927,5.82479975,0.61302746,0.6718678,0.69716904,0.60695697,0,low
2035-01-02T11:45:00Z,0.59422135,229.0,830.79404918,1712.09521246,1.0,47.0,143.0,0.0,0.0,0.06540313,-0.99785892,0.78183148,0.6234898,0.60357849,6.8277052,0.66016363,5.49361214,0.65256254,5.88195737,5.82479975,0.57750626,0.67458625,0.67670367,0.56820561,0,low
2035-01-02T12:00:00Z,0.54750379,233.0,809.77322352,1666.83131462,1.0,48.0,144.0,0.0,0.0,0.0,-1.0,0.78183148,0.6234898,0.58306471,6.92911654,0.64676647,5.7966421,0.65024975,6.24131574,5.9262111,0.59422135,0.62955889,0.70826973,0.5544551,0,low
2035-01-02T12:15:00Z,0.54856194,229.0,818.65628761,1750.13839211,1.0,49.0,145.0,0.0,0.0,-0.06540313,-0.99785892,0.78183148,0.6234898,0.56694833,6.00072027,0.6362523,5.14704838,0.64677531,5.96252071,4.93432585,0.54750379,0.61302746,0.6747319,0.59036241,0,low
2035-01-02T12:30:00Z,0.53386392,234.0,836.19657857,1729.77603622,1.0,50.0,146.0,0.0,0.0,-0.13052619,-0.99144486,0.78183148,0.6234898,0.55603775,4.75132878,0.62219846,4.88544692,0.64438628,5.7020241,3.68493436,0.54856194,0.57750626,0.70250999,0.56815079,0,low
2035-01-02T12:45:00Z,0.50820825,233.0,791.59900023,1650.90008283,1.0,51.0,147.0,0.0,0.0,-0.19509032,-0.98078528,0.78183148,0.6234898,0.53453448,5.28776363,0.6071742,5.1183493,0.63877876,5.4427032,5.22427465,0.53386392,0.59422135,0.68849943,0.54022265,0,low
2035-01-02T13:00:00Z,0.51855137,233.0,819.83233138,1698.96267028,1.0,52.0,148.0,0.0,0.0,-0.25881905,-0.96592583,0.78183148,0.6234898,0.52729637,3.10529747,0.59156841,4.97878264,0.63323541,5.4581004,2.42122135,0.50820825,0.54750379,0.70582089,0.53763547,0,low
2035-01-02T13:15:00Z,0.54646401,231.0,806.98978935,1664.75715179,1.0,53.0,149.0,0.0,0.0,-0.32143947,-0.94693013,0.78183148,0.6234898,0.52677189,4.71656678,0.58032677,5.04788929,0.62961459,5.5549436,2.42122135,0.51855137,0.54856194,0.68136358,0.52970749,1,medium
2035-01-02T13:30:00Z,0.51427012,232.0,818.67206979,1687.10208675,1.0,54.0,150.0,0.0,0.0,-0.38268343,-0.92387953,0.78183148,0.6234898,0.52187344,5.76631921,0.56719363,5.50185155,0.62432889,5.79925074,3.47097378,0.54646401,0.53386392,0.6718678,0.53403841,1,medium
2035-01-02T13:45:00Z,0.5460169,231.0,807.98600739,1651.53691164,1.0,55.0,151.0,0.0,0.0,-0.44228869,-0.89687274,0.78183148,0.6234898,0.5313256,6.13178609,0.55647952,6.0824183,0.61943699,5.89376014,1.93163349,0.51427012,0.50820825,0.67458625,0.55251601,1,medium
2035-01-02T14:00:00Z,0.58427302,230.0,784.69445738,1630.42063801,1.0,56.0,152.0,0.0,0.0,-0.5,-0.8660254,0.78183148,0.6234898,0.54775601,7.80656562,0.5527057,5.94699321,0.6176007,5.92553203,1.93163349,0.5460169,0.51855137,0.62955889,0.56893431,1,medium
2035-01-02T14:15:00Z,0.60835494,233.0,836.78351536,1729.39211675,1.0,57.0,153.0,0.0,0.0,-0.55557023,-0.83146961,0.78183148,0.6234898,0.56322874,7.57672272,0.55231632,6.09800326,0.61466269,5.66111515,1.93163349,0.58427302,0.54646401,0.61302746,0.57624762,1,medium
2035-01-02T14:30:00Z,0.62560592,233.0,807.92305436,1688.87079595,1.0,58.0,154.0,0.0,0.0,-0.60876143,-0.79335334,0.78183148,0.6234898,0.5910627,6.68014832,0.55632463,5.73259877,0.61168089,5.65060818,0.0,0.60835494,0.51427012,0.57750626,0.58743951,1,medium
2035-01-02T14:45:00Z,0.60182031,231.0,824.30487917,1672.33025117,1.0,59.0,155.0,0.0,0.0,-0.65934582,-0.75183981,0.78183148,0.6234898,0.60501355,6.2024782,0.55695787,5.87400931,0.60856075,5.68381073,1.42713704,0.62560592,0.5460169,0.59422135,0.64423773,1,medium
2035-01-02T15:00:00Z,0.64736081,232.0,805.35325562,1676.46957676,1.0,60.0,156.0,0.0,0.0,-0.70710678,-0.70710678,0.78183148,0.6234898,0.62078549,6.63954185,0.56527929,5.85046831,0.60602288,5.82355521,1.42713704,0.60182031,0.58427302,0.54750379,0.6160143,1,medium
2035-01-02T15:15:00Z,0.64675116,230.0,811.60743542,1711.0647941,1.0,61.0,157.0,0.0,0.0,-0.75183981,-0.65934582,0.78183148,0.6234898,0.63038455,5.23120567,0.57346173,5.84149839,0.60485701,5.49427339,1.46371625,0.64736081,0.60835494,0.54856194,0.63603202,1,medium
2035-01-02T15:30:00Z,0.7060705,231.0,806.55676264,1621.24534486,1.0,62.0,158.0,0.0,0.0,-0.79335334,-0.60876143,0.78183148,0.6234898,0.65050069,7.75530687,0.58781228,6.7339248,0.60500537,5.80968586,1.46371625,0.64675116,0.62560592,0.53386392,0.72106854,1,medium
2035-01-02T15:45:00Z,0.75608722,233.0,780.50711372,1667.82487302,1.0,63.0,159.0,0.0,0.0,-0.83146961,-0.55557023,0.78183148,0.6234898,0.68906742,9.3291731,0.60846886,7.2211458,0.60782153,6.16974755,0.03657921,0.7060705,0.60182031,0.50820825,0.75842808,2,high
2035-01-02T16:00:00Z,0.75112059,230.0,839.29375688,1716.56753914,1.0,64.0,160.0,0.0,0.0,-0.8660254,-0.5,0.78183148,0.6234898,0.71500737,6.89474024,0.62784962,7.1136159,0.60970901,6.04619927,0.33457668,0.75608722,0.64736081,0.51855137,0.74636493,2,high
2035-01-02T16:15:00Z,0.77978962,232.0,808.45980339,1674.61492938,1.0,65.0,161.0,0.0,0.0,-0.89687274,-0.44228869,0.78183148,0.6234898,0.74826698,8.57830258,0.64729342,7.12874366,0.6138101,6.08831647,0.29799747,0.75112059,0.64675116,0.54646401,0.79032012,2,high
2035-01-02T16:30:00Z,0.79267713,233.0,826.05228841,1685.56765119,1.0,66.0,162.0,0.0,0.0,-0.92387953,-0.38268343,0.78183148,0.6234898,0.76991864,5.79239274,0.67049401,6.74261598,0.61884382,6.12223377,0.29799747,0.77978962,0.7060705,0.51427012,0.83467519,2,high
2035-01-02T16:45:00Z,0.80259051,230.0,804.77005121,1739.86978382,1.0,67.0,163.0,0.0,0.0,-0.94693013,-0.32143947,0.78183148,0.6234898,0.78154446,3.38619253,0.69187514,6.30594794,0.62417733,6.19418312,0.29799747,0.79267713,0.75608722,0.5460169,0.83423831,2,high
2035-01-02T17:00:00Z,0.85859701,233.0,792.14335083,1672.81605892,1.0,68.0,164.0,0.0,0.0,-0.96592583,-0.25881905,0.78183148,0.6234898,0.80841357,6.44858511,0.71473548,6.66095573,0.63372059,6.30397447,0.0,0.80259051,0.75112059,0.58427302,0.84496688,2,high
2035-01-02T17:15:00Z,0.82303401,233.0,800.48044678,1652.2982671,1.0,69.0,165.0,0.0,0.0,-0.98078528,-0.19509032,0.78183148,0.6234898,0.81922466,6.86222356,0.7326254,6.89057727,0.64247086,6.49429026,2.13377999,0.85859701,0.77978962,0.60835494,0.85614478,2,high
2035-01-02T17:30:00Z,0.82829443,231.0,824.00896214,1740.49385153,1.0,70.0,166.0,0.0,0.0,-0.99144486,-0.13052619,0.78183148,0.6234898,0.82812899,6.404598,0.74951611,6.65076587,0.65292037,6.19168232,2.13377999,0.82303401,0.79267713,0.62560592,0.89533205,2,high
2035-01-02T17:45:00Z,0.86321868,232.0,824.66047004,1629.66465557,1.0,71.0,167.0,0.0,0.0,-0.99785892,-0.06540313,0.78183148,0.6234898,0.84328603,7.90525018,0.7712993,6.8735386,0.66412859,6.37377396,2.13377999,0.82829443,0.80259051,0.60182031,0.89303278,2,high
2035-01-02T18:00:00Z,0.89972972,232.0,789.38100677,1671.50801608,1.0,72.0,168.0,0.0,0.0,-1.0,-0.0,0.78183148,0.6234898,0.85356921,6.7355227,0.79233005,6.69294935,0.67880467,6.27170883,2.13377999,0.86321868,0.85859701,0.64736081,0.83202942,2,high
2035-01-02T18:15:00Z,0.84916167,230.0,783.98782494,1630.04507094,1.0,73.0,169.0,0.0,0.0,-0.99785892,0.06540313,0.78183148,0.6234898,0.86010112,7.63582595,0.80919759,7.69211736,0.69132966,6.76680788,3.03408324,0.89972972,0.82303401,0.64675116,0.83057813,2,high
2035-01-02T18:30:00Z,0.83679354,232.0,832.68934928,1745.79531166,1.0,74.0,170.0,0.0,0.0,-0.99144486,0.13052619,0.78183148,0.6234898,0.8622259,8.06228857,0.82009118,6.75309311,0.70395173,6.74350895,3.77617077,0.84916167,0.82829443,0.7060705,0.88272968,1,medium
2035-01-02T18:45:00Z,0.81326781,230.0,825.33183367,1658.33991791,1.0,75.0,171.0,0.0,0.0,-0.98078528,0.19509032,0.78183148,0.6234898,0.84973819,7.37837731,0.82485623,6.22327334,0.71666254,6.72220957,5.18771474,0.83679354,0.86321868,0.75608722,0.81101951,1,medium
2035-01-02T19:00:00Z,0.80617327,231.0,844.07934763,1690.68648275,1.0,76.0,172.0,0.0,0.0,-0.96592583,0.25881905,0.78183148,0.6234898,0.82634907,5.61338715,0.82944395,6.26583165,0.72864679,6.68972378,5.61338715,0.81326781,0.89972972,0.75112059,0.81008287,1,medium
2035-01-02T19:15:00Z,0.81096559,231.0,850.75567169,1751.63031328,1.0,77.0,173.0,0.0,0.0,-0.94693013,0.32143947,0.78183148,0.6234898,0.81680005,2.8668429,0.83204195,5.78829747,0.73966769,6.45852056,2.5793039,0.80617327,0.84916167,0.77978962,0.83648117,1,medium
2035-01-02T19:30:00Z,0.78152744,229.0,805.85012691,1640.27583192,1.0,78.0,174.0,0.0,0.0,-0.92387953,0.38268343,0.78183148,0.6234898,0.80298353,3.89104414,0.83111281,6.11931024,0.75080341,6.43096311,3.60350514,0.81096559,0.83679354,0.79267713,0.80174784,1,medium
2035-01-02T19:45:00Z,0.73737127,232.0,803.03210147,1630.50174919,1.0,79.0,175.0,0.0,0.0,-0.89687274,0.44228869,0.78183148,0.6234898,0.78400939,5.12887072,0.82567787,6.80416607,0.75877651,6.55505701,4.84133173,0.78152744,0.81326781,0.80259051,0.74210673,1,medium
2035-01-02T20:00:00Z,0.77424132,231.0,825.82458363,1662.50663145,1.0,80.0,176.0,0.0,0.0,-0.8660254,0.5,0.78183148,0.6234898,0.7760264,6.91540159,0.81864823,6.42143715,0.76669185,6.54119644,4.41565933,0.73737127,0.80617327,0.85859701,0.71226268,1,medium
2035-01-02T20:15:00Z,0.70341583,234.0,768.23894568,1628.682802,1.0,81.0,177.0,0.0,0.0,-0.83146961,0.55557023,0.78183148,0.6234898,0.74913896,10.87739208,0.80868005,7.12668698,0.77065272,7.00863212,8.6651888,0.77424132,0.81096559,0.82303401,0.71216468,1,medium
2035-01-02T20:30:00Z,0.7037014,231.0,821.33697362,1697.88534843,1.0,82.0,178.0,0.0,0.0,-0.79335334,0.60876143,0.78183148,0.6234898,0.72968245,9.12823749,0.79829729,7.02719007,0.7739067,6.83897797,6.89890004,0.70341583,0.78152744,0.82829443,0.69694969,1,medium
2035-01-02T20:45:00Z,0.70628982,233.0,830.06326887,1678.31173321,1.0,83.0,179.0,0.0,0.0,-0.75183981,0.65934582,0.78183148,0.6234898,0.72191209,6.63417219,0.78521989,6.38047341,0.7782596,6.62700601,4.24952948,0.7037014,0.73737127,0.86321868,0.70437958,1,medium
2035-01-02T21:00:00Z,0.69330733,231.0,832.62128933,1713.31886958,1.0,84.0,180.0,0.0,0.0,-0.70710678,0.70710678,0.78183148,0.6234898,0.70167859,5.2009185,0.76801802,5.90990241,0.78017404,6.30142588,5.02847906,0.70628982,0.77424132,0.89972972,0.69676926,1,medium
2035-01-02T21:15:00Z,0.67116201,233.0,823.52571473,1731.30933965,1.0,85.0,181.0,0.0,0.0,-0.65934582,0.75183981,0.78183148,0.6234898,0.69361514,2.28010806,0.75318472,5.34144768,0.78119115,6.51678252,2.10766862,0.69330733,0.70341583,0.84916167,0.64588431,1,medium
2035-01-02T21:30:00Z,0.63208435,232.0,798.47034702,1709.23751932,1.0,86.0,182.0,0.0,0.0,-0.60876143,0.79335334,0.78183148,0.6234898,0.67571088,4.60763315,0.73612562,5.87563826,0.7781084,6.31436568,4.45232789,0.67116201,0.7037014,0.83679354,0.63675617,1,medium
2035-01-02T21:45:00Z,0.64548506,232.0,806.18348031,1742.42919362,1.0,87.0,183.0,0.0,0.0,-0.55557023,0.83146961,0.78183148,0.6234898,0.66050969,5.25636996,0.72214372,5.67313762,0.77349997,5.94820548,4.45232789,0.63208435,0.70628982,0.81326781,0.63693027,1,medium
2035-01-02T22:00:00Z,0.66634272,231.0,824.3090592,1675.05118355,1.0,88.0,184.0,0.0,0.0,-0.5,0.8660254,0.78183148,0.6234898,0.65376853,5.72888017,0.71049118,5.94840009,0.76996756,6.10711587,3.67337831,0.64548506,0.69330733,0.80617327,0.66309839,1,medium
2035-01-02T22:15:00Z,0.65237758,232.0,800.39914242,1735.12515748,1.0,89.0,185.0,0.0,0.0,-0.44228869,0.89687274,0.78183148,0.6234898,0.64907243,5.23806947,0.69727551,6.13185654,0.76465873,5.960077,3.18256761,0.66634272,0.67116201,0.81096559,0.65430188,1,medium
2035-01-02T22:30:00Z,0.65508532,231.0,848.87424619,1679.62385136,1.0,90.0,186.0,0.0,0.0,-0.38268343,0.92387953,0.78183148,0.6234898,0.65482267,3.05587465,0.68673867,5.59724843,0.75892574,5.85827934,0.83790834,0.65237758,0.63208435,0.78152744,0.59737274,1,medium
2035-01-02T22:45:00Z,0.6499062,230.0,824.84762621,1698.31655117,1.0,91.0,187.0,0.0,0.0,-0.32143947,0.94693013,0.78183148,0.6234898,0.65592795,2.5625798,0.67944991,4.81770732,0.75256389,5.81093669,1.14865555,0.65508532,0.64548506,0.73737127,0.64658648,1,medium
2035-01-02T23:00:00Z,0.64465902,232.0,825.52495415,1682.61275197,1.0,92.0,188.0,0.0,0.0,-0.25881905,0.96592583,0.78183148,0.6234898,0.65050703,1.62595099,0.66865139,4.18524989,0.74364981,5.30334352,1.46348653,0.6499062,0.66634272,0.77424132,0.66257663,0,low
2035-01-02T23:15:00Z,0.6493959,231.0,848.06612922,1701.80608025,1.0,93.0,189.0,0.0,0.0,-0.19509032,0.98078528,0.78183148,0.6234898,0.64976161,1.07225564,0.66414972,2.86347772,0.73641489,4.99508235,0.6255782,0.64465902,0.65237758,0.70341583,0.64871905,1,medium
2035-01-02T23:30:00Z,0.62782721,233.0,826.56867196,1722.32653845,1.0,94.0,190.0,0.0,0.0,-0.13052619,0.99144486,0.78183148,0.6234898,0.64294708,2.20391231,0.65782688,3.28914004,0.72806209,5.15816505,1.91969933,0.6493959,0.65508532,0.7037014,0.65009131,0,low
2035-01-02T23:45:00Z,0.62930701,231.0,814.11537843,1700.0095743,1.0,95.0,191.0,0.0,0.0,-0.06540313,0.99785892,0.78183148,0.6234898,0.63779729,1.981953,0.65141164,3.26696758,0.71831577,4.8237205,1.60895212,0.62782721,0.6499062,0.70628982,0.62337792,1,medium
2035-01-03T00:00:00Z,0.59560301,234.0,813.62475202,1664.05003502,2.0,0.0,192.0,0.0,0.0,0.0,1.0,0.97492791,-0.22252093,0.62553328,3.68936247,0.64326962,3.68139788,0.70564382,4.79565015,3.31636159,0.62930701,0.64465902,0.69330733,0.6315196,1,medium
2035-01-03T00:15:00Z,0.61573463,232.0,826.23839842,1701.47604768,2.0,1.0,193.0,0.0,0.0,0.06540313,0.99785892,0.97492791,-0.22252093,0.61711797,4.61304682,0.63865067,3.64112398,0.69591769,4.49128583,3.31636159,0.59560301,0.6493959,0.67116201,0.63167886,1,medium
2035-01-03T00:30:00Z,0.59835191,231.0,808.81945473,1699.28602126,2.0,2.0,194.0,0.0,0.0,0.13052619,0.99144486,0.97492791,-0.22252093,0.60974914,4.361889,0.63583963,3.20722532,0.68598262,4.54143179,3.06520377,0.61573463,0.62782721,0.63208435,0.59606282,1,medium
2035-01-03T00:45:00Z,0.63368073,230.0,808.25337682,1687.11569518,2.0,3.0,195.0,0.0,0.0,0.19509032,0.98078528,0.97492791,-0.22252093,0.61084257,6.39283058,0.63485594,3.64578779,0.67849983,4.65946271,3.06520377,0.59835191,0.62930701,0.64548506,0.60445811,1,medium
2035-01-03T01:00:00Z,0.61042432,233.0,819.87099053,1727.83805343,2.0,4.0,196.0,0.0,0.0,0.25881905,0.96592583,0.97492791,-0.22252093,0.6145479,5.76597468,0.63019607,3.69376272,0.67034362,4.8210814,2.43834788,0.63368073,0.59560301,0.66634272,0.60731783,1,medium
2035-01-03T01:15:00Z,0.6008113,230.0,847.02160348,1731.01521155,2.0,5.0,197.0,0.0,0.0,0.32143947,0.94693013,0.97492791,-0.22252093,0.61081706,5.13485843,0.62589888,3.6067203,0.66158719,4.86928842,3.01512896,0.61042432,0.61573463,0.65237758,0.64042194,1,medium
2035-01-03T01:30:00Z,0.6638794,230.0,767.66727182,1604.12147971,2.0,6.0,198.0,0.0,0.0,0.38268343,0.92387953,0.97492791,-0.22252093,0.62719894,7.87598102,0.62663172,4.81392744,0.65668519,5.20558794,1.97216565,0.6008113,0.59835191,0.65508532,0.64792599,0,low
2035-01-03T01:45:00Z,0.65945934,233.0,842.5931354,1674.72200516,2.0,7.0,199.0,0.0,0.0,0.44228869,0.89687274,0.97492791,-0.22252093,0.63364359,6.02145509,0.62742781,4.79874622,0.65343886,4.80822677,2.2373692,0.6638794,0.63368073,0.6499062,0.64219746,1,medium
2035-01-03T02:00:00Z,0.6013967,231.0,790.66420198,1612.40713646,2.0,8.0,200.0,0.0,0.0,0.5,0.8660254,0.97492791,-0.22252093,0.63138669,8.10982909,0.62382262,5.85505542,0.646237,5.02015265,4.3257432,0.65945934,0.61042432,0.64465902,0.66325334,1,medium
2035-01-03T02:15:00Z,0.6356217,233.0,799.42461513,1696.6759976,2.0,9.0,201.0,0.0,0.0,0.55557023,0.83146961,0.97492791,-0.22252093,0.64008928,9.58654792,0.62267477,6.44481772,0.64341225,4.65414772,3.74896212,0.6013967,0.6008113,0.6493959,0.61657117,1,medium
2035-01-03T02:30:00Z,0.59254895,233.0,810.62819344,1699.64837805,2.0,10.0,202.0,0.0,0.0,0.60876143,0.79335334,0.97492791,-0.22252093,0.62225667,8.38682704,0.61973492,6.87489902,0.6387809,5.08201953,6.33332713,0.6356217,0.6638794,0.62782721,0.59359199,0,low
2035-01-03T02:45:00Z,0.63861124,229.0,783.88678395,1614.90961012,2.0,11.0,203.0,0.0,0.0,0.65934582,0.75183981,0.97492791,-0.22252093,0.61704465,10.88536088,0.62051027,7.76654885,0.63596096,5.51675822,6.06812358,0.59254895,0.65945934,0.62930701,0.59250036,1,medium
2035-01-03T03:00:00Z,0.6196672,233.0,812.68404777,1739.97213281,2.0,12.0,204.0,0.0,0.0,0.70710678,0.70710678,0.97492791,-0.22252093,0.62161227,8.53824435,0.62251562,7.47134937,0.63289262,5.57637363,3.72100705,0.63861124,0.6013967,0.59560301,0.59761683,0,low
2035-01-03T03:15:00Z,0.60397892,230.0,840.0118328,1731.96742798,2.0,13.0,205.0,0.0,0.0,0.75183981,0.65934582,0.97492791,-0.22252093,0.61370158,7.42604152,0.62153598,7.38248263,0.63009332,5.5118033,4.66230413,0.6196672,0.6356217,0.61573463,0.61945841,0,low
2035-01-03T03:30:00Z,0.59165904,232.0,843.71182834,1744.12869559,2.0,14.0,206.0,0.0,0.0,0.79335334,0.60876143,0.97492791,-0.22252093,0.6134791,5.58086897,0.62097824,7.28122568,0.62840893,5.2442255,2.81713158,0.60397892,0.59254895,0.59835191,0.63455872,1,medium
2035-01-03T03:45:00Z,0.61924922,233.0,810.37828486,1655.88543296,2.0,15.0,207.0,0.0,0.0,0.83146961,0.55557023,0.97492791,-0.22252093,0.6086386,4.47254234,0.61977561,7.12645277,0.62731577,5.38612028,2.81713158,0.59165904,0.63861124,0.63368073,0.60811946,1,medium
2035-01-03T04:00:00Z,0.58875342,230.0,800.56626215,1700.94000284,2.0,16.0,208.0,0.0,0.0,0.8660254,0.5,0.97492791,-0.22252093,0.60091015,5.16564849,0.6179697,7.27124064,0.62408289,5.48250168,3.51023773,0.61924922,0.6196672,0.61042432,0.61623555,1,medium
2035-01-03T04:15:00Z,0.59112233,233.0,815.04965713,1700.89061922,2.0,17.0,209.0,0.0,0.0,0.89687274,0.44228869,0.97492791,-0.22252093,0.597696,4.3664857,0.61716229,7.12635838,0.62153058,5.36653934,2.56894064,0.58875342,0.60397892,0.6008113,0.58963575,1,medium
2035-01-03T04:30:00Z,0.61611969,229.0,808.82776278,1696.40475678,2.0,18.0,210.0,0.0,0.0,0.92387953,0.38268343,0.97492791,-0.22252093,0.60381116,5.12713488,0.61318231,6.36494363,0.61990702,5.58943554,1.82974819,0.59112233,0.59165904,0.6638794,0.62130983,1,medium
2035-01-03T04:45:00Z,0.61060213,231.0,847.99729498,1729.38362695,2.0,19.0,211.0,0.0,0.0,0.94693013,0.32143947,0.97492791,-0.22252093,0.60164939,3.80277727,0.60911088,6.3868935,0.61826935,5.59281986,2.16080134,0.61611969,0.61924922,0.65945934,0.63457377,1,medium
2035-01-03T05:00:00Z,0.62732547,230.0,810.68359437,1680.46362289,2.0,20.0,212.0,0.0,0.0,0.96592583,0.25881905,0.97492791,-0.22252093,0.6112924,2.97642942,0.61127161,5.56010742,0.61754712,5.70758142,0.33105315,0.61060213,0.58875342,0.6013967,0.61124919,0,low
2035-01-03T05:15:00Z,0.60849063,232.0,796.80196309,1685.4124418,2.0,21.0,213.0,0.0,0.0,0.98078528,0.19509032,0.97492791,-0.22252093,0.61563448,3.9643859,0.60901069,5.25230437,0.61584273,5.84856105,1.46114393,0.62732547,0.59112233,0.6356217,0.62317318,1,medium
2035-01-03T05:30:00Z,0.61056096,234.0,824.3492119,1748.30130014,2.0,22.0,214.0,0.0,0.0,0.99144486,0.13052619,0.97492791,-0.22252093,0.6142448,2.58876407,0.61051169,4.43225597,0.6151233,5.6535775,1.46114393,0.60849063,0.61611969,0.59254895,0.57564026,0,low
2035-01-03T05:45:00Z,0.61245231,230.0,808.90080795,1758.14501408,2.0,23.0,215.0,0.0,0.0,0.99785892,0.06540313,0.97492791,-0.22252093,0.61470734,2.37119209,0.60833178,3.54883723,0.61442102,5.65769304,1.13009078,0.61056096,0.61060213,0.63861124,0.61379254,1,medium
2035-01-03T06:00:00Z,0.58715737,230.0,801.18458861,1688.49571452,2.0,24.0,216.0,0.0,0.0,1.0,0.0,0.97492791,-0.22252093,0.60466531,2.88548829,0.60562262,3.6758554,0.61406912,5.57360239,2.64778731,0.61245231,0.62732547,0.6196672,0.60301082,1,medium
2035-01-03T06:15:00Z,0.63681025,232.0,778.10010153,1675.28052971,2.0,25.0,217.0,0.0,0.0,0.99785892,-0.06540313,0.97492791,-0.22252093,0.61174522,4.73457075,0.60835857,4.35514745,0.61494727,5.86881504,1.51769653,0.58715737,0.60849063,0.60397892,0.63194848,1,medium
2035-01-03T06:30:00Z,0.57448187,230.0,782.33559474,1665.27526876,2.0,26.0,218.0,0.0,0.0,0.99144486,-0.13052619,0.97492791,-0.22252093,0.60272545,8.35005416,0.60692714,5.3553177,0.61395269,6.31827169,5.25739975,0.63681025,0.61056096,0.59165904,0.5912008,1,medium
2035-01-03T06:45:00Z,0.62419407,230.0,812.39819554,1607.94671612,2.0,27.0,219.0,0.0,0.0,0.98078528,-0.19509032,0.97492791,-0.22252093,0.60566089,11.21930539,0.60733921,5.79775825,0.61355741,6.46210551,5.25739975,0.57448187,0.61245231,0.61924922,0.64278856,1,medium
2035-01-03T07:00:00Z,0.6019844,230.0,808.55973385,1653.99862861,2.0,28.0,220.0,0.0,0.0,0.96592583,-0.25881905,0.97492791,-0.22252093,0.60936765,11.03418942,0.60844179,5.63203571,0.61320575,6.45163817,5.07228378,0.62419407,0.58715737,0.58875342,0.65159196,1,medium
2035-01-03T07:15:00Z,0.65632376,231.0,813.76219594,1651.5964504,2.0,29.0,221.0,0.0,0.0,0.94693013,-0.32143947,0.97492791,-0.22252093,0.61424603,11.31537803,0.61387524,6.67144489,0.61551877,6.89890164,5.07228378,0.6019844,0.63681025,0.59112233,0.63336364,1,medium
2035-01-03T07:30:00Z,0.61647862,231.0,792.37575977,1704.32903901,2.0,30.0,222.0,0.0,0.0,0.92387953,-0.38268343,0.97492791,-0.22252093,0.62474521,9.96638342,0.61390515,6.96840055,0.61354373,6.66667209,3.72328916,0.65632376,0.57448187,0.61611969,0.64112682,1,medium
2035-01-03T07:45:00Z,0.62692754,231.0,813.55318745,1665.3029512,2.0,31.0,223.0,0.0,0.0,0.89687274,-0.44228869,0.97492791,-0.22252093,0.62542858,7.61058628,0.6152656,7.06702792,0.61218824,6.72696071,3.72328916,0.61647862,0.62419407,0.61060213,0.66342266,1,medium
2035-01-03T08:00:00Z,0.67043145,233.0,806.11468945,1632.85605119,2.0,32.0,224.0,0.0,0.0,0.8660254,-0.5,0.97492791,-0.22252093,0.64254034,8.88824014,0.61885777,7.60263928,0.61506469,6.58137335,2.39070861,0.62692754,0.6019844,0.62732547,0.62834374,1,medium
2035-01-03T08:15:00Z,0.6361323,233.0,827.30881435,1638.12012874,2.0,33.0,225.0,0.0,0.0,0.83146961,-0.55557023,0.97492791,-0.22252093,0.63749248,7.68582718,0.62116124,7.91192532,0.61508596,6.58211485,4.44865751,0.67043145,0.65632376,0.60849063,0.67886735,1,medium
2035-01-03T08:30:00Z,0.68898479,231.0,786.03760046,1633.05162535,2.0,34.0,226.0,0.0,0.0,0.79335334,-0.60876143,0.97492791,-0.22252093,0.65561902,8.46626827,0.62769656,8.92756862,0.61910412,6.67991229,2.0579489,0.6361323,0.61647862,0.61056096,0.69716904,1,medium
2035-01-03T08:45:00Z,0.66832877,229.0,805.13085596,1719.22142073,2.0,35.0,227.0,0.0,0.0,0.75183981,-0.65934582,0.97492791,-0.22252093,0.66596933,9.07869421,0.63235293,9.30286196,0.62034235,6.4258496,3.2973101,0.68898479,0.62692754,0.61245231,0.67670367,1,medium
2035-01-03T09:00:00Z,0.66215677,230.0,840.47486393,1729.53047698,2.0,36.0,228.0,0.0,0.0,0.70710678,-0.70710678,0.97492791,-0.22252093,0.66390066,6.8387797,0.63860288,8.92040309,0.62211275,6.29812924,3.66763,0.66832877,0.67043145,0.58715737,0.70826973,1,medium
2035-01-03T09:15:00Z,0.71909045,230.0,770.33682036,1620.6015549,2.0,37.0,229.0,0.0,0.0,0.65934582,-0.75183981,0.97492791,-0.22252093,0.6846402,8.19685149,0.64545957,9.0660189,0.62690907,6.71058317,1.6096811,0.66215677,0.6361323,0.63681025,0.6747319,1,medium
2035-01-03T09:30:00Z,0.68729779,232.0,788.84320716,1713.24053208,2.0,38.0,230.0,0.0,0.0,0.60876143,-0.79335334,0.97492791,-0.22252093,0.68421845,6.93326145,0.65486089,8.45530438,0.63089401,6.90531104,3.51724076,0.71909045,0.68898479,0.57448187,0.70250999,1,medium
2035-01-03T09:45:00Z,0.69083423,233.0,821.35644379,1707.07026722,2.0,39.0,231.0,0.0,0.0,0.55557023,-0.83146961,0.97492791,-0.22252093,0.68984481,5.90608676,0.66041424,7.53178908,0.63387672,6.66477367,2.27787956,0.68729779,0.66832877,0.62419407,0.68849943,1,medium
2035-01-03T10:00:00Z,0.70950474,231.0,799.52931038,1670.72936145,2.0,40.0,232.0,0.0,0.0,0.5,-0.8660254,0.97492791,-0.22252093,0.7016818,6.65599717,0.66937427,7.46100567,0.63890803,6.54652069,1.90755966,0.69083423,0.66215677,0.6019844,0.70582089,1,medium
2035-01-03T10:15:00Z,0.69553012,233.0,808.5589484,1742.6812463,2.0,41.0,233.0,0.0,0.0,0.44228869,-0.89687274,0.97492791,-0.22252093,0.69579172,4.0784538,0.67264146,6.65371082,0.64325835,6.66257786,2.74603697,0.70950474,0.71909045,0.65632376,0.68136358,0,low
2035-01-03T10:30:00Z,0.68424683,232.0,828.23786172,1689.68905046,2.0,42.0,234.0,0.0,0.0,0.38268343,-0.92387953,0.97492791,-0.22252093,0.69502898,2.8478916,0.67828882,6.08247377,0.64609698,6.52543716,1.51547477,0.69553012,0.68729779,0.61647862,0.6718678,1,medium
2035-01-03T10:45:00Z,0.61307911,230.0,771.11551493,1646.80941203,2.0,43.0,235.0,0.0,0.0,0.32143947,-0.94693013,0.97492791,-0.22252093,0.6755902,6.90576796,0.67713478,7.29684964,0.64620019,7.18193878,5.78553764,0.68424683,0.69083423,0.62692754,0.67458625,0,low
2035-01-03T11:00:00Z,0.63415876,231.0,823.91761464,1698.17613753,2.0,44.0,236.0,0.0,0.0,0.25881905,-0.96592583,0.97492791,-0.22252093,0.6567537,7.0503167,0.67411206,6.84836453,0.64648491,7.2255019,5.78553764,0.61307911,0.70950474,0.67043145,0.62955889,0,low
2035-01-03T11:15:00Z,0.58801435,230.0,802.89678871,1668.31756002,2.0,45.0,237.0,0.0,0.0,0.19509032,-0.98078528,0.97492791,-0.22252093,0.62987476,8.98050423,0.67010223,7.08526984,0.64563173,7.49859758,7.71572516,0.63415876,0.69553012,0.6361323,0.61302746,0,low
2035-01-03T11:30:00Z,0.60729904,231.0,800.66721078,1691.22838172,2.0,46.0,238.0,0.0,0.0,0.13052619,-0.99144486,0.97492791,-0.22252093,0.61063782,9.46058836,0.66329508,6.4139138,0.64549582,7.67074121,7.0387277,0.58801435,0.68424683,0.68898479,0.57750626,0,low
2035-01-03T11:45:00Z,0.56924375,234.0,782.99647292,1664.90764124,2.0,47.0,239.0,0.0,0.0,0.06540313,-0.99785892,0.97492791,-0.22252093,0.59967898,7.47384301,0.655038,6.76189924,0.64369546,8.0323806,5.05198236,0.60729904,0.61307911,0.66832877,0.59422135,0,low
2035-01-03T12:00:00Z,0.56516158,230.0,829.29367617,1701.35832695,2.0,48.0,240.0,0.0,0.0,0.0,-1.0,0.97492791,-0.22252093,0.58242968,6.45399415,0.64695506,6.72010267,0.64277897,7.82025288,5.29691256,0.56924375,0.63415876,0.66215677,0.54750379,0,low
2035-01-03T12:15:00Z,0.5850665,234.0,803.79294204,1721.52086145,2.0,49.0,241.0,0.0,0.0,-0.06540313,-0.99785892,0.97492791,-0.22252093,0.58169272,4.87962455,0.6357864,5.97952753,0.64062298,7.52277321,2.52824772,0.56516158,0.58801435,0.71909045,0.54856194,0,low
2035-01-03T12:30:00Z,0.56559585,233.0,832.21894793,1695.57847013,2.0,50.0,242.0,0.0,0.0,-0.13052619,-0.99144486,0.97492791,-0.22252093,0.57126692,4.89078195,0.62564457,5.7330873,0.64025273,7.09419584,3.69648671,0.5850665,0.60729904,0.68729779,0.53386392,0,low
2035-01-03T12:45:00Z,0.56047701,230.0,809.64370863,1727.09470098,2.0,51.0,243.0,0.0,0.0,-0.19509032,-0.98078528,0.97492791,-0.22252093,0.56907524,2.91459486,0.61478147,5.76473528,0.63759785,6.64826218,1.72029962,0.56559585,0.56924375,0.69083423,0.50820825,0,low
2035-01-03T13:00:00Z,0.55140696,232.0,814.77129889,1718.88969652,2.0,52.0,244.0,0.0,0.0,-0.25881905,-0.96592583,0.97492791,-0.22252093,0.56563658,3.21386761,0.60160666,5.57272615,0.63549046,6.51686591,2.01957237,0.56047701,0.56516158,0.70950474,0.51855137,0,low
2035-01-03T13:15:00Z,0.52479741,231.0,802.49381745,1686.8581177,2.0,53.0,245.0,0.0,0.0,-0.32143947,-0.94693013,0.97492791,-0.22252093,0.55056931,3.61614557,0.58737893,5.82542478,0.6300102,6.2395678,3.61614557,0.55140696,0.5850665,0.69553012,0.54646401,0,low
2035-01-03T13:30:00Z,0.52550827,232.0,822.06186941,1729.34262028,2.0,54.0,246.0,0.0,0.0,-0.38268343,-0.92387953,0.97492791,-0.22252093,0.54054741,2.49055838,0.57415072,5.61397623,0.62621977,5.848225,2.44790658,0.52479741,0.56559585,0.68424683,0.51427012,0,low
2035-01-03T13:45:00Z,0.54735302,231.0,816.09010386,1656.33955615,2.0,55.0,247.0,0.0,0.0,-0.44228869,-0.89687274,0.97492791,-0.22252093,0.53726642,3.49411318,0.56867354,4.62751702,0.62290416,5.96218333,2.14077615,0.52550827,0.56047701,0.61307911,0.5460169,1,medium
2035-01-03T14:00:00Z,0.55577372,229.0,840.47809717,1667.83399221,2.0,56.0,248.0,0.0,0.0,-0.5,-0.8660254,0.97492791,-0.22252093,0.53835811,3.45515182,0.56214146,4.37433786,0.61812676,5.61135119,1.5965732,0.54735302,0.55140696,0.63415876,0.58427302,1,medium
2035-01-03T14:15:00Z,0.59604649,229.0,797.41703867,1659.02045717,2.0,57.0,249.0,0.0,0.0,-0.55557023,-0.83146961,0.97492791,-0.22252093,0.55617038,4.2749452,0.5628108,4.25690511,0.61645651,5.67108747,0.0,0.55577372,0.52479741,0.58801435,0.60835494,1,medium
2035-01-03T14:30:00Z,0.59679258,232.0,818.23454922,1764.54129853,2.0,58.0,250.0,0.0,0.0,-0.60876143,-0.79335334,0.97492791,-0.22252093,0.57399145,4.27705864,0.56193526,3.88613299,0.61261517,5.1500234,0.0,0.59604649,0.52550827,0.60729904,0.62560592,1,medium
2035-01-03T14:45:00Z,0.65527163,232.0,797.27038109,1598.61280361,2.0,59.0,251.0,0.0,0.0,-0.65934582,-0.75183981,0.97492791,-0.22252093,0.6009711,6.47511601,0.56910425,4.29460801,0.61207112,5.52825363,0.0,0.59679258,0.54735302,0.56924375,0.60182031,1,medium
2035-01-03T15:00:00Z,0.63515351,232.0,823.77004095,1695.20466219,2.0,60.0,252.0,0.0,0.0,-0.70710678,-0.70710678,0.97492791,-0.22252093,0.62081605,7.17696147,0.57493691,4.61532697,0.61094599,5.66771482,1.20708707,0.65527163,0.55577372,0.56516158,0.64736081,1,medium
2035-01-03T15:15:00Z,0.67491652,231.0,783.11462164,1688.13503568,2.0,61.0,253.0,0.0,0.0,-0.75183981,-0.65934582,0.97492791,-0.22252093,0.64053356,7.14637585,0.58242441,5.01248888,0.60910541,5.4960082,1.20708707,0.63515351,0.59604649,0.5850665,0.64675116,1,medium
2035-01-03T15:30:00Z,0.71426942,229.0,816.20009367,1648.47455787,2.0,62.0,254.0,0.0,0.0,-0.79335334,-0.60876143,0.97492791,-0.22252093,0.66990277,9.46278424,0.59481388,5.41013375,0.61022923,5.57161053,1.20708707,0.67491652,0.59679258,0.56559585,0.7060705,2,high
2035-01-03T15:45:00Z,0.73869777,233.0,825.31313975,1680.54773432,2.0,63.0,255.0,0.0,0.0,-0.83146961,-0.55557023,0.97492791,-0.22252093,0.6907593,7.41974256,0.60966561,5.79632392,0.61222354,5.7805296,1.20708707,0.71426942,0.65527163,0.56047701,0.75608722,1,medium
2035-01-03T16:00:00Z,0.73993272,229.0,852.26540002,1723.74582061,2.0,64.0,256.0,0.0,0.0,-0.8660254,-0.5,0.97492791,-0.22252093,0.71695411,6.28675267,0.62537609,5.63962199,0.61349137,5.60617407,0.0,0.73869777,0.63515351,0.55140696,0.75112059,2,high
2035-01-03T16:15:00Z,0.77764435,230.0,815.04786877,1684.32082682,2.0,65.0,257.0,0.0,0.0,-0.89687274,-0.44228869,0.97492791,-0.22252093,0.74263606,6.16366954,0.64644667,5.86166353,0.6169128,5.84354416,0.0,0.73993272,0.67491652,0.52479741,0.77978962,2,high
2035-01-03T16:30:00Z,0.8053239,230.0,817.68990883,1670.14875621,2.0,66.0,258.0,0.0,0.0,-0.92387953,-0.38268343,0.97492791,-0.22252093,0.76539968,5.4632692,0.66976464,6.40103736,0.62195768,6.0075068,0.0,0.77764435,0.71426942,0.52550827,0.79267713,2,high
2035-01-03T16:45:00Z,0.79170439,234.0,837.41780192,1745.27283812,2.0,67.0,259.0,0.0,0.0,-0.94693013,-0.32143947,0.97492791,-0.22252093,0.77865134,4.81473902,0.69012725,6.23653253,0.6294004,5.43202477,0.81717073,0.8053239,0.73869777,0.54735302,0.80259051,2,high
2035-01-03T17:00:00Z,0.83365218,232.0,814.64008503,1686.9454154,2.0,68.0,260.0,0.0,0.0,-0.96592583,-0.25881905,0.97492791,-0.22252093,0.80208121,7.25750894,0.71328379,6.90707436,0.63771262,5.64070611,0.81717073,0.79170439,0.73993272,0.55577372,0.85859701,2,high
2035-01-03T17:15:00Z,0.88530388,229.0,814.79408145,1684.13980336,2.0,69.0,261.0,0.0,0.0,-0.98078528,-0.19509032,0.97492791,-0.22252093,0.82899609,8.09391323,0.73738857,7.13465287,0.65009969,5.69577899,0.81717073,0.83365218,0.77764435,0.59604649,0.82303401,2,high
2035-01-03T17:30:00Z,0.84697819,230.0,788.29478414,1628.09433422,2.0,70.0,262.0,0.0,0.0,-0.99144486,-0.13052619,0.97492791,-0.22252093,0.83940966,8.73268105,0.75823737,7.88624483,0.66008632,5.88618891,3.11671184,0.88530388,0.8053239,0.59679258,0.82829443,2,high
2035-01-03T17:45:00Z,0.87631608,231.0,806.22331195,1688.1088889,2.0,71.0,263.0,0.0,0.0,-0.99785892,-0.06540313,0.97492791,-0.22252093,0.86056258,9.67578333,0.77665774,7.30342164,0.672881,5.79901483,2.29954111,0.84697819,0.79170439,0.65527163,0.86321868,2,high
2035-01-03T18:00:00Z,0.86108782,231.0,807.12766813,1694.97094772,2.0,72.0,264.0,0.0,0.0,-1.0,-0.0,0.97492791,-0.22252093,0.86742149,8.07261179,0.7954856,7.20562446,0.68521126,5.91047572,3.21323665,0.87631608,0.83365218,0.63515351,0.89972972,2,high
2035-01-03T18:15:00Z,0.83912131,233.0,821.76886703,1699.35610165,2.0,73.0,265.0,0.0,0.0,-0.99785892,0.06540313,0.97492791,-0.22252093,0.85587585,6.29149986,0.80916933,6.84969421,0.69579687,5.93109154,4.53122684,0.86108782,0.88530388,0.67491652,0.84916167,1,medium
2035-01-03T18:30:00Z,0.83159184,231.0,844.79347144,1699.6385479,2.0,74.0,266.0,0.0,0.0,-0.99144486,0.13052619,0.97492791,-0.22252093,0.85202926,4.4437271,0.8189462,6.21322578,0.70688004,5.81167977,2.68345409,0.83912131,0.84697819,0.71426942,0.83679354,2,high
2035-01-03T18:45:00Z,0.83015116,232.0,849.13101315,1750.12760909,2.0,75.0,267.0,0.0,0.0,-0.98078528,0.19509032,0.97492791,-0.22252093,0.84048803,2.76989477,0.82656732,5.75347237,0.71811646,5.77489814,2.76989477,0.83159184,0.87631608,0.73869777,0.81326781,1,medium
2035-01-03T19:00:00Z,0.823128,231.0,844.07549747,1734.60789716,2.0,76.0,268.0,0.0,0.0,-0.96592583,0.25881905,0.97492791,-0.22252093,0.83099808,2.277589,0.83350026,5.86923657,0.72943817,5.75442928,2.277589,0.83015116,0.86108782,0.73993272,0.80617327,1,medium
2035-01-03T19:15:00Z,0.7710201,232.0,799.79162818,1625.25438363,2.0,77.0,269.0,0.0,0.0,-0.94693013,0.32143947,0.97492791,-0.22252093,0.81397278,4.08607268,0.83294824,6.15716192,0.73969745,6.00941273,4.08607268,0.823128,0.83912131,0.77764435,0.81096559,1,medium
2035-01-03T19:30:00Z,0.80166446,230.0,809.72385204,1653.37569458,2.0,78.0,270.0,0.0,0.0,-0.92387953,0.38268343,0.97492791,-0.22252093,0.80649093,5.47296572,0.83264328,6.21645796,0.75120396,6.30874766,3.63430433,0.7710201,0.83159184,0.8053239,0.78152744,1,medium
2035-01-03T19:45:00Z,0.75045218,233.0,793.87028685,1673.62675483,2.0,79.0,271.0,0.0,0.0,-0.89687274,0.44228869,0.97492791,-0.22252093,0.78656619,8.45926187,0.8292056,6.96831332,0.75966642,6.60242293,6.62060047,0.80166446,0.83015116,0.79170439,0.73737127,1,medium
2035-01-03T20:00:00Z,0.75348445,232.0,847.0498838,1711.33019585,2.0,80.0,272.0,0.0,0.0,-0.8660254,0.5,0.97492791,-0.22252093,0.7691553,8.21980808,0.82252496,6.19000295,0.76790437,6.54853866,6.1992107,0.75045218,0.823128,0.83365218,0.77424132,1,medium
2035-01-03T20:15:00Z,0.74991127,229.0,808.38653732,1703.70159606,2.0,81.0,273.0,0.0,0.0,-0.83146961,0.55557023,0.97492791,-0.22252093,0.76387809,5.30772496,0.81124224,5.2284325,0.7743154,6.18154269,3.28712758,0.75348445,0.7710201,0.88530388,0.70341583,1,medium
2035-01-03T20:30:00Z,0.73574376,232.0,803.28503633,1741.01903969,2.0,82.0,274.0,0.0,0.0,-0.79335334,0.60876143,0.97492791,-0.22252093,0.74739791,4.31911419,0.8019727,4.74526901,0.78010504,6.31575692,4.13717821,0.74991127,0.80166446,0.84697819,0.7037014,1,medium
2035-01-03T20:45:00Z,0.67148032,231.0,807.20452583,1616.25637351,2.0,83.0,275.0,0.0,0.0,-0.75183981,0.65934582,0.97492791,-0.22252093,0.72765495,5.1021834,0.78490306,5.44378001,0.7807804,6.37360082,4.92024742,0.73574376,0.75045218,0.87631608,0.70628982,1,medium
2035-01-03T21:00:00Z,0.64701227,232.0,799.82812767,1688.45422313,2.0,84.0,276.0,0.0,0.0,-0.70710678,0.70710678,0.97492791,-0.22252093,0.7010369,6.38833066,0.76706343,5.62857591,0.78127451,6.41710019,6.38833066,0.67148032,0.75348445,0.86108782,0.69330733,1,medium
2035-01-03T21:15:00Z,0.63870555,230.0,820.79748497,1707.27335601,2.0,85.0,277.0,0.0,0.0,-0.65934582,0.75183981,0.97492791,-0.22252093,0.67323547,6.67234301,0.75036211,5.35538022,0.77976572,6.10253721,6.67234301,0.64701227,0.74991127,0.83912131,0.67116201,1,medium
2035-01-03T21:30:00Z,0.67879013,231.0,781.39254745,1662.5649579,2.0,86.0,278.0,0.0,0.0,-0.60876143,0.79335334,0.97492791,-0.22252093,0.65899707,8.22736698,0.73762864,6.0064823,0.77828742,6.10985404,5.82229239,0.63870555,0.73574376,0.83159184,0.63208435,1,medium
2035-01-03T21:45:00Z,0.66558993,230.0,839.97857355,1749.29544099,2.0,87.0,279.0,0.0,0.0,-0.55557023,0.83146961,0.97492791,-0.22252093,0.65752447,5.16357254,0.7239152,6.2416726,0.77524126,5.99757249,2.75849795,0.67879013,0.67148032,0.83015116,0.64548506,1,medium
2035-01-03T22:00:00Z,0.63360733,230.0,823.47910576,1716.81824904,2.0,88.0,280.0,0.0,0.0,-0.5,0.8660254,0.97492791,-0.22252093,0.65417323,5.61444541,0.70812181,6.74086138,0.77081104,6.30504898,3.20937082,0.66558993,0.64701227,0.823128,0.66634272,1,medium
2035-01-03T22:15:00Z,0.60406863,230.0,794.78249431,1659.66847243,2.0,89.0,281.0,0.0,0.0,-0.44228869,0.89687274,0.97492791,-0.22252093,0.64551401,6.88836427,0.69420919,6.28947741,0.76357871,6.22331967,4.48328968,0.63360733,0.63870555,0.7710201,0.65237758,1,medium
2035-01-03T22:30:00Z,0.62084068,234.0,836.77261322,1683.69976941,2.0,90.0,282.0,0.0,0.0,-0.38268343,0.92387953,0.97492791,-0.22252093,0.63102664,5.48961241,0.67914054,6.01203119,0.75589191,6.11424457,4.48328968,0.60406863,0.67879013,0.80166446,0.65508532,1,medium
2035-01-03T22:45:00Z,0.65191076,231.0,815.32658574,1703.38122038,2.0,91.0,283.0,0.0,0.0,-0.32143947,0.94693013,0.97492791,-0.22252093,0.62760685,6.561806,0.67092876,5.60918731,0.75006718,6.28875032,3.69127808,0.62084068,0.66558993,0.75045218,0.6499062,1,medium
2035-01-03T23:00:00Z,0.60994117,231.0,800.89147613,1638.70475209,2.0,92.0,284.0,0.0,0.0,-0.25881905,0.96592583,0.97492791,-0.22252093,0.62169031,7.16102556,0.65896682,6.38793388,0.74074589,6.28896842,4.29049765,0.65191076,0.63360733,0.75348445,0.64465902,1,medium
2035-01-03T23:15:00Z,0.61120226,233.0,829.34600458,1713.00116276,2.0,93.0,285.0,0.0,0.0,-0.19509032,0.98078528,0.97492791,-0.22252093,0.62347372,5.46436903,0.64740773,6.3416921,0.72932499,5.7850623,2.51817568,0.60994117,0.60406863,0.74991127,0.6493959,1,medium
2035-01-03T23:30:00Z,0.65712859,234.0,798.30567298,1613.12107394,2.0,94.0,286.0,0.0,0.0,-0.13052619,0.99144486,0.97492791,-0.22252093,0.63254569,7.2136259,0.64085647,6.97686843,0.72141458,5.86106872,2.51817568,0.61120226,0.62084068,0.73574376,0.62782721,1,medium
2035-01-03T23:45:00Z,0.60501374,233.0,812.99713214,1643.71156355,2.0,95.0,287.0,0.0,0.0,-0.06540313,0.99785892,0.97492791,-0.22252093,0.62082144,8.47631138,0.63531759,6.73389664,0.71011032,6.08883833,5.64506635,0.65712859,0.65191076,0.67148032,0.62930701,1,medium
2035-01-04T00:00:00Z,0.63137484,230.0,814.02880851,1689.78221583,3.0,0.0,288.0,0.0,0.0,0.0,1.0,0.43388374,-0.90096887,0.62617986,7.5398019,0.63401447,6.77175762,0.70053895,6.20016677,3.12689067,0.60501374,0.60994117,0.64701227,0.59560301,1,medium
2035-01-04T00:15:00Z,0.64365806,232.0,815.32505239,1699.46150797,3.0,1.0,289.0,0.0,0.0,0.06540313,0.99785892,0.43388374,-0.90096887,0.63429381,8.20112958,0.63442718,6.85128763,0.69239464,6.10333392,3.12689067,0.63137484,0.61120226,0.63870555,0.61573463,1,medium
2035-01-04T00:30:00Z,0.66026642,230.0,805.88733097,1717.06182809,3.0,2.0,290.0,0.0,0.0,0.13052619,0.99144486,0.43388374,-0.90096887,0.63507827,6.44205149,0.63288353,6.38176326,0.68525609,6.19412278,3.12689067,0.64365806,0.65712859,0.67879013,0.59835191,1,medium
2035-01-04T00:45:00Z,0.63084671,230.0,814.14510201,1661.61412382,3.0,3.0,291.0,0.0,0.0,0.19509032,0.98078528,0.43388374,-0.90096887,0.64153651,5.08034373,0.62998827,6.7061537,0.67695173,6.47391315,1.76518291,0.66026642,0.60501374,0.66558993,0.63368073,1,medium
2035-01-04T01:00:00Z,0.60803722,231.0,812.01651583,1699.80127041,3.0,4.0,292.0,0.0,0.0,0.25881905,0.96592583,0.43388374,-0.90096887,0.6357021,4.86724668,0.62785742,6.52269138,0.66798962,6.63177638,3.13375206,0.63084671,0.63137484,0.63360733,0.61042432,1,medium
2035-01-04T01:15:00Z,0.61743339,230.0,826.88233812,1710.30795013,3.0,5.0,293.0,0.0,0.0,0.32143947,0.94693013,0.43388374,-0.90096887,0.62914594,4.69402403,0.62897115,6.11984088,0.66159017,6.20465915,3.13375206,0.60803722,0.64365806,0.60406863,0.6008113,1,medium
2035-01-04T01:30:00Z,0.60516307,230.0,809.30469581,1678.64296969,3.0,6.0,294.0,0.0,0.0,0.38268343,0.92387953,0.43388374,-0.90096887,0.6153701,4.43374197,0.62766469,6.02980645,0.65340261,6.02091882,3.8699715,0.61743339,0.66026642,0.62084068,0.6638794,1,medium
2035-01-04T01:45:00Z,0.60375155,232.0,810.53846403,1709.85714771,3.0,7.0,295.0,0.0,0.0,0.44228869,0.89687274,0.43388374,-0.90096887,0.60859631,2.75325014,0.62365142,5.43663508,0.64729009,5.5229112,2.18947967,0.60516307,0.63084671,0.65191076,0.65945934,1,medium
2035-01-04T02:00:00Z,0.63700141,233.0,789.03821211,1631.38649098,3.0,8.0,296.0,0.0,0.0,0.5,0.8660254,0.43388374,-0.90096887,0.61583736,3.37967216,0.62590644,5.26224025,0.64243663,5.82508706,0.82091052,0.60375155,0.60803722,0.60994117,0.6013967,1,medium
2035-01-04T02:15:00Z,0.609156,231.0,794.37343752,1724.60654739,3.0,9.0,297.0,0.0,0.0,0.55557023,0.83146961,0.43388374,-0.90096887,0.61376801,4.48662586,0.62573592,5.79392649,0.63657182,6.0678093,2.49163468,0.63700141,0.61743339,0.61120226,0.6356217,1,medium
2035-01-04T02:30:00Z,0.62572677,231.0,809.06317651,1707.6848744,3.0,10.0,298.0,0.0,0.0,0.60876143,0.79335334,0.43388374,-0.90096887,0.61890893,4.74465242,0.6231191,5.20681529,0.63198778,6.09184186,1.75541524,0.609156,0.60516307,0.65712859,0.59254895,1,medium
2035-01-04T02:45:00Z,0.62600711,232.0,833.09274993,1751.32866508,3.0,11.0,299.0,0.0,0.0,0.65934582,0.75183981,0.43388374,-0.90096887,0.62447282,4.67678161,0.62486855,4.17012516,0.63009307,5.4520109,1.67072416,0.62572677,0.60375155,0.60501374,0.63861124,1,medium
2035-01-04T03:00:00Z,0.63773424,233.0,836.78077717,1702.61961525,3.0,12.0,300.0,0.0,0.0,0.70710678,0.70710678,0.43388374,-0.90096887,0.62465603,3.38541827,0.6253985,3.8774457,0.62970648,5.32460166,1.67072416,0.62600711,0.63700141,0.63137484,0.6196672,1,medium
2035-01-04T03:15:00Z,0.64200985,233.0,839.10579103,1735.73619111,3.0,13.0,301.0,0.0,0.0,0.75183981,0.65934582,0.43388374,-0.90096887,0.63286949,1.9712309,0.62526115,3.71729359,0.62984416,5.28429061,0.0,0.63773424,0.609156,0.64365806,0.60397892,1,medium
2035-01-04T03:30:00Z,0.64409399,234.0,824.52674474,1701.97589032,3.0,14.0,302.0,0.0,0.0,0.79335334,0.60876143,0.43388374,-0.90096887,0.6374613,1.10203294,0.62391344,3.42680911,0.62839849,4.90428619,0.0,0.64200985,0.62572677,0.66026642,0.59165904,1,medium
2035-01-04T03:45:00Z,0.63784811,231.0,844.68699693,1682.84415749,3.0,15.0,303.0,0.0,0.0,0.83146961,0.55557023,0.43388374,-0.90096887,0.64042155,1.45996493,0.62449689,2.96333223,0.62724258,4.83474297,0.37475227,0.64409399,0.62600711,0.63084671,0.61924922,1,medium
2035-01-04T04:00:00Z,0.61688239,232.0,799.47331086,1675.48898663,3.0,16.0,304.0,0.0,0.0,0.8660254,0.5,0.43388374,-0.90096887,0.63520859,2.01428041,0.62523399,2.92645695,0.62654571,4.72457416,1.63269557,0.63784811,0.63773424,0.60803722,0.58875342,0,low
2035-01-04T04:15:00Z,0.63462217,229.0,829.72438196,1654.60084175,3.0,17.0,305.0,0.0,0.0,0.89687274,0.44228869,0.43388374,-0.90096887,0.63336167,2.82213019,0.62666639,3.09332898,0.62781877,4.60658493,1.63269557,0.61688239,0.64200985,0.61743339,0.59112233,1,medium
2035-01-04T04:30:00Z,0.60219419,230.0,822.68984463,1679.66558324,3.0,18.0,306.0,0.0,0.0,0.92387953,0.38268343,0.43388374,-0.90096887,0.62288672,4.64276092,0.62641898,3.49648209,0.62704183,4.76314427,3.57837435,0.63462217,0.64409399,0.60516307,0.61611969,1,medium
2035-01-04T04:45:00Z,0.6114877,230.0,822.81782783,1752.15181115,3.0,19.0,307.0,0.0,0.0,0.94693013,0.32143947,0.43388374,-0.90096887,0.61629661,4.8256191,0.62706366,3.65412188,0.62535754,4.54537848,3.20362209,0.60219419,0.63784811,0.60375155,0.61060213,0,low
2035-01-04T05:00:00Z,0.57997598,230.0,809.59411707,1652.66740853,3.0,20.0,308.0,0.0,0.0,0.96592583,0.25881905,0.43388374,-0.90096887,0.60707001,5.45837872,0.62231154,3.61935913,0.62410899,4.44079969,3.83638171,0.6114877,0.61688239,0.63700141,0.62732547,1,medium
2035-01-04T05:15:00Z,0.60547287,232.0,826.96192264,1671.24939164,3.0,21.0,309.0,0.0,0.0,0.98078528,0.19509032,0.43388374,-0.90096887,0.59978268,5.9238054,0.62200461,3.57238883,0.62387027,4.68315766,3.83638171,0.57997598,0.63462217,0.609156,0.60849063,0,low
2035-01-04T05:30:00Z,0.61072633,232.0,808.06144863,1715.62775174,3.0,22.0,310.0,0.0,0.0,0.99144486,0.13052619,0.43388374,-0.90096887,0.60191572,4.29333433,0.62075458,3.34604273,0.62193684,4.27642901,1.89070293,0.60547287,0.60219419,0.62572677,0.61056096,0,low
2035-01-04T05:45:00Z,0.5669674,231.0,802.7633224,1673.95046098,3.0,23.0,311.0,0.0,0.0,0.99785892,0.06540313,0.43388374,-0.90096887,0.59078564,6.36125983,0.6158346,4.21561462,0.62035157,4.19286989,4.51623887,0.61072633,0.6114877,0.62600711,0.61245231,1,medium
2035-01-04T06:00:00Z,0.60643236,230.0,798.87482374,1698.81868178,3.0,24.0,312.0,0.0,0.0,1.0,0.0,0.43388374,-0.90096887,0.59739974,6.8384547,0.61322611,4.77037128,0.6193123,4.32390849,2.62553594,0.5669674,0.57997598,0.63773424,0.58715737,1,medium
2035-01-04T06:15:00Z,0.57506641,232.0,807.62524403,1676.39386843,3.0,25.0,313.0,0.0,0.0,0.99785892,-0.06540313,0.43388374,-0.90096887,0.58979813,7.19059833,0.60764749,5.31217798,0.61645432,4.51473578,4.50749282,0.60643236,0.60547287,0.64200985,0.63681025,1,medium
2035-01-04T06:30:00Z,0.57616703,233.0,838.48428357,1735.06115034,3.0,26.0,314.0,0.0,0.0,0.99144486,-0.13052619,0.43388374,-0.90096887,0.5811583,6.94142775,0.60198691,5.29250767,0.61295018,4.35965839,4.50749282,0.57506641,0.61072633,0.64409399,0.57448187,1,medium
2035-01-04T06:45:00Z,0.63678544,231.0,776.27783448,1595.37141589,3.0,27.0,315.0,0.0,0.0,0.98078528,-0.19509032,0.43388374,-0.90096887,0.59861281,7.95299647,0.60189836,6.37995847,0.61319762,4.67164535,1.88195688,0.57616703,0.5669674,0.63784811,0.62419407,1,medium
2035-01-04T07:00:00Z,0.62283496,231.0,838.48952042,1667.56513631,3.0,28.0,316.0,0.0,0.0,0.96592583,-0.25881905,0.43388374,-0.90096887,0.60271346,6.42212766,0.6023944,6.2396537,0.6138142,4.58305532,2.71898587,0.63678544,0.60643236,0.61688239,0.6019844,1,medium
2035-01-04T07:15:00Z,0.6480749,233.0,835.07961151,1677.59164897,3.0,29.0,317.0,0.0,0.0,0.94693013,-0.32143947,0.43388374,-0.90096887,0.62096558,6.05456737,0.60351546,6.38965703,0.61509093,4.74149301,0.83702899,0.62283496,0.57506641,0.63462217,0.65632376,1,medium
2035-01-04T07:30:00Z,0.62818617,232.0,823.66873262,1687.00699978,3.0,30.0,318.0,0.0,0.0,0.92387953,-0.38268343,0.43388374,-0.90096887,0.63397037,7.18185411,0.60568146,6.13887207,0.61605022,4.81767708,2.03035287,0.6480749,0.57616703,0.60219419,0.61647862,1,medium
2035-01-04T07:45:00Z,0.64306383,234.0,825.70966157,1699.8488191,3.0,31.0,319.0,0.0,0.0,0.89687274,-0.44228869,0.43388374,-0.90096887,0.63553997,4.43740897,0.60831281,6.25055509,0.61768823,4.95233849,2.03035287,0.62818617,0.63678544,0.6114877,0.62692754,1,medium
2035-01-04T08:00:00Z,0.68186264,233.0,800.16598853,1693.36685733,3.0,32.0,320.0,0.0,0.0,0.8660254,-0.5,0.43388374,-0.90096887,0.65029689,5.92830882,0.61680336,6.39629706,0.61955745,5.0078281,1.19332388,0.64306383,0.62283496,0.57997598,0.67043145,1,medium
2035-01-04T08:15:00Z,0.68850587,233.0,829.43571767,1702.88244559,3.0,33.0,321.0,0.0,0.0,0.83146961,-0.55557023,0.43388374,-0.90096887,0.66040463,4.81250593,0.62372278,6.01922388,0.6228637,4.79580635,1.19332388,0.68186264,0.6480749,0.60547287,0.6361323,1,medium
2035-01-04T08:30:00Z,0.69984247,233.0,844.03414276,1675.90658086,3.0,34.0,322.0,0.0,0.0,0.79335334,-0.60876143,0.43388374,-0.90096887,0.6783187,4.29937804,0.63114913,6.14088664,0.62595185,4.74346468,0.0,0.68850587,0.62818617,0.61072633,0.68898479,1,medium
2035-01-04T08:45:00Z,0.67215901,231.0,833.24963387,1695.23061918,3.0,35.0,323.0,0.0,0.0,0.75183981,-0.65934582,0.43388374,-0.90096887,0.6855925,5.06772644,0.63991509,5.8193773,0.62787485,5.01749596,1.66100792,0.69984247,0.64306383,0.5669674,0.66832877,1,medium
2035-01-04T09:00:00Z,0.66935093,232.0,832.51819122,1690.04813363,3.0,36.0,324.0,0.0,0.0,0.70710678,-0.70710678,0.43388374,-0.90096887,0.68246457,2.90828199,0.64515831,5.08623949,0.62919221,4.92830539,1.82949231,0.67215901,0.68186264,0.60643236,0.66215677,1,medium
2035-01-04T09:15:00Z,0.71580694,231.0,783.37019838,1652.0626717,3.0,37.0,325.0,0.0,0.0,0.65934582,-0.75183981,0.43388374,-0.90096887,0.68928984,5.2970486,0.65688668,5.38804063,0.63226709,5.3501093,1.82949231,0.66935093,0.68850587,0.57506641,0.71909045,1,medium
2035-01-04T09:30:00Z,0.67396319,233.0,792.66301829,1651.65939502,3.0,38.0,326.0,0.0,0.0,0.60876143,-0.79335334,0.43388374,-0.90096887,0.68282002,7.12747749,0.66503636,6.20290321,0.63351164,5.74770544,4.34011719,0.71580694,0.69984247,0.57616703,0.68729779,1,medium
2035-01-04T09:45:00Z,0.66786626,233.0,837.13506033,1734.44606292,3.0,39.0,327.0,0.0,0.0,0.55557023,-0.83146961,0.43388374,-0.90096887,0.68174683,5.83228532,0.66762643,5.11247358,0.63476239,5.74621602,3.04492502,0.67396319,0.67215901,0.63678544,0.69083423,1,medium
2035-01-04T10:00:00Z,0.66577692,233.0,822.91141992,1760.94577801,3.0,40.0,328.0,0.0,0.0,0.5,-0.8660254,0.43388374,-0.90096887,0.68085333,5.78916135,0.67120493,4.87525072,0.63679967,5.55745221,3.00180105,0.66786626,0.66935093,0.62283496,0.70950474,1,medium
2035-01-04T10:15:00Z,0.70073765,232.0,822.13632102,1710.38011102,3.0,41.0,329.0,0.0,0.0,0.44228869,-0.89687274,0.43388374,-0.90096887,0.67708601,5.09944471,0.67559349,5.06966641,0.63955448,5.72966172,3.00180105,0.66577692,0.71580694,0.6480749,0.69553012,0,low
2035-01-04T10:30:00Z,0.63357322,232.0,796.1494885,1625.00084933,3.0,42.0,330.0,0.0,0.0,0.38268343,-0.92387953,0.43388374,-0.90096887,0.66698851,6.61868554,0.67604241,6.01518036,0.64086194,6.07702621,4.52104188,0.70073765,0.67396319,0.62818617,0.68424683,0,low
2035-01-04T10:45:00Z,0.64783666,232.0,826.62295189,1735.29507498,3.0,43.0,331.0,0.0,0.0,0.32143947,-0.94693013,0.43388374,-0.90096887,0.66198111,7.10867616,0.67644015,6.00289598,0.64237648,6.12672553,4.15522612,0.63357322,0.66786626,0.64306383,0.61307911,0,low
2035-01-04T11:00:00Z,0.62764454,230.0,802.69599453,1672.61299632,3.0,44.0,332.0,0.0,0.0,0.25881905,-0.96592583,0.43388374,-0.90096887,0.65244802,8.19484283,0.67192197,5.63076206,0.64436267,6.01352956,5.24139279,0.64783666,0.66577692,0.68186264,0.63415876,0,low
2035-01-04T11:15:00Z,0.59086124,231.0,810.99276073,1700.74597783,3.0,45.0,333.0,0.0,0.0,0.19509032,-0.98078528,0.43388374,-0.90096887,0.62497891,8.3041976,0.66378492,6.23356364,0.64375385,6.12639376,7.44839122,0.62764454,0.70073765,0.68850587,0.58801435,0,low
2035-01-04T11:30:00Z,0.57565081,231.0,818.70559645,1734.84732077,3.0,46.0,334.0,0.0,0.0,0.13052619,-0.99144486,0.43388374,-0.90096887,0.61049831,5.18695743,0.65343561,6.31104015,0.64229237,6.22596339,4.33115105,0.59086124,0.63357322,0.69984247,0.60729904,0,low
2035-01-04T11:45:00Z,0.56140256,230.0,805.31556284,1719.56989816,3.0,47.0,335.0,0.0,0.0,0.06540313,-0.99785892,0.43388374,-0.90096887,0.58888979,5.18604619,0.64420591,6.04233589,0.6420605,5.93085659,5.18604619,0.57565081,0.64783666,0.67215901,0.56924375,0,low
2035-01-04T12:00:00Z,0.540498,231.0,812.3091734,1676.16576962,3.0,48.0,336.0,0.0,0.0,0.0,-1.0,0.43388374,-0.90096887,0.56710315,5.22879252,0.63346817,6.40426557,0.63931324,5.74525253,5.22879252,0.56140256,0.62764454,0.66935093,0.56516158,0,low
2035-01-04T12:15:00Z,0.56756508,231.0,807.01007701,1679.86100736,3.0,49.0,337.0,0.0,0.0,-0.06540313,-0.99785892,0.43388374,-0.90096887,0.56127911,4.64581904,0.62111468,6.01648712,0.63900068,5.70226388,3.02179409,0.540498,0.59086124,0.71580694,0.5850665,0,low
2035-01-04T12:30:00Z,0.56597024,229.0,852.47188608,1753.22779434,3.0,50.0,338.0,0.0,0.0,-0.13052619,-0.99144486,0.43388374,-0.90096887,0.55885897,3.82888435,0.61211526,5.21150911,0.63857581,5.70720616,2.2048594,0.56756508,0.57565081,0.67396319,0.56559585,0,low
2035-01-04T12:45:00Z,0.52709356,230.0,808.3757387,1675.25899807,3.0,51.0,339.0,0.0,0.0,-0.19509032,-0.98078528,0.43388374,-0.90096887,0.55028172,5.30658978,0.60038421,5.86710404,0.63400532,5.48978881,3.68256483,0.56597024,0.56140256,0.66786626,0.56047701,0,low
2035-01-04T13:00:00Z,0.51120174,233.0,827.4134701,1713.20402624,3.0,52.0,340.0,0.0,0.0,-0.25881905,-0.96592583,0.43388374,-0.90096887,0.54295766,5.00582523,0.58750294,6.14315353,0.62935394,5.50920213,3.38180028,0.52709356,0.540498,0.66577692,0.55140696,0,low
2035-01-04T13:15:00Z,0.561648,233.0,818.25152796,1621.95468157,3.0,53.0,341.0,0.0,0.0,-0.32143947,-0.94693013,0.43388374,-0.90096887,0.54147839,6.40857587,0.57591214,6.45286417,0.62575281,5.76126529,3.38180028,0.51120174,0.56756508,0.70073765,0.52479741,0,low
2035-01-04T13:30:00Z,0.55341883,231.0,835.18081572,1688.21653467,3.0,54.0,342.0,0.0,0.0,-0.38268343,-0.92387953,0.43388374,-0.90096887,0.53834053,6.80663552,0.56923261,5.2741591,0.62263751,5.64466973,3.77985994,0.561648,0.56597024,0.63357322,0.52550827,1,medium
2035-01-04T13:45:00Z,0.56069193,234.0,821.60706247,1714.21588247,3.0,55.0,343.0,0.0,0.0,-0.44228869,-0.89687274,0.43388374,-0.90096887,0.54674013,4.91042103,0.56197054,5.13435233,0.61920535,5.56862415,1.44725937,0.55341883,0.52709356,0.64783666,0.54735302,1,medium
2035-01-04T14:00:00Z,0.55430145,230.0,847.18654824,1749.08178705,3.0,56.0,344.0,0.0,0.0,-0.5,-0.8660254,0.43388374,-0.90096887,0.55751505,4.34034081,0.55585862,4.85831952,0.6138903,5.24454079,0.87717915,0.56069193,0.51120174,0.62764454,0.55577372,1,medium
2035-01-04T14:15:00Z,0.58553766,232.0,824.56807015,1717.67560623,3.0,57.0,345.0,0.0,0.0,-0.55557023,-0.83146961,0.43388374,-0.90096887,0.56348747,3.18773764,0.55541499,4.74737752,0.60959995,5.49047058,0.87717915,0.55430145,0.561648,0.59086124,0.59604649,1,medium
2035-01-04T14:30:00Z,0.61813418,233.0,822.63743933,1694.33588496,3.0,58.0,346.0,0.0,0.0,-0.60876143,-0.79335334,0.43388374,-0.90096887,0.57966631,4.6497786,0.55895527,5.09509949,0.60619544,5.70306982,0.38342866,0.58553766,0.55341883,0.57565081,0.59679258,1,medium
2035-01-04T14:45:00Z,0.6297894,233.0,835.35269134,1730.88133366,3.0,59.0,347.0,0.0,0.0,-0.65934582,-0.75183981,0.43388374,-0.90096887,0.59694068,4.91270566,0.56465417,5.04323882,0.60443004,5.54278736,0.38342866,0.61813418,0.56069193,0.56140256,0.65527163,1,medium
2035-01-04T15:00:00Z,0.62547842,232.0,808.64517401,1675.5164428,3.0,60.0,348.0,0.0,0.0,-0.70710678,-0.70710678,0.43388374,-0.90096887,0.61473492,4.78793597,0.57173588,4.71136734,0.60260202,5.55781645,0.25865897,0.6297894,0.55430145,0.540498,0.63515351,1,medium
2035-01-04T15:15:00Z,0.69020102,232.0,777.79104084,1586.40257632,3.0,61.0,349.0,0.0,0.0,-0.75183981,-0.65934582,0.43388374,-0.90096887,0.64090076,6.79711952,0.58195554,5.46447768,0.60153511,5.7404824,0.25865897,0.62547842,0.58553766,0.56756508,0.67491652,1,medium
2035-01-04T15:30:00Z,0.68174183,230.0,809.82631283,1670.92683662,3.0,62.0,350.0,0.0,0.0,-0.79335334,-0.60876143,0.43388374,-0.90096887,0.65680267,5.34887931,0.59160317,5.60176448,0.60185922,5.40663679,0.76621022,0.69020102,0.61813418,0.56597024,0.71426942,2,high
2035-01-04T15:45:00Z,0.72620301,232.0,799.77541983,1640.83496831,3.0,63.0,351.0,0.0,0.0,-0.83146961,-0.55557023,0.43388374,-0.90096887,0.68090607,7.31723653,0.60819562,5.71345441,0.60428992,5.79027922,0.76621022,0.68174183,0.6297894,0.52709356,0.73869777,2,high
2035-01-04T16:00:00Z,0.73927134,232.0,841.29169075,1689.30263521,3.0,64.0,352.0,0.0,0.0,-0.8660254,-0.5,0.43388374,-0.90096887,0.7093543,7.84267788,0.62720142,5.65698489,0.60735218,5.90006921,0.50755125,0.72620301,0.62547842,0.51120174,0.73993272,2,high
2035-01-04T16:15:00Z,0.74293567,233.0,833.22929306,1749.2439323,3.0,65.0,353.0,0.0,0.0,-0.89687274,-0.44228869,0.43388374,-0.90096887,0.72253796,4.17918152,0.64230873,4.72134623,0.60911043,5.5871052,0.50755125,0.73927134,0.69020102,0.561648,0.77764435,2,high
2035-01-04T16:30:00Z,0.81854151,230.0,768.46298413,1570.42440175,3.0,66.0,354.0,0.0,0.0,-0.92387953,-0.38268343,0.43388374,-0.90096887,0.75673788,8.20798079,0.66440229,6.06887957,0.61681745,5.67151933,0.0,0.74293567,0.68174183,0.55341883,0.8053239,2,high
2035-01-04T16:45:00Z,0.80323166,233.0,819.03098577,1669.53233583,3.0,67.0,355.0,0.0,0.0,-0.94693013,-0.32143947,0.43388374,-0.90096887,0.77599505,6.45890147,0.68461393,6.22961455,0.62329224,5.68198344,0.91859103,0.81854151,0.72620301,0.56069193,0.79170439,2,high
2035-01-04T17:00:00Z,0.83813071,233.0,793.2079447,1627.96257981,3.0,68.0,356.0,0.0,0.0,-0.96592583,-0.25881905,0.43388374,-0.90096887,0.80070989,7.76874422,0.70826637,6.79978602,0.63206249,5.82905277,0.91859103,0.80323166,0.73927134,0.55430145,0.83365218,2,high
2035-01-04T17:15:00Z,0.86143378,231.0,815.26884718,1650.0064737,3.0,69.0,357.0,0.0,0.0,-0.98078528,-0.19509032,0.43388374,-0.90096887,0.83033442,8.94706846,0.73125771,6.64112317,0.64333635,5.69425034,0.91859103,0.83813071,0.74293567,0.58553766,0.88530388,2,high
2035-01-04T17:30:00Z,0.88019679,230.0,833.06974014,1656.87097465,3.0,70.0,358.0,0.0,0.0,-0.99144486,-0.13052619,0.43388374,-0.90096887,0.84574824,5.53649882,0.75309626,6.36445297,0.65602577,5.72977623,0.91859103,0.86143378,0.81854151,0.61813418,0.84697819,2,high
2035-01-04T17:45:00Z,0.86524637,233.0,832.01040124,1734.0570525,3.0,71.0,359.0,0.0,0.0,-0.99785892,-0.06540313,0.43388374,-0.90096887,0.86125191,5.51493335,0.77271768,6.43035712,0.66868593,5.73679797,0.89702557,0.88019679,0.80323166,0.6297894,0.87631608,2,high
2035-01-04T18:00:00Z,0.83473598,233.0,807.29377901,1656.83328922,3.0,72.0,360.0,0.0,0.0,-1.0,-0.0,0.43388374,-0.90096887,0.86040323,5.25161336,0.79015581,6.95434515,0.68094584,5.83285625,2.72764865,0.86524637,0.83813071,0.62547842,0.86108782,2,high
2035-01-04T18:15:00Z,0.86532028,233.0,800.64547218,1684.53992185,3.0,73.0,361.0,0.0,0.0,-0.99785892,0.06540313,0.43388374,-0.90096887,0.86137485,5.68848752,0.80474908,6.27157917,0.69335231,5.86802842,2.72764865,0.83473598,0.86143378,0.69020102,0.83912131,1,medium
2035-01-04T18:30:00Z,0.82267645,233.0,801.79981507,1622.05546528,3.0,74.0,362.0,0.0,0.0,-0.99144486,0.13052619,0.43388374,-0.90096887,0.84699477,7.12133635,0.81649363,6.95527198,0.7040484,6.27851823,5.28627834,0.86532028,0.88019679,0.68174183,0.83159184,2,high
2035-01-04T18:45:00Z,0.82160969,229.0,823.28417483,1697.6146211,3.0,75.0,363.0,0.0,0.0,-0.98078528,0.19509032,0.43388374,-0.90096887,0.8360856,6.28831682,0.82444419,6.08738388,0.71631991,5.90041914,4.45325881,0.82267645,0.86524637,0.72620301,0.83015116,1,medium
2035-01-04T19:00:00Z,0.8519036,231.0,798.13915694,1656.23010702,3.0,76.0,364.0,0.0,0.0,-0.96592583,0.25881905,0.43388374,-0.90096887,0.8403775,6.27532871,0.83383021,6.43189543,0.73051582,6.04444016,2.62263573,0.82160969,0.83473598,0.73927134,0.823128,1,medium
2035-01-04T19:15:00Z,0.78959584,231.0,780.49286414,1650.92482235,3.0,77.0,365.0,0.0,0.0,-0.94693013,0.32143947,0.43388374,-0.90096887,0.8214464,8.17873613,0.83771856,7.60476404,0.74001364,6.16305513,6.36110116,0.8519036,0.86532028,0.74293567,0.7710201,1,medium
2035-01-04T19:30:00Z,0.81946634,234.0,795.22411921,1672.66634293,3.0,78.0,366.0,0.0,0.0,-0.92387953,0.38268343,0.43388374,-0.90096887,0.82064387,7.41233626,0.83779562,6.69005714,0.75109896,6.37946835,3.80247146,0.78959584,0.82267645,0.81854151,0.80166446,1,medium
2035-01-04T19:45:00Z,0.76731849,232.0,791.53257293,1625.81090592,3.0,79.0,367.0,0.0,0.0,-0.89687274,0.44228869,0.43388374,-0.90096887,0.80707107,10.47720152,0.83480286,7.42681723,0.7597084,6.82821589,6.86733672,0.81946634,0.82160969,0.80323166,0.75045218,1,medium
2035-01-04T20:00:00Z,0.76246733,232.0,846.88124651,1741.03512912,3.0,80.0,368.0,0.0,0.0,-0.8660254,0.5,0.43388374,-0.90096887,0.784712,8.95063573,0.82849758,6.82585927,0.76838197,6.81282265,7.1584059,0.76731849,0.8519036,0.83813071,0.75348445,1,medium
2035-01-04T20:15:00Z,0.75940675,232.0,822.13251272,1690.58877674,3.0,81.0,369.0,0.0,0.0,-0.83146961,0.55557023,0.43388374,-0.90096887,0.77716473,5.39580512,0.81999533,6.42100959,0.77562652,6.53106638,3.6035753,0.76246733,0.78959584,0.86143378,0.74991127,1,medium
2035-01-04T20:30:00Z,0.69639362,234.0,790.2840371,1611.46419851,3.0,82.0,370.0,0.0,0.0,-0.79335334,0.60876143,0.43388374,-0.90096887,0.74639655,7.38436312,0.8046784,7.30601191,0.77888733,6.83523244,7.38436312,0.75940675,0.81946634,0.88019679,0.73574376,1,medium
2035-01-04T20:45:00Z,0.693948,230.0,820.52350661,1729.29536289,3.0,83.0,371.0,0.0,0.0,-0.75183981,0.65934582,0.43388374,-0.90096887,0.72805393,4.40222921,0.79040353,7.05591585,0.7815606,6.74313648,4.40222921,0.69639362,0.76731849,0.86524637,0.67148032,1,medium
2035-01-04T21:00:00Z,0.71288049,233.0,837.30638669,1669.64494569,3.0,84.0,372.0,0.0,0.0,-0.70710678,0.70710678,0.43388374,-0.90096887,0.71565722,5.24710938,0.78024891,6.82435794,0.78520236,6.88935155,4.11116003,0.693948,0.76246733,0.83473598,0.64701227,1,medium
2035-01-04T21:15:00Z,0.64989858,233.0,775.22352995,1624.98537809,3.0,85.0,373.0,0.0,0.0,-0.65934582,0.75183981,0.43388374,-0.90096887,0.68828017,8.84238912,0.7622971,7.47231012,0.78352309,6.87194465,7.70643977,0.71288049,0.75940675,0.86532028,0.63870555,1,medium
2035-01-04T21:30:00Z,0.68920877,234.0,816.32225579,1638.29378479,3.0,86.0,374.0,0.0,0.0,-0.60876143,0.79335334,0.43388374,-0.90096887,0.68648396,7.42021298,0.75117479,7.40563745,0.78383421,7.18045472,3.92565194,0.64989858,0.69639362,0.82267645,0.67879013,1,medium
2035-01-04T21:45:00Z,0.63199732,230.0,795.94194659,1595.36778623,3.0,87.0,375.0,0.0,0.0,-0.55557023,0.83146961,0.43388374,-0.90096887,0.67099629,10.70616274,0.73537376,8.52853116,0.77990897,7.30795752,7.21160171,0.68920877,0.693948,0.82160969,0.66558993,1,medium
2035-01-04T22:00:00Z,0.61160822,232.0,827.77202105,1706.55884822,3.0,88.0,376.0,0.0,0.0,-0.5,0.8660254,0.43388374,-0.90096887,0.64567822,10.79355963,0.71534915,8.33043491,0.77458968,7.38116517,8.43494795,0.63199732,0.71288049,0.8519036,0.63360733,1,medium
2035-01-04T22:15:00Z,0.60128931,233.0,838.57588712,1664.64630422,3.0,89.0,377.0,0.0,0.0,-0.44228869,0.89687274,0.43388374,-0.90096887,0.63352591,7.63377958,0.69965694,7.29065794,0.76868775,7.44771099,5.2751679,0.61160822,0.64989858,0.78959584,0.60406863,1,medium
2035-01-04T22:30:00Z,0.61452972,230.0,820.2336838,1663.21816212,3.0,90.0,378.0,0.0,0.0,-0.38268343,0.92387953,0.43388374,-0.90096887,0.61485614,6.06959252,0.68257888,6.9580562,0.76018725,6.82405667,5.2751679,0.60128931,0.68920877,0.81946634,0.62084068,0,low
2035-01-04T22:45:00Z,0.63681952,234.0,832.70381396,1699.25594917,3.0,91.0,379.0,0.0,0.0,-0.32143947,0.94693013,0.43388374,-0.90096887,0.61606169,3.97429356,0.67170397,6.36089517,0.75325342,6.8938562,1.84248074,0.61452972,0.63199732,0.76731849,0.65191076,1,medium
2035-01-04T23:00:00Z,0.60064029,232.0,804.48793899,1649.79407882,3.0,92.0,380.0,0.0,0.0,-0.25881905,0.96592583,0.43388374,-0.90096887,0.61331971,4.92170116,0.65821838,6.98745672,0.74335798,6.906658,2.78988835,0.63681952,0.61160822,0.76246733,0.60994117,1,medium
2035-01-04T23:15:00Z,0.61167507,231.0,843.82328206,1720.14216251,3.0,93.0,381.0,0.0,0.0,-0.19509032,0.98078528,0.43388374,-0.90096887,0.61591615,4.96465351,0.64590741,7.14694074,0.73295137,6.78397516,2.17075384,0.60064029,0.60128931,0.75940675,0.61120226,1,medium
2035-01-04T23:30:00Z,0.59477087,233.0,832.3591212,1665.37617312,3.0,94.0,382.0,0.0,0.0,-0.13052619,0.99144486,0.43388374,-0.90096887,0.61097644,5.1844811,0.63743885,6.2247622,0.72105862,6.76538705,3.18500605,0.61167507,0.61452972,0.69639362,0.65712859,1,medium
2035-01-04T23:45:00Z,0.6372184,231.0,789.10369198,1636.48558756,3.0,95.0,383.0,0.0,0.0,-0.06540313,0.99785892,0.43388374,-0.90096887,0.61107616,6.39394497,0.63271138,7.02480042,0.71155746,7.04035814,3.18500605,0.59477087,0.63681952,0.693948,0.60501374,1,medium
2035-01-05T00:00:00Z,0.64239142,231.0,813.77745523,1745.8707879,4.0,0.0,384.0,0.0,0.0,0.0,1.0,-0.43388374,-0.90096887,0.62151394,4.53357232,0.62683729,6.74961104,0.7035431,6.78698449,1.01425221,0.6372184,0.60064029,0.71288049,0.63137484,1,medium
2035-01-05T00:15:00Z,0.63182872,234.0,841.52112629,1714.00484007,4.0,1.0,385.0,0.0,0.0,0.06540313,0.99785892,-0.43388374,-0.90096887,0.62655235,4.50524778,0.62533147,5.70122696,0.69381428,6.58676854,1.64801453,0.64239142,0.61167507,0.64989858,0.64365806,1,medium
2035-01-05T00:30:00Z,0.62027047,234.0,839.58609663,1715.3439605,4.0,2.0,386.0,0.0,0.0,0.13052619,0.99144486,-0.43388374,-0.90096887,0.63292726,4.18449023,0.61958661,5.14618795,0.6853807,6.2759127,1.32725697,0.63182872,0.59477087,0.68920877,0.66026642,1,medium
2035-01-05T00:45:00Z,0.63495795,230.0,819.71203219,1672.57056704,4.0,3.0,387.0,0.0,0.0,0.19509032,0.98078528,-0.43388374,-0.90096887,0.63236214,2.51888693,0.61983333,4.29570848,0.67760355,6.41211982,1.32725697,0.62027047,0.6372184,0.63199732,0.63084671,1,medium
2035-01-05T01:00:00Z,0.61665651,232.0,797.45670284,1683.30977463,4.0,4.0,388.0,0.0,0.0,0.25881905,0.96592583,-0.43388374,-0.90096887,0.62592841,3.30659266,0.62025402,4.25395538,0.66780158,6.29219515,2.42534389,0.63495795,0.64239142,0.61160822,0.60803722,1,medium
2035-01-05T01:15:00Z,0.65315809,232.0,818.54144988,1713.89748779,4.0,5.0,389.0,0.0,0.0,0.32143947,0.94693013,-0.43388374,-0.90096887,0.63126076,4.86292563,0.62457642,4.77760897,0.66211668,6.03413346,1.79158157,0.61665651,0.63182872,0.60128931,0.61743339,1,medium
2035-01-05T01:30:00Z,0.62476354,232.0,826.85378135,1651.20600837,4.0,6.0,390.0,0.0,0.0,0.38268343,0.92387953,-0.43388374,-0.90096887,0.63238402,5.87310417,0.62542924,5.08069183,0.65400406,6.01937402,2.80176011,0.65315809,0.62027047,0.61452972,0.60516307,1,medium
2035-01-05T01:45:00Z,0.64726398,231.0,809.55608873,1699.97493833,4.0,7.0,391.0,0.0,0.0,0.44228869,0.89687274,-0.43388374,-0.90096887,0.63546053,6.34188155,0.62629961,5.08490448,0.64900179,5.72289983,2.80176011,0.62476354,0.63495795,0.63681952,0.60375155,1,medium
2035-01-05T02:00:00Z,0.64049771,231.0,834.28110832,1697.15988097,4.0,8.0,392.0,0.0,0.0,0.5,0.8660254,-0.43388374,-0.90096887,0.64142083,5.64977074,0.62962106,4.49664524,0.64391972,5.74205098,2.1096493,0.64726398,0.61665651,0.60064029,0.63700141,1,medium
2035-01-05T02:15:00Z,0.63971906,233.0,818.85697463,1754.77825259,4.0,9.0,393.0,0.0,0.0,0.55557023,0.83146961,-0.43388374,-0.90096887,0.63806107,3.50639458,0.63195806,4.29152266,0.63893274,5.7192317,2.15636843,0.64049771,0.65315809,0.61167507,0.609156,1,medium
2035-01-05T02:30:00Z,0.60471923,233.0,790.92420678,1631.46557115,4.0,10.0,394.0,0.0,0.0,0.60876143,0.79335334,-0.43388374,-0.90096887,0.63304999,3.90271077,0.63278709,4.65343506,0.63511297,5.43909863,2.55268462,0.63971906,0.62476354,0.59477087,0.62572677,1,medium
2035-01-05T02:45:00Z,0.6576109,230.0,810.12726431,1659.24583001,4.0,11.0,395.0,0.0,0.0,0.65934582,0.75183981,-0.43388374,-0.90096887,0.63563672,5.72618468,0.63448646,4.86231772,0.63359892,5.94355907,2.55268462,0.60471923,0.64726398,0.6372184,0.62600711,1,medium
2035-01-05T03:00:00Z,0.64400106,233.0,843.80734459,1700.04643341,4.0,12.0,396.0,0.0,0.0,0.70710678,0.70710678,-0.43388374,-0.90096887,0.63651256,6.13679873,0.6346206,5.03105404,0.63072895,5.89033254,2.96329867,0.6576109,0.64049771,0.64239142,0.63773424,1,medium
2035-01-05T03:15:00Z,0.60673481,230.0,800.83045006,1628.97801975,4.0,13.0,397.0,0.0,0.0,0.75183981,0.65934582,-0.43388374,-0.90096887,0.6282665,8.32605469,0.63252944,5.56512497,0.62893046,5.63317596,5.15255464,0.64400106,0.63971906,0.63182872,0.64200985,0,low
2035-01-05T03:30:00Z,0.61460794,230.0,825.16111862,1732.98040228,4.0,14.0,398.0,0.0,0.0,0.79335334,0.60876143,-0.43388374,-0.90096887,0.63073868,6.69845295,0.63205756,5.49142263,0.62582209,5.31880529,3.05256525,0.60673481,0.60471923,0.62027047,0.64409399,0,low
2035-01-05T03:45:00Z,0.64660605,230.0,811.78717453,1712.73287637,4.0,15.0,399.0,0.0,0.0,0.83146961,0.55557023,-0.43388374,-0.90096887,0.62798747,5.44483948,0.63302824,5.83763523,0.62643079,5.06667186,3.05256525,0.61460794,0.6576109,0.63495795,0.63784811,1,medium
2035-01-05T04:00:00Z,0.6287781,231.0,801.50597765,1690.66310157,4.0,16.0,400.0,0.0,0.0,0.8660254,0.5,-0.43388374,-0.90096887,0.62418173,5.69792607,0.63403837,5.82816518,0.6271462,5.04106028,3.30565185,0.64660605,0.64400106,0.61665651,0.61688239,0,low
2035-01-05T04:15:00Z,0.59914316,230.0,808.63002881,1687.21276506,4.0,17.0,401.0,0.0,0.0,0.89687274,0.44228869,-0.43388374,-0.90096887,0.62228381,5.24004776,0.62953713,5.69083235,0.62705677,5.23422066,2.84777354,0.6287781,0.60673481,0.65315809,0.63462217,0,low
2035-01-05T04:30:00Z,0.59419183,230.0,822.53228401,1689.85049845,4.0,18.0,402.0,0.0,0.0,0.92387953,0.38268343,-0.43388374,-0.90096887,0.61717979,5.06473966,0.62698949,5.22196779,0.62620936,5.15132981,3.14485308,0.59914316,0.61460794,0.62476354,0.60219419,1,medium
2035-01-05T04:45:00Z,0.62499556,232.0,791.74423584,1705.55343213,4.0,19.0,403.0,0.0,0.0,0.94693013,0.32143947,-0.43388374,-0.90096887,0.61177716,4.99307703,0.62513378,5.38803373,0.6257167,5.23646911,3.14485308,0.59419183,0.64660605,0.64726398,0.6114877,1,medium
2035-01-05T05:00:00Z,0.58614563,230.0,800.5695911,1683.5444387,4.0,20.0,404.0,0.0,0.0,0.96592583,0.25881905,-0.43388374,-0.90096887,0.60111904,6.25439647,0.62060444,6.02970709,0.62511275,5.26317616,4.40617252,0.62499556,0.6287781,0.64049771,0.57997598,1,medium
2035-01-05T05:15:00Z,0.58365276,234.0,825.64349713,1735.53109672,4.0,21.0,405.0,0.0,0.0,0.98078528,0.19509032,-0.43388374,-0.90096887,0.59724644,4.62587185,0.61593225,6.06399144,0.62394516,5.17775705,2.7776479,0.58614563,0.59914316,0.63971906,0.60547287,1,medium
2035-01-05T05:30:00Z,0.61624514,229.0,815.17625165,1660.73919746,4.0,22.0,406.0,0.0,0.0,0.99144486,0.13052619,-0.43388374,-0.90096887,0.60275977,6.28433552,0.61689275,6.01584271,0.62483992,5.33463888,2.48056836,0.58365276,0.59419183,0.60471923,0.61072633,0,low
2035-01-05T05:45:00Z,0.62458319,232.0,839.73232541,1745.74478129,4.0,23.0,407.0,0.0,0.0,0.99785892,0.06540313,-0.43388374,-0.90096887,0.60265668,4.93639416,0.61414044,5.12477022,0.62431345,4.99354397,2.48056836,0.61624514,0.62499556,0.6576109,0.5669674,1,medium
2035-01-05T06:00:00Z,0.62563269,232.0,822.08199122,1711.41352771,4.0,24.0,408.0,0.0,0.0,1.0,0.0,-0.43388374,-0.90096887,0.61252844,2.66836783,0.61260974,4.87356346,0.62361517,4.95230875,0.14957217,0.62458319,0.58614563,0.64400106,0.60643236,1,medium
2035-01-05T06:15:00Z,0.62160892,232.0,807.56098184,1725.91344432,4.0,25.0,409.0,0.0,0.0,0.99785892,-0.06540313,-0.43388374,-0.90096887,0.62201748,2.76022156,0.61384925,4.20871372,0.62318934,4.88691935,0.24142589,0.62563269,0.58365276,0.60673481,0.57506641,1,medium
2035-01-05T06:30:00Z,0.58550778,233.0,790.58734724,1629.01233034,4.0,26.0,410.0,0.0,0.0,0.99144486,-0.13052619,-0.43388374,-0.90096887,0.61433314,2.97074701,0.61142423,4.77327406,0.6217409,5.13234835,2.40749455,0.62160892,0.61624514,0.61460794,0.57616703,1,medium
2035-01-05T06:45:00Z,0.63291014,233.0,787.78451494,1695.44297136,4.0,27.0,411.0,0.0,0.0,0.98078528,-0.19509032,-0.43388374,-0.90096887,0.61641488,5.31460635,0.61028291,5.08135918,0.62165557,5.45949721,2.40749455,0.58550778,0.62458319,0.64660605,0.63678544,1,medium
2035-01-05T07:00:00Z,0.61649677,231.0,823.96035012,1732.09152224,4.0,28.0,412.0,0.0,0.0,0.96592583,-0.25881905,-0.43388374,-0.90096887,0.6141309,6.23643875,0.60925946,5.05306768,0.62164892,5.44061643,3.39229681,0.63291014,0.62563269,0.6287781,0.62283496,1,medium
2035-01-05T07:15:00Z,0.62433655,229.0,839.54369247,1695.14887859,4.0,29.0,413.0,0.0,0.0,0.94693013,-0.32143947,-0.43388374,-0.90096887,0.61481281,6.46539964,0.61135891,4.61716435,0.62044802,5.15399835,3.15087092,0.61649677,0.62160892,0.59914316,0.6480749,1,medium
2035-01-05T07:30:00Z,0.64437727,229.0,832.53789392,1708.15715565,4.0,30.0,414.0,0.0,0.0,0.92387953,-0.38268343,-0.43388374,-0.90096887,0.62953018,5.50177415,0.61554103,4.91895223,0.62126526,5.07046001,0.98480226,0.62433655,0.58550778,0.59419183,0.62818617,1,medium
2035-01-05T07:45:00Z,0.65653116,234.0,821.66202636,1708.35581913,4.0,31.0,415.0,0.0,0.0,0.89687274,-0.44228869,-0.43388374,-0.90096887,0.63543544,3.38686585,0.618169,4.54595545,0.62165139,4.96699459,0.98480226,0.64437727,0.63291014,0.62499556,0.64306383,1,medium
2035-01-05T08:00:00Z,0.66166537,232.0,835.63337471,1749.36262676,4.0,32.0,416.0,0.0,0.0,0.8660254,-0.5,-0.43388374,-0.90096887,0.64672759,2.71011623,0.62446231,3.87164094,0.62253338,4.95067401,0.0,0.65653116,0.61649677,0.58614563,0.68186264,1,medium
2035-01-05T08:15:00Z,0.669663,232.0,823.64313192,1740.23225886,4.0,33.0,417.0,0.0,0.0,0.83146961,-0.55557023,-0.43388374,-0.90096887,0.6580592,2.71958722,0.63162983,3.98173614,0.62378104,5.02286379,0.0,0.66166537,0.62433655,0.58365276,0.68850587,1,medium
2035-01-05T08:30:00Z,0.6810173,231.0,813.29642546,1752.76139118,4.0,34.0,418.0,0.0,0.0,0.79335334,-0.60876143,-0.43388374,-0.90096887,0.66721921,2.19840162,0.63702751,3.55697426,0.62696013,4.78640848,0.0,0.669663,0.64437727,0.61624514,0.69984247,1,medium
2035-01-05T08:45:00Z,0.70028756,229.0,801.70336487,1659.44381502,4.0,35.0,419.0,0.0,0.0,0.75183981,-0.65934582,-0.43388374,-0.90096887,0.67815831,2.62538399,0.64333621,3.77561873,0.62873832,4.45019448,0.0,0.6810173,0.65653116,0.62458319,0.67215901,1,medium
2035-01-05T09:00:00Z,0.70276472,230.0,828.48633791,1749.17573713,4.0,36.0,420.0,0.0,0.0,0.70710678,-0.70710678,-0.43388374,-0.90096887,0.68843315,2.46596096,0.64976388,3.80417198,0.63118681,4.33886772,0.0,0.70028756,0.66166537,0.62563269,0.66935093,1,medium
2035-01-05T09:15:00Z,0.69369675,231.0,842.36520777,1706.87928511,4.0,37.0,421.0,0.0,0.0,0.65934582,-0.75183981,-0.43388374,-0.90096887,0.69444158,2.53018166,0.6557712,3.90505617,0.63481022,4.05688495,0.54407848,0.70276472,0.669663,0.62160892,0.71580694,1,medium
2035-01-05T09:30:00Z,0.66974362,231.0,822.97152513,1713.06288934,4.0,38.0,422.0,0.0,0.0,0.60876143,-0.79335334,-0.43388374,-0.90096887,0.69162316,3.28611206,0.66279085,3.66209594,0.63710754,4.217685,1.98126645,0.69369675,0.6810173,0.58550778,0.67396319,1,medium
2035-01-05T09:45:00Z,0.71675112,233.0,816.74830677,1692.94808853,4.0,39.0,423.0,0.0,0.0,0.55557023,-0.83146961,-0.43388374,-0.90096887,0.69573905,4.95034617,0.6697776,3.65419867,0.64003025,4.36777893,1.98126645,0.66974362,0.70028756,0.63291014,0.66786626,1,medium
2035-01-05T10:00:00Z,0.65040171,229.0,792.6820605,1659.20447721,4.0,40.0,424.0,0.0,0.0,0.5,-0.8660254,-0.43388374,-0.90096887,0.6826483,8.78268113,0.67260301,4.65291944,0.64093124,4.85299356,5.96223101,0.71675112,0.70276472,0.61649677,0.66577692,1,medium
2035-01-05T10:15:00Z,0.68945723,231.0,818.70318246,1665.0939409,4.0,41.0,425.0,0.0,0.0,0.44228869,-0.89687274,-0.43388374,-0.90096887,0.68158842,10.58193371,0.67802973,5.2772342,0.64469432,4.94719927,5.41815253,0.65040171,0.69369675,0.62433655,0.70073765,1,medium
2035-01-05T10:30:00Z,0.63901651,230.0,775.83442837,1676.99198258,4.0,42.0,426.0,0.0,0.0,0.38268343,-0.92387953,-0.43388374,-0.90096887,0.67390664,12.17118865,0.677583,5.88523411,0.64656202,5.40209317,7.00740747,0.68945723,0.66974362,0.64437727,0.63357322,1,medium
2035-01-05T10:45:00Z,0.63829866,231.0,821.5798393,1709.23412603,4.0,43.0,427.0,0.0,0.0,0.32143947,-0.94693013,-0.43388374,-0.90096887,0.65429353,9.39380966,0.67606363,5.65651327,0.64711631,5.10123436,7.05047859,0.63901651,0.71675112,0.65653116,0.64783666,0,low
2035-01-05T11:00:00Z,0.6432178,233.0,831.22431301,1705.44574886,4.0,44.0,428.0,0.0,0.0,0.25881905,-0.96592583,-0.43388374,-0.90096887,0.65249755,5.70799337,0.67452633,5.65221182,0.64949432,4.76192638,3.06951402,0.63829866,0.65040171,0.66166537,0.62764454,0,low
2035-01-05T11:15:00Z,0.63504142,230.0,828.31279718,1678.89178472,4.0,45.0,429.0,0.0,0.0,0.19509032,-0.98078528,-0.43388374,-0.90096887,0.6388936,3.85524516,0.6716412,5.65578684,0.65163552,4.81876149,3.56009687,0.6432178,0.68945723,0.669663,0.59086124,0,low
2035-01-05T11:30:00Z,0.60767313,231.0,802.45528569,1680.56127171,4.0,46.0,430.0,0.0,0.0,0.13052619,-0.99144486,-0.43388374,-0.90096887,0.63105775,2.47089964,0.66552918,5.97606678,0.65127835,4.76652052,2.17575135,0.63504142,0.63901651,0.6810173,0.57565081,0,low
2035-01-05T11:45:00Z,0.57430006,232.0,814.82272381,1657.61504553,4.0,47.0,431.0,0.0,0.0,0.06540313,-0.99785892,-0.43388374,-0.90096887,0.6150581,4.43021259,0.65503023,6.25812281,0.64918322,5.01687077,4.13506431,0.60767313,0.63829866,0.70028756,0.56140256,0,low
2035-01-05T12:00:00Z,0.56371906,232.0,821.55189051,1704.7163212,4.0,48.0,432.0,0.0,0.0,0.0,-1.0,-0.43388374,-0.90096887,0.59518341,4.76992456,0.64344309,6.42019969,0.64660348,5.11218583,4.76992456,0.57430006,0.6432178,0.70276472,0.540498,0,low
2035-01-05T12:15:00Z,0.56137121,229.0,813.44357292,1755.35357678,4.0,49.0,433.0,0.0,0.0,-0.06540313,-0.99785892,-0.43388374,-0.90096887,0.57676586,4.42021232,0.63241596,6.28579706,0.64409358,5.09542662,4.42021232,0.56371906,0.63504142,0.69369675,0.56756508,0,low
2035-01-05T12:30:00Z,0.53043885,234.0,831.90251729,1650.51976583,4.0,50.0,434.0,0.0,0.0,-0.13052619,-0.99144486,-0.43388374,-0.90096887,0.55745729,4.63405642,0.62080723,6.42538157,0.64179904,5.04373876,4.63405642,0.56137121,0.60767313,0.66974362,0.56597024,0,low
2035-01-05T12:45:00Z,0.5185817,234.0,810.64451737,1699.76074248,4.0,51.0,435.0,0.0,0.0,-0.19509032,-0.98078528,-0.43388374,-0.90096887,0.5435277,3.34310172,0.60429311,5.72237466,0.63703536,4.68828666,3.34310172,0.53043885,0.57430006,0.71675112,0.52709356,0,low
2035-01-05T13:00:00Z,0.57240765,230.0,797.45803717,1636.78293138,4.0,52.0,436.0,0.0,0.0,-0.25881905,-0.96592583,-0.43388374,-0.90096887,0.54569985,5.93779847,0.59779361,5.47190547,0.63519831,5.06241245,2.70824147,0.5185817,0.56371906,0.65040171,0.51120174,0,low
2035-01-05T13:15:00Z,0.55096999,232.0,817.17240111,1720.28758037,4.0,53.0,437.0,0.0,0.0,-0.32143947,-0.94693013,-0.43388374,-0.90096887,0.54309955,7.08318755,0.586253,5.11954834,0.63214137,5.19839127,3.85363055,0.57240765,0.56137121,0.68945723,0.561648,1,medium
2035-01-05T13:30:00Z,0.57004561,233.0,806.61691622,1717.3388105,4.0,54.0,438.0,0.0,0.0,-0.38268343,-0.92387953,-0.43388374,-0.90096887,0.55300123,6.37178331,0.58050543,4.49224646,0.62904422,5.18874028,1.99768906,0.55096999,0.53043885,0.63901651,0.55341883,1,medium
2035-01-05T13:45:00Z,0.54150907,231.0,801.15203573,1684.86866867,4.0,55.0,439.0,0.0,0.0,-0.44228869,-0.89687274,-0.43388374,-0.90096887,0.55873308,7.37254635,0.57243963,5.04862022,0.62425163,5.35256675,2.9984521,0.57004561,0.5185817,0.63829866,0.56069193,1,medium
2035-01-05T14:00:00Z,0.56061199,230.0,796.70754783,1668.77681199,4.0,56.0,440.0,0.0,0.0,-0.5,-0.8660254,-0.43388374,-0.90096887,0.55578416,5.28916474,0.56555581,5.33229592,0.62004107,5.49225387,2.9984521,0.54150907,0.57240765,0.6432178,0.55430145,1,medium
2035-01-05T14:15:00Z,0.61185925,233.0,791.65596331,1634.65360941,4.0,57.0,441.0,0.0,0.0,-0.55557023,-0.83146961,-0.43388374,-0.90096887,0.57100648,7.07774073,0.56362396,6.19371353,0.61763258,5.92475019,1.71219241,0.56061199,0.55096999,0.63504142,0.58553766,1,medium
2035-01-05T14:30:00Z,0.62600195,230.0,822.31390876,1685.12346539,4.0,58.0,442.0,0.0,0.0,-0.60876143,-0.79335334,-0.43388374,-0.90096887,0.58499557,6.78176571,0.56515136,5.92920181,0.61534027,5.9526343,1.71219241,0.61185925,0.57004561,0.60767313,0.61813418,1,medium
2035-01-05T14:45:00Z,0.6266134,230.0,843.69718286,1750.81033113,4.0,59.0,443.0,0.0,0.0,-0.65934582,-0.75183981,-0.43388374,-0.90096887,0.60627165,5.10626025,0.56951081,5.27396944,0.61227052,5.76604612,0.0,0.62600195,0.54150907,0.57430006,0.6297894,1,medium
2035-01-05T15:00:00Z,0.61676345,232.0,804.68068014,1704.20917,4.0,60.0,444.0,0.0,0.0,-0.70710678,-0.70710678,-0.43388374,-0.90096887,0.62030951,4.55108235,0.57393118,5.25934852,0.60868713,5.8397741,0.59099749,0.6266134,0.56061199,0.56371906,0.62547842,1,medium
2035-01-05T15:15:00Z,0.6368572,230.0,804.6172922,1681.43047278,4.0,61.0,445.0,0.0,0.0,-0.75183981,-0.65934582,-0.43388374,-0.90096887,0.626559,2.68187177,0.58022167,5.61426668,0.60631882,5.95003187,0.59099749,0.61676345,0.61185925,0.56137121,0.69020102,2,high
2035-01-05T15:30:00Z,0.67228853,232.0,815.37291358,1703.50003601,4.0,62.0,446.0,0.0,0.0,-0.79335334,-0.60876143,-0.43388374,-0.90096887,0.63813064,3.95918941,0.59204248,5.70424614,0.60642486,6.06481386,0.59099749,0.6368572,0.62600195,0.53043885,0.68174183,2,high
2035-01-05T15:45:00Z,0.75524897,229.0,772.13219709,1635.35620361,4.0,63.0,447.0,0.0,0.0,-0.83146961,-0.55557023,-0.43388374,-0.90096887,0.67028953,8.90012865,0.61176475,7.12631175,0.60802893,6.4243432,0.59099749,0.67228853,0.6266134,0.5185817,0.72620301,2,high
2035-01-05T16:00:00Z,0.74587144,232.0,826.38135627,1749.54402799,4.0,64.0,448.0,0.0,0.0,-0.8660254,-0.5,-0.43388374,-0.90096887,0.70256653,8.87178293,0.62622007,6.23734334,0.61200684,5.8546244,0.56265177,0.75524897,0.61676345,0.57240765,0.73927134,2,high
2035-01-05T16:15:00Z,0.80703207,230.0,772.77108232,1635.17363453,4.0,65.0,449.0,0.0,0.0,-0.89687274,-0.44228869,-0.43388374,-0.90096887,0.74511025,11.3357957,0.64755858,7.03180273,0.61690579,6.07567554,0.56265177,0.74587144,0.6368572,0.55096999,0.74293567,2,high
2035-01-05T16:30:00Z,0.80800993,234.0,809.9135778,1680.25911188,4.0,66.0,450.0,0.0,0.0,-0.92387953,-0.38268343,-0.43388374,-0.90096887,0.7790406,9.26858745,0.66738894,6.66984752,0.62394718,5.58104699,0.56265177,0.80703207,0.67228853,0.57004561,0.81854151,2,high
2035-01-05T16:45:00Z,0.82101194,231.0,842.52185815,1685.28830228,4.0,67.0,451.0,0.0,0.0,-0.94693013,-0.32143947,-0.43388374,-0.90096887,0.79548134,5.07108208,0.69068084,6.35915699,0.63156023,5.70388861,0.56265177,0.80800993,0.75524897,0.54150907,0.80323166,2,high
2035-01-05T17:00:00Z,0.86266908,232.0,795.37158475,1702.72459813,4.0,68.0,452.0,0.0,0.0,-0.96592583,-0.25881905,-0.43388374,-0.90096887,0.82468075,7.00785846,0.71585227,6.81024125,0.64070404,6.07126859,0.0,0.82101194,0.74587144,0.56061199,0.83813071,2,high
2035-01-05T17:15:00Z,0.86070822,233.0,831.00867901,1703.05382461,4.0,69.0,453.0,0.0,0.0,-0.98078528,-0.19509032,-0.43388374,-0.90096887,0.83809979,3.45587197,0.73658968,5.82451315,0.65010682,6.00911334,0.11765138,0.86266908,0.80703207,0.61185925,0.86143378,2,high
2035-01-05T17:30:00Z,0.85266254,233.0,836.5516516,1685.5530797,4.0,70.0,454.0,0.0,0.0,-0.99144486,-0.13052619,-0.43388374,-0.90096887,0.84926294,3.87994125,0.75547806,5.7025727,0.66031471,5.81588726,0.60039228,0.86070822,0.80800993,0.62600195,0.88019679,2,high
2035-01-05T17:45:00Z,0.84670589,232.0,834.03944515,1722.62580409,4.0,71.0,455.0,0.0,0.0,-0.99785892,-0.06540313,-0.43388374,-0.90096887,0.85568643,3.45721964,0.7738191,5.80947679,0.67166496,5.54172311,0.95779148,0.85266254,0.82101194,0.6266134,0.86524637,2,high
2035-01-05T18:00:00Z,0.84560415,232.0,842.23543482,1694.71580377,4.0,72.0,456.0,0.0,0.0,-1.0,-0.0,-0.43388374,-0.90096887,0.8514202,1.02389572,0.79288916,5.63451237,0.68341017,5.44693045,1.02389572,0.84670589,0.86266908,0.61676345,0.83473598,2,high
2035-01-05T18:15:00Z,0.85417603,232.0,840.89502775,1671.33009928,4.0,73.0,457.0,0.0,0.0,-0.99785892,0.06540313,-0.43388374,-0.90096887,0.84978715,1.420557,0.81099906,5.40407489,0.69561037,5.50917079,0.90624434,0.84560415,0.86070822,0.6368572,0.86532028,2,high
2035-01-05T18:30:00Z,0.82107284,230.0,821.8184767,1706.76514616,4.0,74.0,458.0,0.0,0.0,-0.99144486,0.13052619,-0.43388374,-0.90096887,0.84188972,2.92400732,0.82339776,5.35751201,0.70772012,5.53087907,2.40969466,0.85417603,0.85266254,0.67228853,0.82267645,1,medium
2035-01-05T18:45:00Z,0.8453767,233.0,810.03976066,1722.9587382,4.0,75.0,459.0,0.0,0.0,-0.98078528,0.19509032,-0.43388374,-0.90096887,0.84155743,4.0248395,0.8309084,4.18438041,0.72133658,5.65534608,2.05229545,0.82107284,0.84670589,0.75524897,0.82160969,1,medium
2035-01-05T19:00:00Z,0.81763796,233.0,798.28595177,1656.84610048,4.0,76.0,460.0,0.0,0.0,-0.96592583,0.25881905,-0.43388374,-0.90096887,0.83456588,5.62305925,0.83688894,4.55160448,0.73155451,5.39447391,3.6505152,0.8453767,0.84560415,0.74587144,0.8519036,1,medium
2035-01-05T19:15:00Z,0.82563595,233.0,829.05215074,1692.84393098,4.0,77.0,461.0,0.0,0.0,-0.94693013,0.32143947,-0.43388374,-0.90096887,0.82743086,5.58862613,0.83843927,3.4883517,0.74299892,5.26007722,3.6505152,0.81763796,0.85417603,0.80703207,0.78959584,1,medium
2035-01-05T19:30:00Z,0.75772925,234.0,774.03087702,1602.45236133,4.0,78.0,462.0,0.0,0.0,-0.92387953,0.38268343,-0.43388374,-0.90096887,0.81159497,7.67683703,0.83424921,4.82692853,0.75081907,5.74838803,5.7387261,0.82563595,0.82107284,0.80800993,0.81946634,1,medium
2035-01-05T19:45:00Z,0.75080817,233.0,830.0767032,1729.28043244,4.0,79.0,463.0,0.0,0.0,-0.89687274,0.44228869,-0.43388374,-0.90096887,0.78795284,6.63387046,0.8283989,4.70530987,0.75953987,5.53223343,6.15399093,0.75772925,0.8453767,0.82101194,0.76731849,1,medium
2035-01-05T20:00:00Z,0.73277816,230.0,832.27675802,1695.98950536,4.0,80.0,464.0,0.0,0.0,-0.8660254,0.5,-0.43388374,-0.90096887,0.76673789,6.051347,0.81757465,4.23276732,0.76671346,5.52150429,5.57146746,0.75080817,0.81763796,0.86266908,0.76246733,1,medium
2035-01-05T20:15:00Z,0.73036948,232.0,834.06533112,1723.524005,4.0,81.0,465.0,0.0,0.0,-0.83146961,0.55557023,-0.43388374,-0.90096887,0.74292127,5.71598838,0.80671309,4.24172384,0.77165139,5.03311849,5.71598838,0.73277816,0.82563595,0.86070822,0.75940675,1,medium
2035-01-05T20:30:00Z,0.72433391,231.0,824.03100247,1725.96033017,4.0,82.0,466.0,0.0,0.0,-0.79335334,0.60876143,-0.43388374,-0.90096887,0.73457243,2.00372039,0.79601904,4.20152158,0.77574855,4.95204714,2.00372039,0.73036948,0.75772925,0.85266254,0.69639362,1,medium
2035-01-05T20:45:00Z,0.6744172,232.0,807.1796928,1683.76359108,4.0,83.0,467.0,0.0,0.0,-0.75183981,0.65934582,-0.43388374,-0.90096887,0.71547469,4.58345851,0.78166165,5.08072283,0.77774038,5.44509981,4.58345851,0.72433391,0.75080817,0.84670589,0.693948,1,medium
2035-01-05T21:00:00Z,0.69046114,234.0,799.56190439,1733.3632323,4.0,84.0,468.0,0.0,0.0,-0.70710678,0.70710678,-0.43388374,-0.90096887,0.70489543,4.46429466,0.76873307,5.37956697,0.78081111,5.50703967,3.50165799,0.6744172,0.73277816,0.84560415,0.71288049,1,medium
2035-01-05T21:15:00Z,0.66616239,232.0,834.71896162,1694.60538926,4.0,85.0,469.0,0.0,0.0,-0.65934582,0.75183981,-0.43388374,-0.90096887,0.68884366,5.77769876,0.75306526,5.69410442,0.78203216,5.54908966,4.81506209,0.69046114,0.73036948,0.85417603,0.64989858,1,medium
2035-01-05T21:30:00Z,0.67608811,231.0,825.29695464,1700.87680524,4.0,86.0,470.0,0.0,0.0,-0.60876143,0.79335334,-0.43388374,-0.90096887,0.67678221,6.01110781,0.7409832,5.23055507,0.78219048,5.29403354,4.45292797,0.66616239,0.72433391,0.82107284,0.68920877,1,medium
2035-01-05T21:45:00Z,0.65772977,230.0,805.16925165,1681.10704586,4.0,87.0,471.0,0.0,0.0,-0.55557023,0.83146961,-0.43388374,-0.90096887,0.67261035,4.117605,0.72534596,5.11164466,0.77812718,4.64801253,2.55942516,0.67608811,0.6744172,0.8453767,0.63199732,1,medium
2035-01-05T22:00:00Z,0.63196399,232.0,806.57104362,1655.36891301,4.0,88.0,472.0,0.0,0.0,-0.5,0.8660254,-0.43388374,-0.90096887,0.65798607,4.70091563,0.70987313,5.07218576,0.77338104,4.81189512,4.10537246,0.65772977,0.69046114,0.81763796,0.61160822,1,medium
2035-01-05T22:15:00Z,0.61096599,230.0,837.84336601,1685.00805022,4.0,89.0,473.0,0.0,0.0,-0.44228869,0.89687274,-0.43388374,-0.90096887,0.64418696,4.50287065,0.69198396,5.33218593,0.76521162,4.41026882,3.90732749,0.63196399,0.66616239,0.82563595,0.60128931,1,medium
2035-01-05T22:30:00Z,0.64212755,233.0,792.77818536,1722.37482361,4.0,90.0,474.0,0.0,0.0,-0.38268343,0.92387953,-0.43388374,-0.90096887,0.63569682,5.77702126,0.68235049,4.59728315,0.75829985,4.71210584,3.90732749,0.61096599,0.67608811,0.75772925,0.61452972,1,medium
2035-01-05T22:45:00Z,0.63800307,231.0,836.89098338,1684.23549695,4.0,91.0,475.0,0.0,0.0,-0.32143947,0.94693013,-0.43388374,-0.90096887,0.63076515,4.92298955,0.67295006,4.54135102,0.75067448,4.62333044,3.05329578,0.64212755,0.65772977,0.75080817,0.63681952,0,low
2035-01-05T23:00:00Z,0.65031056,231.0,811.61000157,1690.71472606,4.0,92.0,476.0,0.0,0.0,-0.25881905,0.96592583,-0.43388374,-0.90096887,0.63535179,4.11549161,0.66607776,4.42690063,0.74182621,4.32983398,1.50734848,0.63800307,0.63196399,0.73277816,0.60064029,0,low
2035-01-05T23:15:00Z,0.64280133,232.0,828.11884161,1671.46570665,4.0,93.0,477.0,0.0,0.0,-0.19509032,0.98078528,-0.43388374,-0.90096887,0.64331063,3.30616549,0.65878042,4.52891163,0.73274676,4.38531773,0.69802235,0.65031056,0.61096599,0.73036948,0.61167507,0,low
2035-01-05T23:30:00Z,0.64751695,232.0,834.24780249,1682.52874057,4.0,94.0,478.0,0.0,0.0,-0.13052619,0.99144486,-0.43388374,-0.90096887,0.64465798,1.71940887,0.652379,4.50251265,0.72419902,4.35201711,0.69802235,0.64280133,0.64212755,0.72433391,0.59477087,0,low
2035-01-05T23:45:00Z,0.59504733,232.0,785.50922598,1608.5581063,4.0,95.0,479.0,0.0,0.0,-0.06540313,0.99785892,-0.43388374,-0.90096887,0.63391904,4.62011798,0.64576485,4.55357084,0.71371325,4.81714683,3.59873146,0.64751695,0.63800307,0.6744172,0.6372184,0,low
2035-01-06T00:00:00Z,0.5451936,230.0,783.23854936,1668.16640579,5.0,0.0,480.0,1.0,0.0,0.0,1.0,-0.97492791,-0.22252093,0.6076398,6.87289244,0.63365922,5.22976656,0.70119614,5.30466676,6.58995528,0.59504733,0.65031056,0.69046114,0.64239142,0,low
2035-01-06T00:15:00Z,0.57521154,233.0,817.39719777,1715.9726677,5.0,1.0,481.0,1.0,0.0,0.06540313,0.99785892,-0.97492791,-0.22252093,0.59074235,8.2234152,0.62607998,5.34415045,0.68957262,5.51912744,6.13940137,0.5451936,0.64280133,0.66616239,0.63182872,0,low
2035-01-06T00:30:00Z,0.54760098,230.0,829.02002961,1674.26212571,5.0,2.0,482.0,1.0,0.0,0.13052619,0.99144486,-0.97492791,-0.22252093,0.56576336,9.59711167,0.61537272,5.69784727,0.67817796,5.46420117,7.79603499,0.57521154,0.64751695,0.67608811,0.62027047,0,low
2035-01-06T00:45:00Z,0.53878927,233.0,846.858323,1688.1191273,5.0,3.0,483.0,1.0,0.0,0.19509032,0.98078528,-0.97492791,-0.22252093,0.55169885,6.97763644,0.60546101,5.50691466,0.66540349,5.30927966,5.17655976,0.54760098,0.59504733,0.65772977,0.63495795,0,low
2035-01-06T01:00:00Z,0.56039836,232.0,820.13789006,1714.07632998,5.0,4.0,484.0,1.0,0.0,0.25881905,0.96592583,-0.97492791,-0.22252093,0.55550004,5.28295763,0.59949721,5.42378056,0.65468517,5.24798316,2.18533593,0.53878927,0.5451936,0.63196399,0.61665651,0,low
2035-01-06T01:15:00Z,0.5827085,233.0,804.11164124,1660.56983039,5.0,5.0,485.0,1.0,0.0,0.32143947,0.94693013,-0.97492791,-0.22252093,0.55737428,4.82048939,0.59714242,5.45002336,0.64456319,5.39110464,2.18533593,0.56039836,0.57521154,0.61096599,0.65315809,0,low
2035-01-06T01:30:00Z,0.56237382,231.0,803.22981234,1690.39655663,5.0,6.0,486.0,1.0,0.0,0.38268343,0.92387953,-0.97492791,-0.22252093,0.56106749,4.38393673,0.59049628,5.23348576,0.63642338,4.91538445,1.74878328,0.5827085,0.54760098,0.64212755,0.62476354,0,low
2035-01-06T01:45:00Z,0.5690791,234.0,822.1541894,1713.63084584,5.0,7.0,487.0,1.0,0.0,0.44228869,0.89687274,-0.97492791,-0.22252093,0.56863994,4.25755141,0.58475261,5.28510194,0.62885134,4.91322648,1.22008097,0.56237382,0.53878927,0.63800307,0.64726398,0,low
2035-01-06T02:00:00Z,0.52094341,229.0,820.08282726,1634.66964281,5.0,8.0,488.0,1.0,0.0,0.5,0.8660254,-0.97492791,-0.22252093,0.5587762,5.84914798,0.57397201,6.00166602,0.62002489,5.21428332,4.10822255,0.5690791,0.56039836,0.65031056,0.64049771,0,low
2035-01-06T02:15:00Z,0.577238,230.0,807.34642692,1665.15103639,5.0,9.0,489.0,1.0,0.0,0.55557023,0.83146961,-0.97492791,-0.22252093,0.55740858,7.88821528,0.5685084,6.97737329,0.61364441,5.75314246,4.10822255,0.52094341,0.5827085,0.64280133,0.63971906,0,low
2035-01-06T02:30:00Z,0.55479121,230.0,803.82178734,1684.45882345,5.0,10.0,490.0,1.0,0.0,0.60876143,0.79335334,-0.97492791,-0.22252093,0.55551293,8.01494175,0.56078126,7.33199672,0.60658013,5.91725468,4.23494901,0.577238,0.56237382,0.64751695,0.60471923,0,low
2035-01-06T02:45:00Z,0.53235373,233.0,836.03884569,1665.49949599,5.0,11.0,491.0,1.0,0.0,0.65934582,0.75183981,-0.97492791,-0.22252093,0.54633159,8.95887383,0.55555679,6.73135389,0.60066082,5.64246237,5.58119809,0.55479121,0.5690791,0.59504733,0.6576109,0,low
2035-01-06T03:00:00Z,0.53175708,231.0,840.87573658,1729.67541326,5.0,12.0,492.0,1.0,0.0,0.70710678,0.70710678,-0.97492791,-0.22252093,0.54903501,6.10653084,0.55443708,5.74621215,0.59404815,5.48798935,2.7288551,0.53235373,0.52094341,0.5451936,0.64400106,0,low
2035-01-06T03:15:00Z,0.5271082,231.0,833.97168809,1720.36662333,5.0,13.0,493.0,1.0,0.0,0.75183981,0.65934582,-0.97492791,-0.22252093,0.53650255,3.00778835,0.55042847,5.23883101,0.58825423,5.29149073,3.00778835,0.53175708,0.577238,0.57521154,0.60673481,0,low
2035-01-06T03:30:00Z,0.57340721,230.0,803.49967541,1664.97304881,5.0,14.0,494.0,1.0,0.0,0.79335334,0.60876143,-0.97492791,-0.22252093,0.54115655,4.43892154,0.55257899,5.61260001,0.58397586,5.65522364,1.66098092,0.5271082,0.55479121,0.54760098,0.61460794,0,low
2035-01-06T03:45:00Z,0.56514475,231.0,816.31596902,1713.73007469,5.0,15.0,495.0,1.0,0.0,0.83146961,0.55557023,-0.97492791,-0.22252093,0.54935431,3.58841982,0.55477528,5.60161502,0.58011815,5.55426484,0.8104792,0.57340721,0.53235373,0.53878927,0.64660605,0,low
2035-01-06T04:00:00Z,0.55214217,232.0,812.55292942,1693.29459034,5.0,16.0,496.0,1.0,0.0,0.8660254,0.5,-0.97492791,-0.22252093,0.55445058,4.33277598,0.55408726,5.42948493,0.57679224,5.42663275,1.55483537,0.56514475,0.53175708,0.56039836,0.6287781,0,low
2035-01-06T04:15:00Z,0.53498047,234.0,831.0478888,1679.22356471,5.0,17.0,497.0,1.0,0.0,0.89687274,0.44228869,-0.97492791,-0.22252093,0.55641865,5.08354487,0.55010993,5.32651617,0.57362617,5.38826976,2.30560425,0.55214217,0.5271082,0.5827085,0.59914316,0,low
2035-01-06T04:30:00Z,0.56168229,230.0,800.07678214,1693.39610513,5.0,18.0,498.0,1.0,0.0,0.92387953,0.38268343,-0.97492791,-0.22252093,0.55348742,3.9077135,0.5500523,5.45385893,0.57027429,5.34367234,2.30560425,0.53498047,0.57340721,0.56237382,0.59419183,0,low
2035-01-06T04:45:00Z,0.54723799,231.0,815.62136591,1746.21708394,5.0,19.0,499.0,1.0,0.0,0.94693013,0.32143947,-0.97492791,-0.22252093,0.54901073,4.27862415,0.54823221,5.60863927,0.56649241,5.44687061,2.67651491,0.56168229,0.56514475,0.5690791,0.62499556,0,low
2035-01-06T05:00:00Z,0.53046861,230.0,841.12674005,1709.65154955,5.0,20.0,500.0,1.0,0.0,0.96592583,0.25881905,-0.97492791,-0.22252093,0.54359234,4.50463237,0.54902597,4.98131306,0.56149899,5.49148954,2.90252312,0.54723799,0.55214217,0.52094341,0.58614563,0,low
2035-01-06T05:15:00Z,0.53264062,230.0,824.69622594,1714.78481238,5.0,21.0,501.0,1.0,0.0,0.98078528,0.19509032,-0.97492791,-0.22252093,0.54300738,3.6052511,0.54530953,3.89886144,0.55690896,5.43811737,1.87282099,0.53046861,0.53498047,0.577238,0.58365276,0,low
2035-01-06T05:30:00Z,0.50862069,230.0,822.31422872,1720.68480553,5.0,22.0,502.0,1.0,0.0,0.99144486,0.13052619,-0.97492791,-0.22252093,0.52974198,3.44433788,0.54146198,3.9303243,0.55112162,5.63116051,3.31401701,0.53264062,0.56168229,0.55479121,0.61624514,0,low
2035-01-06T05:45:00Z,0.52629077,232.0,842.23860232,1733.87929866,5.0,23.0,503.0,1.0,0.0,0.99785892,0.06540313,-0.97492791,-0.22252093,0.52450517,3.63788467,0.54095674,3.83497621,0.54825676,5.28316505,2.44735899,0.50862069,0.54723799,0.53235373,0.62458319,0,low
2035-01-06T06:00:00Z,0.53203732,231.0,806.01631472,1750.26180087,5.0,24.0,504.0,1.0,0.0,1.0,0.0,-0.97492791,-0.22252093,0.52489735,2.97651501,0.54098009,3.93797445,0.54770859,4.8420933,1.44119602,0.52629077,0.53046861,0.53175708,0.62563269,0,low
2035-01-06T06:15:00Z,0.55015,232.0,803.45284157,1687.76986481,5.0,25.0,505.0,1.0,0.0,0.99785892,-0.06540313,-0.97492791,-0.22252093,0.52927469,3.93295505,0.54290024,4.20725034,0.54666436,4.72304067,1.44119602,0.53203732,0.53264062,0.5271082,0.62160892,0,low
2035-01-06T06:30:00Z,0.55134836,233.0,843.93748993,1711.94361934,5.0,26.0,506.0,1.0,0.0,0.99144486,-0.13052619,-0.97492791,-0.22252093,0.53995661,2.5636601,0.541062,3.30523716,0.5468205,4.45891858,0.0,0.55015,0.50862069,0.57340721,0.58550778,0,low
2035-01-06T06:45:00Z,0.54475638,230.0,821.7964729,1673.63605995,5.0,27.0,507.0,1.0,0.0,0.98078528,-0.19509032,-0.97492791,-0.22252093,0.54457302,1.89897381,0.53936297,3.27182754,0.54706913,4.43672128,0.39551852,0.55134836,0.52629077,0.56514475,0.63291014,0,low
2035-01-06T07:00:00Z,0.5119564,233.0,831.3787251,1641.60338035,5.0,28.0,508.0,1.0,0.0,0.96592583,-0.25881905,-0.97492791,-0.22252093,0.53955279,3.52217904,0.53601416,3.66777547,0.54505071,4.5486302,2.36351706,0.54475638,0.53203732,0.55214217,0.61649677,0,low
2035-01-06T07:15:00Z,0.56450377,229.0,809.48467255,1646.22375253,5.0,29.0,509.0,1.0,0.0,0.94693013,-0.32143947,-0.97492791,-0.22252093,0.54314123,5.58825993,0.53847443,4.37548869,0.54429218,4.85100243,2.36351706,0.5119564,0.55015,0.53498047,0.62433655,1,medium
2035-01-06T07:30:00Z,0.54826709,231.0,813.13762972,1675.62252609,5.0,30.0,510.0,1.0,0.0,0.92387953,-0.38268343,-0.97492791,-0.22252093,0.54237091,6.49055934,0.5373565,4.16618577,0.5437044,4.81002235,3.33771754,0.56450377,0.55134836,0.56168229,0.64437727,0,low
2035-01-06T07:45:00Z,0.59704126,231.0,819.68030633,1688.37062847,5.0,31.0,511.0,1.0,0.0,0.89687274,-0.44228869,-0.97492791,-0.22252093,0.55544213,9.02149103,0.54150677,4.85278317,0.54486949,5.23071122,2.94219902,0.54826709,0.54475638,0.54723799,0.65653116,0,low
2035-01-06T08:00:00Z,0.57168957,233.0,801.41514216,1644.32433054,5.0,32.0,512.0,1.0,0.0,0.8660254,-0.5,-0.97492791,-0.22252093,0.57037542,8.57459403,0.54494185,5.02442936,0.54698391,5.00287121,2.49530203,0.59704126,0.5119564,0.53046861,0.66166537,0,low
2035-01-06T08:15:00Z,0.61009884,230.0,821.49657784,1701.69451613,5.0,33.0,513.0,1.0,0.0,0.83146961,-0.55557023,-0.97492791,-0.22252093,0.58177419,7.72630829,0.5513967,5.74917442,0.54835312,4.82401793,2.49530203,0.57168957,0.56450377,0.53264062,0.669663,0,low
2035-01-06T08:30:00Z,0.5977921,233.0,824.30895068,1670.41162667,5.0,34.0,514.0,1.0,0.0,0.79335334,-0.60876143,-0.97492791,-0.22252093,0.59415544,7.49051228,0.55882766,5.51491057,0.55014482,4.72261744,2.25950602,0.61009884,0.54826709,0.50862069,0.6810173,1,medium
2035-01-06T08:45:00Z,0.57123612,231.0,803.51769805,1689.8409085,5.0,35.0,515.0,1.0,0.0,0.75183981,-0.65934582,-0.97492791,-0.22252093,0.58770416,6.15742073,0.5625731,5.69262852,0.55176492,4.76380237,3.85286467,0.5977921,0.59704126,0.52629077,0.70028756,1,medium
2035-01-06T09:00:00Z,0.57247457,231.0,827.888966,1685.02713999,5.0,36.0,516.0,1.0,0.0,0.70710678,-0.70710678,-0.97492791,-0.22252093,0.5879004,4.71062596,0.56594287,5.60246635,0.55346148,4.7702204,2.33176313,0.57123612,0.57168957,0.53203732,0.70276472,0,low
2035-01-06T09:15:00Z,0.58838258,232.0,836.03059606,1663.43726576,5.0,37.0,517.0,1.0,0.0,0.65934582,-0.75183981,-0.97492791,-0.22252093,0.58247134,3.36055049,0.56912892,5.5583729,0.55601458,4.88281162,2.33176313,0.57247457,0.61009884,0.55015,0.69369675,1,medium
2035-01-06T09:30:00Z,0.61564541,230.0,794.89049077,1701.14311763,5.0,38.0,518.0,1.0,0.0,0.60876143,-0.79335334,-0.97492791,-0.22252093,0.58693467,4.25791584,0.57448701,6.07966249,0.5577745,4.69244982,1.59335865,0.58838258,0.5977921,0.55134836,0.66974362,0,low
2035-01-06T09:45:00Z,0.6092693,232.0,815.8821253,1716.59002377,5.0,39.0,519.0,1.0,0.0,0.55557023,-0.83146961,-0.97492791,-0.22252093,0.59644296,3.04712347,0.57986308,6.07534508,0.55961303,4.67358631,0.38256629,0.61564541,0.57123612,0.54475638,0.71675112,0,low
2035-01-06T10:00:00Z,0.59243334,231.0,813.92737214,1733.0436385,5.0,40.0,520.0,1.0,0.0,0.5,-0.8660254,-0.97492791,-0.22252093,0.60143266,3.98297422,0.58656949,5.75606474,0.56129183,4.71192011,1.39272381,0.6092693,0.57247457,0.5119564,0.65040171,0,low
2035-01-06T10:15:00Z,0.60134424,233.0,827.52642203,1694.46092891,5.0,41.0,521.0,1.0,0.0,0.44228869,-0.89687274,-0.97492791,-0.22252093,0.60467307,3.56314724,0.58963953,4.88333534,0.56405698,4.62941202,1.39272381,0.59243334,0.58838258,0.56450377,0.68945723,0,low
2035-01-06T10:30:00Z,0.57400252,230.0,818.46119323,1654.70591967,5.0,42.0,522.0,1.0,0.0,0.38268343,-0.92387953,-0.97492791,-0.22252093,0.59426235,3.56788062,0.59178415,5.10543625,0.56457033,4.63581101,3.03322701,0.60134424,0.61564541,0.54826709,0.63901651,0,low
2035-01-06T10:45:00Z,0.59601841,233.0,834.22162146,1702.74082092,5.0,43.0,523.0,1.0,0.0,0.32143947,-0.94693013,-0.97492791,-0.22252093,0.59094963,4.50626813,0.59169891,4.57027078,0.56660284,4.71152697,2.65066073,0.57400252,0.6092693,0.59704126,0.63829866,0,low
2035-01-06T11:00:00Z,0.54697412,234.0,783.21565282,1654.9363678,5.0,44.0,524.0,1.0,0.0,0.25881905,-0.96592583,-0.97492791,-0.22252093,0.57958482,6.43876812,0.58963929,5.04412277,0.56729057,5.03427607,4.58316072,0.59601841,0.59243334,0.57168957,0.6432178,0,low
2035-01-06T11:15:00Z,0.56761254,234.0,838.47367241,1708.96284769,5.0,45.0,525.0,1.0,0.0,0.19509032,-0.98078528,-0.97492791,-0.22252093,0.5711519,7.14241985,0.58609877,4.68870586,0.56874774,5.21894014,4.58316072,0.54697412,0.60134424,0.61009884,0.63504142,0,low
2035-01-06T11:30:00Z,0.49915044,232.0,778.54514019,1630.64601373,5.0,46.0,526.0,1.0,0.0,0.13052619,-0.99144486,-0.97492791,-0.22252093,0.55243888,9.60964301,0.57787863,5.81181316,0.56835314,5.66336187,7.05038389,0.56761254,0.57400252,0.5977921,0.60767313,0,low
2035-01-06T11:45:00Z,0.53195209,231.0,813.10599944,1681.69356161,5.0,47.0,527.0,1.0,0.0,0.06540313,-0.99785892,-0.97492791,-0.22252093,0.5364223,10.25678844,0.57460496,5.93672668,0.56858903,5.8146776,7.05038389,0.49915044,0.59601841,0.57123612,0.57430006,0,low
2035-01-06T12:00:00Z,0.53227443,231.0,814.26390177,1749.97135482,5.0,48.0,528.0,1.0,0.0,0.0,-1.0,-0.97492791,-0.22252093,0.53274737,7.33347104,0.57125495,5.91840446,0.56859891,5.7604354,4.10772637,0.53195209,0.54697412,0.57247457,0.56371906,0,low
2035-01-06T12:15:00Z,0.47554414,229.0,789.30944949,1635.43002754,5.0,49.0,529.0,1.0,0.0,-0.06540313,-0.99785892,-0.97492791,-0.22252093,0.50973027,9.49898286,0.56185175,6.73484998,0.56549033,6.14661144,7.51154352,0.53227443,0.56761254,0.58838258,0.56137121,0,low
2035-01-06T12:30:00Z,0.49465277,232.0,811.45101602,1651.7312802,5.0,50.0,530.0,1.0,0.0,-0.13052619,-0.99144486,-0.97492791,-0.22252093,0.50860586,6.53777431,0.55176903,6.57176598,0.56312802,6.32571423,3.40381716,0.47554414,0.49915044,0.61564541,0.53043885,0,low
2035-01-06T12:45:00Z,0.48206858,233.0,824.28821006,1733.06615774,5.0,51.0,531.0,1.0,0.0,-0.19509032,-0.98078528,-0.97492791,-0.22252093,0.49613498,5.32472649,0.54116897,6.69592769,0.56051603,6.38563638,4.15886856,0.49465277,0.53195209,0.6092693,0.5185817,0,low
2035-01-06T13:00:00Z,0.47796185,230.0,824.70930927,1714.03532528,5.0,52.0,532.0,1.0,0.0,-0.25881905,-0.96592583,-0.97492791,-0.22252093,0.48255684,5.55179,0.53162968,6.44134305,0.55909959,6.0987039,4.40527218,0.48206858,0.53227443,0.59243334,0.57240765,0,low
2035-01-06T13:15:00Z,0.46429119,234.0,821.19217406,1697.03812721,5.0,53.0,533.0,1.0,0.0,-0.32143947,-0.94693013,-0.97492791,-0.22252093,0.4797436,2.9682126,0.52020859,6.53653844,0.55492406,5.70993689,1.82169478,0.47796185,0.47554414,0.60134424,0.55096999,0,low
2035-01-06T13:30:00Z,0.50821095,234.0,804.36758776,1687.31126212,5.0,54.0,534.0,1.0,0.0,-0.38268343,-0.92387953,-0.97492791,-0.22252093,0.48313314,4.45688034,0.51472596,6.86809922,0.55325506,5.98676773,1.82169478,0.46429119,0.49465277,0.57400252,0.57004561,0,low
2035-01-06T13:45:00Z,0.512498,232.0,818.55862379,1712.74450573,5.0,55.0,535.0,1.0,0.0,-0.44228869,-0.89687274,-0.97492791,-0.22252093,0.4907405,3.95905221,0.50776592,6.51352238,0.54973242,5.54189658,1.06664338,0.50821095,0.48206858,0.59601841,0.54150907,0,low
2035-01-06T14:00:00Z,0.51938093,233.0,827.66310073,1671.08279276,5.0,56.0,536.0,1.0,0.0,-0.5,-0.8660254,-0.97492791,-0.22252093,0.50109527,4.12562443,0.50546649,5.67029516,0.54755289,5.35720896,0.82023976,0.512498,0.47796185,0.54697412,0.56061199,0,low
2035-01-06T14:15:00Z,0.507993,231.0,829.55924845,1702.3936089,5.0,57.0,537.0,1.0,0.0,-0.55557023,-0.83146961,-0.97492791,-0.22252093,0.51202072,3.98866086,0.5004982,5.48528544,0.54329848,5.08699565,0.68327618,0.51938093,0.46429119,0.56761254,0.61185925,0,low
2035-01-06T14:30:00Z,0.52872446,230.0,823.27071195,1699.00885675,5.0,58.0,538.0,1.0,0.0,-0.60876143,-0.79335334,-0.97492791,-0.22252093,0.5171491,2.59736304,0.5029627,4.53067256,0.54042067,5.17124286,0.68327618,0.507993,0.50821095,0.49915044,0.62600195,1,medium
2035-01-06T14:45:00Z,0.54808717,232.0,832.4832417,1664.90057779,5.0,59.0,539.0,1.0,0.0,-0.65934582,-0.75183981,-0.97492791,-0.22252093,0.52604639,3.50190255,0.50430729,4.26189375,0.53945613,5.09931022,0.68327618,0.52872446,0.512498,0.53195209,0.6266134,1,medium
2035-01-06T15:00:00Z,0.5809578,233.0,805.1062736,1705.34637277,5.0,60.0,540.0,1.0,0.0,-0.70710678,-0.70710678,-0.97492791,-0.22252093,0.54144061,5.06116411,0.50836424,4.91285951,0.53980959,5.41563199,0.68327618,0.54808717,0.51938093,0.53227443,0.61676345,1,medium
2035-01-06T15:15:00Z,0.55543659,230.0,795.51078298,1727.7677167,5.0,61.0,541.0,1.0,0.0,-0.75183981,-0.65934582,-0.97492791,-0.22252093,0.55330151,5.90916033,0.51502194,4.28867793,0.53843684,5.51176396,1.5312724,0.5809578,0.507993,0.47554414,0.6368572,1,medium
2035-01-06T15:30:00Z,0.61695512,231.0,796.59893195,1674.35534207,5.0,62.0,542.0,1.0,0.0,-0.79335334,-0.60876143,-0.97492791,-0.22252093,0.57535917,8.35638428,0.5252138,5.13687589,0.53849142,5.85432093,1.5312724,0.55543659,0.52872446,0.49465277,0.67228853,1,medium
2035-01-06T15:45:00Z,0.62885332,232.0,823.27130747,1687.86037198,5.0,63.0,543.0,1.0,0.0,-0.83146961,-0.55557023,-0.97492791,-0.22252093,0.59555071,7.90851358,0.53744587,5.12315611,0.53930742,5.9095419,1.5312724,0.61695512,0.54808717,0.48206858,0.75524897,1,medium
2035-01-06T16:00:00Z,0.69015108,234.0,785.30940537,1609.14654055,5.0,64.0,544.0,1.0,0.0,-0.8660254,-0.5,-0.97492791,-0.22252093,0.62284903,9.61414185,0.5551283,6.2669768,0.54337899,6.35415993,1.5312724,0.62885332,0.5809578,0.47796185,0.74587144,1,medium
2035-01-06T16:15:00Z,0.70515669,231.0,823.46723463,1739.49152257,5.0,65.0,545.0,1.0,0.0,-0.89687274,-0.44228869,-0.97492791,-0.22252093,0.66027905,8.98320601,0.57520043,6.29367573,0.54770451,6.41510708,0.0,0.69015108,0.55543659,0.46429119,0.80703207,1,medium
2035-01-06T16:30:00Z,0.69569615,232.0,830.61082046,1724.99873695,5.0,66.0,546.0,1.0,0.0,-0.92387953,-0.38268343,-0.97492791,-0.22252093,0.67996431,5.85972648,0.59082419,5.60449127,0.55277508,6.23629524,0.56763217,0.70515669,0.61695512,0.50821095,0.80800993,1,medium
2035-01-06T16:45:00Z,0.69968492,230.0,829.0635096,1683.24808409,5.0,67.0,547.0,1.0,0.0,-0.94693013,-0.32143947,-0.97492791,-0.22252093,0.69767221,5.38516054,0.6064231,5.59852555,0.55709451,6.05602397,0.56763217,0.69569615,0.62885332,0.512498,0.82101194,1,medium
2035-01-06T17:00:00Z,0.70766679,231.0,819.43694302,1743.24070839,5.0,68.0,548.0,1.0,0.0,-0.96592583,-0.25881905,-0.97492791,-0.22252093,0.70205114,2.1862067,0.62211359,5.62050422,0.56379004,5.64539969,0.56763217,0.69968492,0.69015108,0.51938093,0.86266908,1,medium
2035-01-06T17:15:00Z,0.77644042,233.0,792.39005964,1655.13382963,5.0,69.0,549.0,1.0,0.0,-0.98078528,-0.19509032,-0.97492791,-0.22252093,0.71987207,5.41228837,0.64448421,6.76821823,0.5724912,6.12675184,0.56763217,0.70766679,0.70515669,0.507993,0.86070822,1,medium
2035-01-06T17:30:00Z,0.78117691,231.0,843.09136355,1708.58348108,5.0,70.0,550.0,1.0,0.0,-0.99144486,-0.13052619,-0.97492791,-0.22252093,0.74124226,5.12884555,0.66552191,6.44831877,0.58424231,5.48949567,0.0,0.77644042,0.69569615,0.52872446,0.85266254,1,medium
2035-01-06T17:45:00Z,0.72798225,233.0,806.64771594,1645.07448472,5.0,71.0,551.0,1.0,0.0,-0.99785892,-0.06540313,-0.97492791,-0.22252093,0.74831659,8.08119909,0.68051317,7.12495774,0.59241023,5.69342574,3.19167968,0.78117691,0.69968492,0.54808717,0.84670589,1,medium
2035-01-06T18:00:00Z,0.792814,232.0,787.25351344,1619.03897502,5.0,72.0,552.0,1.0,0.0,-1.0,-0.0,-0.97492791,-0.22252093,0.7696034,11.49219215,0.69816785,7.76418023,0.60326605,6.33851987,3.19167968,0.72798225,0.70766679,0.5809578,0.84560415,1,medium
2035-01-06T18:15:00Z,0.78161946,232.0,827.73415602,1670.93878048,5.0,73.0,553.0,1.0,0.0,-0.99785892,0.06540313,-0.97492791,-0.22252093,0.77089816,8.03744626,0.71701643,7.47764688,0.61601918,5.8831624,3.863352,0.792814,0.77644042,0.55543659,0.85417603,1,medium
2035-01-06T18:30:00Z,0.77678193,233.0,847.93869675,1740.96462742,5.0,74.0,554.0,1.0,0.0,-0.99144486,0.13052619,-0.97492791,-0.22252093,0.76979941,8.04350862,0.73033533,6.34402689,0.62777457,5.74045139,4.15360372,0.78161946,0.78117691,0.61695512,0.82107284,1,medium
2035-01-06T18:45:00Z,0.72245348,234.0,814.33395653,1613.86674865,5.0,75.0,555.0,1.0,0.0,-0.98078528,0.19509032,-0.97492791,-0.22252093,0.76841722,8.11153595,0.73813534,7.19263186,0.6377906,6.15789399,4.22163105,0.77678193,0.72798225,0.62885332,0.8453767,1,medium
2035-01-06T19:00:00Z,0.75584869,229.0,793.46874066,1633.13884998,5.0,76.0,556.0,1.0,0.0,-0.96592583,0.25881905,-0.97492791,-0.22252093,0.75917589,6.2253436,0.74361014,6.63458082,0.64936922,6.45077881,4.22163105,0.72245348,0.792814,0.69015108,0.81763796,1,medium
2035-01-06T19:15:00Z,0.7293794,232.0,815.61651065,1651.25560702,5.0,77.0,557.0,1.0,0.0,-0.94693013,0.32143947,-0.97492791,-0.22252093,0.74611588,7.14182877,0.7456287,6.86385447,0.66041456,6.5787651,5.13811622,0.75584869,0.78161946,0.70515669,0.82563595,1,medium
2035-01-06T19:30:00Z,0.67053099,234.0,771.1389751,1597.77782208,5.0,78.0,558.0,1.0,0.0,-0.92387953,0.38268343,-0.97492791,-0.22252093,0.71955314,10.38248174,0.74353161,7.85161197,0.6671779,6.72805162,8.37876918,0.7293794,0.77678193,0.69569615,0.75772925,1,medium
2035-01-06T19:45:00Z,0.68967686,231.0,822.99334159,1726.7066573,5.0,79.0,559.0,1.0,0.0,-0.89687274,0.44228869,-0.97492791,-0.22252093,0.71135898,8.27152673,0.7426976,8.15475392,0.67456035,6.87663974,5.11906217,0.67053099,0.72245348,0.69968492,0.75080817,0,low
2035-01-06T20:00:00Z,0.65883296,230.0,823.94708291,1701.97439248,5.0,80.0,560.0,1.0,0.0,-0.8660254,0.5,-0.97492791,-0.22252093,0.68710505,8.11844778,0.73862811,8.61199451,0.68037085,7.11624937,6.96969578,0.68967686,0.75584869,0.70766679,0.73277816,1,medium
2035-01-06T20:15:00Z,0.61664517,232.0,813.88768457,1701.67046201,5.0,81.0,561.0,1.0,0.0,-0.83146961,0.55557023,-0.97492791,-0.22252093,0.65892149,9.0615578,0.72531184,8.08027761,0.68489803,7.42424792,7.9128058,0.65883296,0.7293794,0.77644042,0.73036948,1,medium
2035-01-06T20:30:00Z,0.62795689,234.0,813.06537281,1715.00951926,5.0,82.0,562.0,1.0,0.0,-0.79335334,0.60876143,-0.97492791,-0.22252093,0.64827797,6.2093562,0.71254351,8.21178219,0.68903271,7.33005048,4.38190112,0.61664517,0.67053099,0.78117691,0.72433391,1,medium
2035-01-06T20:45:00Z,0.59355525,231.0,806.15563435,1659.60705743,5.0,83.0,563.0,1.0,0.0,-0.75183981,0.65934582,-0.97492791,-0.22252093,0.62424757,7.1247027,0.70134126,7.83592179,0.69092721,7.48043976,6.44599962,0.62795689,0.68967686,0.72798225,0.6744172,0,low
2035-01-06T21:00:00Z,0.62958512,230.0,801.49125454,1700.32526049,5.0,84.0,564.0,1.0,0.0,-0.70710678,0.70710678,-0.97492791,-0.22252093,0.61693561,7.43586149,0.68773885,7.25988429,0.69295335,7.51203226,4.59536601,0.59355525,0.65883296,0.792814,0.69046114,0,low
2035-01-06T21:15:00Z,0.61028739,231.0,809.03638406,1687.68929205,5.0,85.0,565.0,1.0,0.0,-0.65934582,0.75183981,-0.97492791,-0.22252093,0.61534616,6.06245759,0.67346118,7.42194805,0.6952388,7.44979747,3.22196211,0.62958512,0.61664517,0.78161946,0.66616239,0,low
2035-01-06T21:30:00Z,0.60346,233.0,838.56757796,1710.88256466,5.0,86.0,566.0,1.0,0.0,-0.60876143,0.79335334,-0.97492791,-0.22252093,0.60922194,5.79339822,0.65901768,7.46174539,0.69467651,6.90288614,3.63160583,0.61028739,0.62795689,0.77678193,0.67608811,0,low
2035-01-06T21:45:00Z,0.57022447,232.0,812.16578232,1699.67299187,5.0,87.0,567.0,1.0,0.0,-0.55557023,0.83146961,-0.97492791,-0.22252093,0.60338925,5.7234312,0.64633193,7.03988688,0.69223364,7.11625937,3.5616388,0.60346,0.59355525,0.72245348,0.65772977,0,low
2035-01-06T22:00:00Z,0.59595625,234.0,796.78345352,1651.3764484,5.0,88.0,568.0,1.0,0.0,-0.5,0.8660254,-0.97492791,-0.22252093,0.59498203,5.10554557,0.63300756,6.88661828,0.68830885,6.76059955,3.5616388,0.57022447,0.62958512,0.75584869,0.63196399,0,low
2035-01-06T22:15:00Z,0.56177255,231.0,791.51813751,1680.88322861,5.0,89.0,569.0,1.0,0.0,-0.44228869,0.89687274,-0.97492791,-0.22252093,0.58285332,5.99870439,0.61904033,7.04090659,0.68233451,6.95238053,4.45479762,0.59595625,0.61028739,0.7293794,0.61096599,0,low
2035-01-06T22:30:00Z,0.5412944,233.0,821.46853171,1669.11106575,5.0,90.0,570.0,1.0,0.0,-0.38268343,0.92387953,-0.97492791,-0.22252093,0.56731192,6.81774966,0.60827061,6.27350136,0.67590111,7.06255667,5.27384289,0.56177255,0.60346,0.67053099,0.64212755,0,low
2035-01-06T22:45:00Z,0.56270075,231.0,835.17821683,1685.16897911,5.0,91.0,571.0,1.0,0.0,-0.32143947,0.94693013,-0.97492791,-0.22252093,0.56543099,6.10799954,0.59768927,6.31871115,0.67019343,7.23673254,3.27971142,0.5412944,0.57022447,0.68967686,0.63800307,0,low
2035-01-06T23:00:00Z,0.57466068,229.0,805.19340586,1689.87879473,5.0,92.0,572.0,1.0,0.0,-0.25881905,0.96592583,-0.97492791,-0.22252093,0.56010709,5.28168872,0.59067491,5.94103193,0.66465151,7.27651322,3.27971142,0.56270075,0.59595625,0.65883296,0.65031056,0,low
2035-01-06T23:15:00Z,0.56613921,234.0,820.9577087,1751.71295448,5.0,93.0,573.0,1.0,0.0,-0.19509032,0.98078528,-0.97492791,-0.22252093,0.56119876,3.74195474,0.58646608,5.26770557,0.65588896,6.67399159,1.73997744,0.57466068,0.56177255,0.61664517,0.64280133,0,low
2035-01-06T23:30:00Z,0.5842734,231.0,825.92704291,1678.94937292,5.0,94.0,574.0,1.0,0.0,-0.13052619,0.99144486,-0.97492791,-0.22252093,0.57194351,3.60131741,0.58282579,5.4041551,0.64768465,6.80796864,0.51128845,0.56613921,0.5412944,0.62795689,0.64751695,0,low
2035-01-06T23:45:00Z,0.52411518,230.0,769.4902768,1603.07110942,5.0,95.0,575.0,1.0,0.0,-0.06540313,0.99785892,-0.97492791,-0.22252093,0.56229712,5.92642967,0.57703912,5.9192868,0.63919019,6.8776043,4.12078207,0.5842734,0.56270075,0.59355525,0.59504733,0,low
2035-01-07T00:00:00Z,0.53901559,230.0,804.63955691,1744.06929058,6.0,0.0,576.0,1.0,0.0,0.0,1.0,-0.78183148,0.6234898,0.55338585,6.10285835,0.56949166,5.49669755,0.62861525,6.37829092,4.12078207,0.52411518,0.57466068,0.62958512,0.5451936,0,low
2035-01-07T00:15:00Z,0.53454441,230.0,828.95488578,1696.99162292,6.0,1.0,577.0,1.0,0.0,0.06540313,0.99785892,-0.78183148,0.6234898,0.54548715,5.8598404,0.56317974,5.20016651,0.61832046,6.31105728,3.87776412,0.53901559,0.56613921,0.61028739,0.57521154,0,low
2035-01-07T00:30:00Z,0.58404893,232.0,810.28034957,1614.63532569,6.0,2.0,578.0,1.0,0.0,0.13052619,0.99144486,-0.78183148,0.6234898,0.54543103,7.74205978,0.56156215,6.05370895,0.61028992,6.75772717,3.87776412,0.53454441,0.5842734,0.60346,0.54760098,0,low
2035-01-07T00:45:00Z,0.53437664,230.0,784.1792736,1687.41996563,6.0,3.0,579.0,1.0,0.0,0.19509032,0.98078528,-0.78183148,0.6234898,0.54799639,7.11290343,0.55857483,6.38244421,0.60245338,6.71116555,3.24860778,0.58404893,0.52411518,0.57022447,0.53878927,0,low
2035-01-07T01:00:00Z,0.5633973,234.0,831.86880273,1654.60385809,6.0,4.0,580.0,1.0,0.0,0.25881905,0.96592583,-0.78183148,0.6234898,0.55409182,7.96011842,0.55586159,6.44822183,0.59443458,6.66742006,3.24860778,0.53437664,0.53901559,0.59595625,0.56039836,0,low
2035-01-07T01:15:00Z,0.57175259,230.0,820.29860019,1712.48188385,6.0,5.0,581.0,1.0,0.0,0.32143947,0.94693013,-0.78183148,0.6234898,0.56339387,8.1931652,0.55669326,5.93165345,0.58786679,6.48628002,2.98033727,0.5633973,0.53454441,0.56177255,0.5827085,0,low
2035-01-07T01:30:00Z,0.54464144,232.0,792.42127737,1650.84380122,6.0,6.0,582.0,1.0,0.0,0.38268343,0.92387953,-0.78183148,0.6234898,0.55354199,6.84956349,0.55697218,6.06431356,0.58262139,6.16890746,4.60700658,0.57175259,0.58404893,0.5412944,0.56237382,0,low
2035-01-07T01:45:00Z,0.55115306,232.0,833.60571773,1702.78049724,6.0,7.0,583.0,1.0,0.0,0.44228869,0.89687274,-0.78183148,0.6234898,0.5577361,4.25992374,0.55600987,5.76641895,0.57684957,6.04256505,1.62666931,0.54464144,0.53437664,0.56270075,0.5690791,0,low
2035-01-07T02:00:00Z,0.53284136,231.0,821.53482414,1740.24760392,6.0,8.0,584.0,1.0,0.0,0.5,0.8660254,-0.78183148,0.6234898,0.55009711,3.61738602,0.55252493,5.89345427,0.57159992,5.9172431,2.72537121,0.55115306,0.5633973,0.57466068,0.52094341,0,low
2035-01-07T02:15:00Z,0.55356229,232.0,821.92680952,1657.59926877,6.0,9.0,585.0,1.0,0.0,0.55557023,0.83146961,-0.78183148,0.6234898,0.54554954,4.35932464,0.55147685,6.13744341,0.56897147,5.70257449,2.72537121,0.53284136,0.57175259,0.56613921,0.577238,0,low
2035-01-07T02:30:00Z,0.57246891,234.0,821.60095928,1736.2364932,6.0,10.0,586.0,1.0,0.0,0.60876143,0.79335334,-0.78183148,0.6234898,0.55250641,3.86705203,0.55049314,6.15289176,0.56665947,5.77852343,1.0987019,0.55356229,0.54464144,0.5842734,0.55479121,0,low
2035-01-07T02:45:00Z,0.5538679,230.0,826.29006302,1683.60922458,6.0,11.0,587.0,1.0,0.0,0.65934582,0.75183981,-0.78183148,0.6234898,0.55318512,4.59241464,0.55297254,5.32174727,0.56500583,5.62051704,2.21476204,0.57246891,0.55115306,0.52411518,0.53235373,0,low
2035-01-07T03:00:00Z,0.54017484,231.0,803.36653041,1744.73403057,6.0,12.0,588.0,1.0,0.0,0.70710678,0.70710678,-0.78183148,0.6234898,0.55501849,4.3152967,0.55306914,5.29760038,0.5612804,5.39714896,1.9376441,0.5538679,0.53284136,0.53901559,0.53175708,0,low
2035-01-07T03:15:00Z,0.51697229,230.0,807.90729586,1719.14805868,6.0,13.0,589.0,1.0,0.0,0.75183981,0.65934582,-0.78183148,0.6234898,0.54587098,4.46419367,0.5516048,5.67222784,0.55739227,5.43619717,3.32979697,0.54017484,0.55356229,0.53454441,0.5271082,0,low
2035-01-07T03:30:00Z,0.51784873,232.0,831.81641743,1685.91926022,6.0,14.0,590.0,1.0,0.0,0.79335334,0.60876143,-0.78183148,0.6234898,0.53221594,3.38238344,0.54608811,4.69966632,0.55382513,5.37668763,3.32979697,0.51697229,0.57246891,0.58404893,0.57340721,0,low
2035-01-07T03:45:00Z,0.56959348,232.0,778.00826397,1616.163923,6.0,15.0,591.0,1.0,0.0,0.83146961,0.55557023,-0.78183148,0.6234898,0.53614734,5.37100841,0.54902285,4.74111559,0.55379884,5.5617799,2.21373683,0.51784873,0.5538679,0.53437664,0.56514475,0,low
2035-01-07T04:00:00Z,0.53645991,229.0,819.97883925,1692.50388042,6.0,16.0,592.0,1.0,0.0,0.8660254,0.5,-0.78183148,0.6234898,0.5352186,6.53743879,0.54677807,4.82337384,0.55131983,5.63579783,3.38016721,0.56959348,0.54017484,0.5633973,0.55214217,0,low
2035-01-07T04:15:00Z,0.52774995,231.0,833.62485805,1691.80199225,6.0,17.0,593.0,1.0,0.0,0.89687274,0.44228869,-0.78183148,0.6234898,0.53791302,5.66788342,0.54311118,4.83046724,0.54990222,5.38106034,2.51061184,0.53645991,0.51697229,0.57175259,0.53498047,0,low
2035-01-07T04:30:00Z,0.56363683,229.0,798.39701456,1657.91562474,6.0,18.0,594.0,1.0,0.0,0.92387953,0.38268343,-0.78183148,0.6234898,0.54936004,7.76850946,0.54469413,5.00598164,0.55083315,5.5351476,2.51061184,0.52774995,0.51784873,0.54464144,0.56168229,0,low
2035-01-07T04:45:00Z,0.55533818,233.0,819.30729314,1687.81521174,6.0,19.0,595.0,1.0,0.0,0.94693013,0.32143947,-0.78183148,0.6234898,0.54579622,5.1617435,0.54504289,5.04172218,0.55052638,5.40407056,3.00853097,0.56363683,0.56959348,0.55115306,0.54723799,0,low
2035-01-07T05:00:00Z,0.52204433,232.0,805.82647608,1700.11025064,6.0,20.0,596.0,1.0,0.0,0.96592583,0.25881905,-0.78183148,0.6234898,0.54219232,5.17135966,0.54414314,5.34136505,0.54833403,5.61740966,3.01814713,0.55533818,0.53645991,0.53284136,0.53046861,0,low
2035-01-07T05:15:00Z,0.53058742,233.0,829.80738084,1750.46615699,6.0,21.0,597.0,1.0,0.0,0.98078528,0.19509032,-0.78183148,0.6234898,0.54290169,5.16134735,0.54222856,5.09780814,0.54685271,5.61762578,2.49554964,0.52204433,0.52774995,0.55356229,0.53264062,0,low
2035-01-07T05:30:00Z,0.51150861,232.0,828.07152748,1700.49581247,6.0,22.0,598.0,1.0,0.0,0.99144486,0.13052619,-0.78183148,0.6234898,0.52986963,4.15286358,0.53714854,5.10125216,0.54382084,5.62707196,3.64027839,0.53058742,0.56363683,0.57246891,0.50862069,0,low
2035-01-07T05:45:00Z,0.54413806,234.0,788.64913929,1648.42708542,6.0,23.0,599.0,1.0,0.0,0.99785892,0.06540313,-0.78183148,0.6234898,0.52706961,5.61271173,0.53633772,5.38182121,0.54465513,5.35178424,3.14235926,0.51150861,0.55533818,0.5538679,0.52629077,0,low
2035-01-07T06:00:00Z,0.53221091,230.0,844.39724622,1731.73995377,6.0,24.0,600.0,1.0,0.0,1.0,0.0,-0.78183148,0.6234898,0.52961125,4.33071035,0.53567406,5.34650293,0.5443716,5.32205166,1.86035788,0.54413806,0.52204433,0.54017484,0.53203732,0,low
2035-01-07T06:15:00Z,0.50752439,234.0,826.08632367,1678.13611497,6.0,25.0,601.0,1.0,0.0,0.99785892,-0.06540313,-0.78183148,0.6234898,0.52384549,5.29931657,0.53488673,5.37618245,0.54324576,5.52420514,3.34154929,0.53221091,0.53058742,0.51697229,0.55015,0,low
2035-01-07T06:30:00Z,0.50088127,232.0,806.57656496,1703.46788553,6.0,26.0,602.0,1.0,0.0,0.99144486,-0.13052619,-0.78183148,0.6234898,0.52118866,4.55317465,0.53347278,5.4915159,0.53978045,5.09559111,2.59540737,0.50752439,0.51150861,0.51784873,0.55134836,0,low
2035-01-07T06:45:00Z,0.51174887,234.0,838.409837,1724.44389348,6.0,27.0,603.0,1.0,0.0,0.98078528,-0.19509032,-0.78183148,0.6234898,0.51309136,3.24746322,0.52865239,4.67397281,0.53883762,4.7075442,2.59540737,0.50088127,0.54413806,0.56959348,0.54475638,0,low
2035-01-07T07:00:00Z,0.56981576,234.0,794.7413375,1648.47530188,6.0,28.0,604.0,1.0,0.0,0.96592583,-0.25881905,-0.78183148,0.6234898,0.52249257,6.01584729,0.53143205,5.1726391,0.53910506,4.99800647,1.87977825,0.51174887,0.53221091,0.53645991,0.5119564,0,low
2035-01-07T07:15:00Z,0.58311821,232.0,818.40223669,1740.08313568,6.0,29.0,605.0,1.0,0.0,0.94693013,-0.32143947,-0.78183148,0.6234898,0.54139103,5.33280326,0.53604607,5.26448906,0.53957863,5.04747815,0.39858684,0.56981576,0.50752439,0.52774995,0.56450377,1,medium
2035-01-07T07:30:00Z,0.54896496,230.0,825.62174527,1667.68342385,6.0,30.0,606.0,1.0,0.0,0.92387953,-0.38268343,-0.78183148,0.6234898,0.55341195,6.9834115,0.53482341,5.22981658,0.53975877,5.11789911,2.04919508,0.58311821,0.50088127,0.56363683,0.54826709,0,low
2035-01-07T07:45:00Z,0.59871096,232.0,775.2208838,1617.95605844,6.0,31.0,607.0,1.0,0.0,0.89687274,-0.44228869,-0.78183148,0.6234898,0.57515247,9.31611527,0.53843781,6.0587634,0.54174035,5.55024279,2.04919508,0.54896496,0.51174887,0.55533818,0.59704126,1,medium
2035-01-07T08:00:00Z,0.56822861,232.0,819.62824198,1689.70557659,6.0,32.0,608.0,1.0,0.0,0.8660254,-0.5,-0.78183148,0.6234898,0.57475569,7.66104248,0.5422865,6.00253337,0.54321482,5.67194921,3.87813549,0.59871096,0.56981576,0.52204433,0.57168957,1,medium
2035-01-07T08:15:00Z,0.60534724,229.0,812.07008753,1679.8961252,6.0,33.0,609.0,1.0,0.0,0.83146961,-0.55557023,-0.78183148,0.6234898,0.58031294,9.09001254,0.54851649,6.57404412,0.54537253,5.83592613,3.87813549,0.56822861,0.58311821,0.53058742,0.61009884,0,low
2035-01-07T08:30:00Z,0.56531576,231.0,801.34172813,1662.5010492,6.0,34.0,610.0,1.0,0.0,0.79335334,-0.60876143,-0.78183148,0.6234898,0.58440064,9.44270637,0.55300042,6.99309751,0.54507448,6.04717483,4.23082932,0.60534724,0.54896496,0.51150861,0.5977921,1,medium
2035-01-07T08:45:00Z,0.60943818,230.0,799.57256301,1665.87072648,6.0,35.0,611.0,1.0,0.0,0.75183981,-0.65934582,-0.78183148,0.6234898,0.58708245,9.10529197,0.55844209,7.22295682,0.54738991,6.30238901,4.23082932,0.56531576,0.59871096,0.54413806,0.57123612,1,medium
2035-01-07T09:00:00Z,0.60698706,233.0,825.35102237,1761.80336151,6.0,36.0,612.0,1.0,0.0,0.70710678,-0.70710678,-0.78183148,0.6234898,0.59677206,7.42341854,0.56467344,7.0334361,0.55017375,6.18996952,2.54895588,0.60943818,0.56822861,0.53221091,0.57247457,0,low
2035-01-07T09:15:00Z,0.57256289,233.0,815.9603544,1644.46795917,6.0,37.0,613.0,1.0,0.0,0.65934582,-0.75183981,-0.78183148,0.6234898,0.58857597,7.26175145,0.57009331,7.22818908,0.55249002,6.30218576,4.61440623,0.60698706,0.60534724,0.50752439,0.58838258,1,medium
2035-01-07T09:30:00Z,0.62664538,231.0,805.90587972,1682.34173893,6.0,38.0,614.0,1.0,0.0,0.60876143,-0.79335334,-0.78183148,0.6234898,0.60390838,8.10481174,0.58057366,8.17697654,0.55702322,6.83424622,2.21251732,0.57256289,0.56531576,0.50088127,0.61564541,0,low
2035-01-07T09:45:00Z,0.63194168,232.0,824.94316153,1734.15834075,6.0,39.0,615.0,1.0,0.0,0.55557023,-0.83146961,-0.78183148,0.6234898,0.60953425,5.77524459,0.59058972,8.06555061,0.55962106,6.36976171,2.21251732,0.62664538,0.60943818,0.51174887,0.6092693,0,low
2035-01-07T10:00:00Z,0.58223419,234.0,815.50710138,1640.36409284,6.0,40.0,616.0,1.0,0.0,0.5,-0.8660254,-0.78183148,0.6234898,0.60334603,8.6106267,0.59162459,7.89836257,0.56152832,6.53550084,5.04789943,0.63194168,0.60698706,0.56981576,0.59243334,0,low
2035-01-07T10:15:00Z,0.6000072,229.0,818.27825639,1660.27028408,6.0,41.0,617.0,1.0,0.0,0.44228869,-0.89687274,-0.78183148,0.6234898,0.61020711,7.61155699,0.59303201,7.98777366,0.56453904,6.62613136,2.98244908,0.58223419,0.57256289,0.58311821,0.60134424,0,low
2035-01-07T10:30:00Z,0.5451458,230.0,806.90359232,1677.28323882,6.0,42.0,618.0,1.0,0.0,0.38268343,-0.92387953,-0.78183148,0.6234898,0.58983222,7.65829199,0.59271374,8.4019367,0.56376858,6.81587664,6.27413329,0.6000072,0.62664538,0.54896496,0.57400252,0,low
2035-01-07T10:45:00Z,0.55357035,232.0,848.62715173,1712.21614633,6.0,43.0,619.0,1.0,0.0,0.32143947,-0.94693013,-0.78183148,0.6234898,0.57023939,7.84598698,0.58895203,7.57550785,0.56369492,6.81713563,6.27413329,0.5451458,0.63194168,0.59871096,0.59601841,0,low
2035-01-07T11:00:00Z,0.54618812,231.0,849.43572106,1715.64969653,6.0,44.0,620.0,1.0,0.0,0.25881905,-0.96592583,-0.78183148,0.6234898,0.56122787,5.30647183,0.58711532,7.11350569,0.56470091,6.55801953,3.73461813,0.55357035,0.58223419,0.56822861,0.54697412,0,low
2035-01-07T11:15:00Z,0.56085616,231.0,820.27869521,1662.60569233,6.0,45.0,621.0,1.0,0.0,0.19509032,-0.98078528,-0.78183148,0.6234898,0.55144011,5.12017395,0.58340773,6.66449413,0.56596211,6.61926913,3.73461813,0.54618812,0.6000072,0.60534724,0.56761254,0,low
2035-01-07T11:30:00Z,0.500603,231.0,784.32732743,1624.68606674,6.0,46.0,622.0,1.0,0.0,0.13052619,-0.99144486,-0.78183148,0.6234898,0.54030441,5.4436796,0.578015,7.06892778,0.56550771,7.03101264,4.05812378,0.56085616,0.5451458,0.56531576,0.49915044,0,low
2035-01-07T11:45:00Z,0.52378217,232.0,836.59051824,1727.01616008,6.0,47.0,623.0,1.0,0.0,0.06540313,-0.99785892,-0.78183148,0.6234898,0.53285736,6.32895647,0.570877,6.65006268,0.56465955,6.93650975,4.05812378,0.500603,0.55357035,0.60943818,0.53195209,0,low
2035-01-07T12:00:00Z,0.5021418,232.0,803.98922273,1736.144283,6.0,48.0,624.0,1.0,0.0,0.0,-1.0,-0.78183148,0.6234898,0.52184578,7.18444473,0.56213989,7.03384775,0.56340667,7.03364193,4.91361204,0.52378217,0.54618812,0.60698706,0.53227443,0,low
2035-01-07T12:15:00Z,0.50534869,232.0,844.76728034,1699.21103407,6.0,49.0,625.0,1.0,0.0,-0.06540313,-0.99785892,-0.78183148,0.6234898,0.50796891,6.49677545,0.55653871,6.40950213,0.56331601,6.81884561,4.91361204,0.5021418,0.56085616,0.57256289,0.47554414,0,low
2035-01-07T12:30:00Z,0.48442629,233.0,811.40376481,1696.230961,6.0,50.0,626.0,1.0,0.0,-0.13052619,-0.99144486,-0.78183148,0.6234898,0.50392473,4.13692953,0.54468712,5.74630037,0.56263039,6.96163846,2.55376612,0.50534869,0.500603,0.62664538,0.49465277,0,low
2035-01-07T12:45:00Z,0.47985524,229.0,844.38031468,1716.91985642,6.0,51.0,627.0,1.0,0.0,-0.19509032,-0.98078528,-0.78183148,0.6234898,0.492943,3.02044262,0.53201325,5.73179536,0.56130149,6.89867298,2.82802914,0.48442629,0.52378217,0.63194168,0.48206858,0,low
2035-01-07T13:00:00Z,0.46168909,232.0,806.44962808,1699.27624411,6.0,52.0,628.0,1.0,0.0,-0.25881905,-0.96592583,-0.78183148,0.6234898,0.48282982,2.81198956,0.52196782,5.1009687,0.55679621,6.49966564,2.61957608,0.47985524,0.5021418,0.58223419,0.47796185,0,low
2035-01-07T13:15:00Z,0.48279856,229.0,794.91593092,1673.95246299,6.0,53.0,629.0,1.0,0.0,-0.32143947,-0.94693013,-0.78183148,0.6234898,0.47719229,3.88614428,0.51220044,5.16769789,0.55261622,6.57773578,2.61957608,0.46168909,0.50534869,0.6000072,0.46429119,0,low
2035-01-07T13:30:00Z,0.50553463,230.0,811.85579149,1672.07244178,6.0,54.0,630.0,1.0,0.0,-0.38268343,-0.92387953,-0.78183148,0.6234898,0.48246938,3.99496499,0.50889951,4.52519137,0.55080663,6.46356404,1.36423214,0.48279856,0.48442629,0.5451458,0.50821095,0,low
2035-01-07T13:45:00Z,0.46853603,232.0,788.09043986,1666.88130193,6.0,55.0,631.0,1.0,0.0,-0.44228869,-0.89687274,-0.78183148,0.6234898,0.47963958,5.94061837,0.50181331,5.09667249,0.54538267,6.33609017,3.30988552,0.50553463,0.47985524,0.55357035,0.512498,0,low
2035-01-07T14:00:00Z,0.495071,229.0,826.13279845,1668.79286435,6.0,56.0,632.0,1.0,0.0,-0.5,-0.8660254,-0.78183148,0.6234898,0.48798505,6.44274764,0.49755355,5.47972731,0.54233444,6.2966165,2.2199164,0.46853603,0.46168909,0.54618812,0.51938093,0,low
2035-01-07T14:15:00Z,0.50157241,234.0,829.98612802,1746.59128561,6.0,57.0,633.0,1.0,0.0,-0.55557023,-0.83146961,-0.78183148,0.6234898,0.49267852,5.56626377,0.49261324,5.3163945,0.53801048,5.99044431,2.2199164,0.495071,0.48279856,0.56085616,0.507993,0,low
2035-01-07T14:30:00Z,0.53376427,232.0,830.88094424,1669.07590532,6.0,58.0,634.0,1.0,0.0,-0.60876143,-0.79335334,-0.78183148,0.6234898,0.49973592,6.13361091,0.49537668,4.75516848,0.53669584,5.91204813,2.2199164,0.50157241,0.50553463,0.500603,0.52872446,0,low
2035-01-07T14:45:00Z,0.57621766,233.0,821.10693579,1669.99861341,6.0,59.0,635.0,1.0,0.0,-0.65934582,-0.75183981,-0.78183148,0.6234898,0.52665633,6.46089801,0.4997463,5.140653,0.53531165,5.89535784,0.0,0.53376427,0.46853603,0.52378217,0.54808717,1,medium
2035-01-07T15:00:00Z,0.5587783,230.0,827.39331752,1654.5821955,6.0,60.0,636.0,1.0,0.0,-0.70710678,-0.70710678,-0.78183148,0.6234898,0.54258316,5.91516138,0.50446601,5.05663286,0.53330295,6.04524031,1.04636177,0.57621766,0.495071,0.5021418,0.5809578,1,medium
2035-01-07T15:15:00Z,0.59640024,230.0,800.43146357,1701.77830559,6.0,61.0,637.0,1.0,0.0,-0.75183981,-0.65934582,-0.78183148,0.6234898,0.56629012,7.78239339,0.51205364,5.74493381,0.53429618,6.07721797,1.04636177,0.5587783,0.50157241,0.50534869,0.55543659,1,medium
2035-01-07T15:30:00Z,0.59046043,230.0,831.63275363,1672.55017053,6.0,62.0,638.0,1.0,0.0,-0.79335334,-0.60876143,-0.78183148,0.6234898,0.58046415,6.20727017,0.52088982,5.44528202,0.53278847,5.5957912,1.40275033,0.59640024,0.53376427,0.48442629,0.61695512,1,medium
2035-01-07T15:45:00Z,0.63038365,232.0,792.58907435,1680.25712572,6.0,63.0,639.0,1.0,0.0,-0.83146961,-0.55557023,-0.78183148,0.6234898,0.59400565,6.05546007,0.53343385,6.15232548,0.53272355,5.94206042,1.40275033,0.59046043,0.57621766,0.47985524,0.62885332,1,medium
2035-01-07T16:00:00Z,0.66461414,232.0,792.20015562,1701.11307459,6.0,64.0,640.0,1.0,0.0,-0.8660254,-0.5,-0.78183148,0.6234898,0.62046461,7.06292742,0.55034427,6.47361215,0.53615605,5.78729043,0.35638856,0.63038365,0.5587783,0.46168909,0.69015108,1,medium
2035-01-07T16:15:00Z,0.71174209,231.0,802.34603244,1683.94649571,6.0,65.0,641.0,1.0,0.0,-0.89687274,-0.44228869,-0.78183148,0.6234898,0.64930008,7.6332886,0.5694229,6.99398192,0.54081167,6.08083991,0.35638856,0.66461414,0.59640024,0.48279856,0.70515669,1,medium
2035-01-07T16:30:00Z,0.72606447,233.0,812.87020039,1685.13357576,6.0,66.0,642.0,1.0,0.0,-0.92387953,-0.38268343,-0.78183148,0.6234898,0.68320109,8.13624268,0.58780039,6.82570792,0.54834995,5.67544965,0.0,0.71174209,0.59046043,0.50553463,0.69569615,1,medium
2035-01-07T16:45:00Z,0.74983797,232.0,795.11089597,1704.98905563,6.0,67.0,643.0,1.0,0.0,-0.94693013,-0.32143947,-0.78183148,0.6234898,0.71306467,7.16725942,0.61124222,6.56120584,0.55652777,5.82893916,0.0,0.72606447,0.63038365,0.46853603,0.69968492,1,medium
2035-01-07T17:00:00Z,0.7257068,233.0,797.68187659,1706.7433986,6.0,68.0,644.0,1.0,0.0,-0.96592583,-0.25881905,-0.78183148,0.6234898,0.72833783,6.56130078,0.63046187,6.51312986,0.56400771,5.99642859,1.44787048,0.74983797,0.66461414,0.495071,0.70766679,1,medium
2035-01-07T17:15:00Z,0.76807521,234.0,789.78731213,1690.09755421,6.0,69.0,645.0,1.0,0.0,-0.98078528,-0.19509032,-0.78183148,0.6234898,0.74242111,6.2757281,0.65267044,7.23047003,0.57264184,6.27343227,1.44787048,0.7257068,0.71174209,0.50157241,0.77644042,1,medium
2035-01-07T17:30:00Z,0.73918003,230.0,797.94690285,1698.26858856,6.0,70.0,646.0,1.0,0.0,-0.99144486,-0.13052619,-0.78183148,0.6234898,0.7457,7.15009661,0.66978842,7.16453648,0.58258255,5.95985248,3.18158161,0.76807521,0.72606447,0.53376427,0.78117691,1,medium
2035-01-07T17:45:00Z,0.76978911,232.0,800.34622354,1707.56016108,6.0,71.0,647.0,1.0,0.0,-0.99785892,-0.06540313,-0.78183148,0.6234898,0.75068779,7.56023149,0.68591937,6.92765033,0.59283284,6.03415167,3.18158161,0.73918003,0.74983797,0.57621766,0.72798225,1,medium
2035-01-07T18:00:00Z,0.7685221,232.0,849.54270877,1683.31564678,6.0,72.0,648.0,1.0,0.0,-1.0,-0.0,-0.78183148,0.6234898,0.76139161,6.18838143,0.70339802,6.60420321,0.60393202,5.83041804,1.80973154,0.76978911,0.7257068,0.5587783,0.792814,1,medium
2035-01-07T18:15:00Z,0.75405592,233.0,839.81269903,1719.9832253,6.0,73.0,649.0,1.0,0.0,-0.99785892,0.06540313,-0.78183148,0.6234898,0.75788679,4.51424784,0.71653599,6.14108818,0.61429482,5.943011,2.6777028,0.7685221,0.76807521,0.59640024,0.78161946,1,medium
2035-01-07T18:30:00Z,0.74762537,230.0,820.30750375,1701.12512512,6.0,74.0,650.0,1.0,0.0,-0.99144486,0.13052619,-0.78183148,0.6234898,0.75999813,3.16636967,0.72963307,6.15090298,0.62526145,5.7980925,1.32982463,0.75405592,0.73918003,0.59046043,0.77678193,1,medium
2035-01-07T18:45:00Z,0.72053631,233.0,796.50556728,1702.09478986,6.0,75.0,651.0,1.0,0.0,-0.98078528,0.19509032,-0.78183148,0.6234898,0.74768492,2.95516821,0.73714579,5.89421971,0.63528982,6.0232726,2.95516821,0.74762537,0.76978911,0.63038365,0.72245348,1,medium
2035-01-07T19:00:00Z,0.68912623,231.0,823.68310617,1695.97353734,6.0,76.0,652.0,1.0,0.0,-0.96592583,0.25881905,-0.78183148,0.6234898,0.72783596,4.76375223,0.73918847,5.83781148,0.64476637,6.15571182,4.76375223,0.72053631,0.7685221,0.66461414,0.75584869,1,medium
2035-01-07T19:15:00Z,0.7224083,229.0,811.46313485,1638.65988262,6.0,77.0,653.0,1.0,0.0,-0.94693013,0.32143947,-0.78183148,0.6234898,0.71992405,5.89270504,0.74007732,5.56089366,0.65475011,6.27743779,3.89578098,0.68912623,0.75405592,0.71174209,0.7293794,1,medium
2035-01-07T19:30:00Z,0.67996944,231.0,792.15169159,1667.74465006,6.0,78.0,654.0,1.0,0.0,-0.92387953,0.38268343,-0.78183148,0.6234898,0.70301007,8.05320386,0.73623607,6.12322338,0.66201823,6.47446565,6.0562798,0.7224083,0.74762537,0.72606447,0.67053099,1,medium
2035-01-07T19:45:00Z,0.68832499,231.0,823.42317203,1757.08364634,6.0,79.0,655.0,1.0,0.0,-0.89687274,0.44228869,-0.78183148,0.6234898,0.69495724,6.9291933,0.73110998,5.81486434,0.6711761,6.18803509,4.43093622,0.67996944,0.72053631,0.74983797,0.68967686,1,medium
2035-01-07T20:00:00Z,0.68820112,230.0,820.33829827,1738.98498519,6.0,80.0,656.0,1.0,0.0,-0.8660254,0.5,-0.78183148,0.6234898,0.69472596,5.05202113,0.72798451,5.33471826,0.67922319,5.92392406,2.55376404,0.68832499,0.68912623,0.7257068,0.65883296,0,low
2035-01-07T20:15:00Z,0.65148079,231.0,799.04859048,1670.1019777,6.0,81.0,657.0,1.0,0.0,-0.83146961,0.55557023,-0.78183148,0.6234898,0.67699408,5.25831664,0.71826831,5.2217565,0.68546937,6.22611327,4.75698361,0.68820112,0.7224083,0.76807521,0.61664517,0,low
2035-01-07T20:30:00Z,0.62523566,233.0,823.91516052,1659.30698122,6.0,82.0,658.0,1.0,0.0,-0.79335334,0.60876143,-0.78183148,0.6234898,0.66331064,4.2866925,0.70877295,5.16875535,0.68928068,6.16664591,3.78535948,0.65148079,0.67996944,0.73918003,0.62795689,0,low
2035-01-07T20:45:00Z,0.60422829,233.0,799.92679159,1666.56143462,6.0,83.0,659.0,1.0,0.0,-0.75183981,0.65934582,-0.78183148,0.6234898,0.64228647,5.04580171,0.69497621,4.97672108,0.69044779,5.9521857,5.04580171,0.62523566,0.68832499,0.76978911,0.59355525,0,low
2035-01-07T21:00:00Z,0.58980479,234.0,803.95691352,1741.20595764,6.0,84.0,660.0,1.0,0.0,-0.70710678,0.70710678,-0.78183148,0.6234898,0.61768738,5.90377991,0.6800831,5.23985109,0.69174056,5.92202715,5.90377991,0.60422829,0.68820112,0.7685221,0.62958512,0,low
2035-01-07T21:15:00Z,0.58131139,232.0,819.31819672,1725.86120482,6.0,85.0,661.0,1.0,0.0,-0.65934582,0.75183981,-0.78183148,0.6234898,0.60014503,4.21016401,0.66568772,5.12039523,0.69111186,5.6307417,4.21016401,0.58980479,0.65148079,0.75405592,0.61028739,0,low
2035-01-07T21:30:00Z,0.54822487,231.0,812.29760162,1705.57740751,6.0,86.0,662.0,1.0,0.0,-0.60876143,0.79335334,-0.78183148,0.6234898,0.58089233,4.62064791,0.64907102,5.65351476,0.68935204,5.90220887,4.62064791,0.58131139,0.62523566,0.74762537,0.60346,0,low
2035-01-07T21:45:00Z,0.59141408,233.0,808.70220477,1635.6853325,6.0,87.0,663.0,1.0,0.0,-0.55557023,0.83146961,-0.78183148,0.6234898,0.57768878,5.95155825,0.63831083,5.97551776,0.68772831,5.93486873,3.36020568,0.54822487,0.60422829,0.72053631,0.57022447,0,low
2035-01-07T22:00:00Z,0.54632554,233.0,787.69496628,1635.78657813,6.0,88.0,664.0,1.0,0.0,-0.5,0.8660254,-0.78183148,0.6234898,0.56681897,7.79146019,0.62641077,6.24908708,0.68279962,6.04344928,5.20010762,0.59141408,0.58980479,0.68912623,0.59595625,0,low
2035-01-07T22:15:00Z,0.59205547,234.0,802.72869924,1645.75048822,6.0,89.0,665.0,1.0,0.0,-0.44228869,0.89687274,-0.78183148,0.6234898,0.56950499,10.02565231,0.61554803,6.49804432,0.67781268,6.02946899,4.69050395,0.54632554,0.58131139,0.7224083,0.56177255,0,low
2035-01-07T22:30:00Z,0.53851134,230.0,798.63234641,1599.93199781,6.0,90.0,666.0,1.0,0.0,-0.38268343,0.92387953,-0.78183148,0.6234898,0.56707661,11.25310799,0.60375986,6.72014947,0.66999796,6.42168642,5.91795964,0.59205547,0.54822487,0.67996944,0.5412944,0,low
2035-01-07T22:45:00Z,0.53591303,232.0,817.09587539,1717.50452587,6.0,91.0,667.0,1.0,0.0,-0.32143947,0.94693013,-0.78183148,0.6234898,0.55320134,8.81765436,0.59105886,6.60500477,0.66108442,6.20993456,6.07385858,0.53851134,0.59141408,0.68832499,0.56270075,0,low
2035-01-07T23:00:00Z,0.55461937,231.0,809.21714824,1684.63236565,6.0,92.0,668.0,1.0,0.0,-0.25881905,0.96592583,-0.78183148,0.6234898,0.5552748,7.23472238,0.57992705,6.97665416,0.65395578,6.15568621,3.36854619,0.53591303,0.54632554,0.68820112,0.57466068,1,medium
2035-01-07T23:15:00Z,0.57202406,233.0,832.37464234,1669.75868727,6.0,93.0,669.0,1.0,0.0,-0.19509032,0.98078528,-0.78183148,0.6234898,0.55026695,5.53520808,0.57330566,6.59034146,0.64578698,5.90604898,3.36854619,0.55461937,0.59205547,0.65148079,0.56613921,0,low
2035-01-07T23:30:00Z,0.5257177,231.0,819.13128948,1696.6004644,6.0,94.0,670.0,1.0,0.0,-0.13052619,0.99144486,-0.78183148,0.6234898,0.54706854,5.10094254,0.56501249,6.99156615,0.63689272,6.08016075,2.93428065,0.57202406,0.53851134,0.62523566,0.5842734,0,low
2035-01-07T23:45:00Z,0.56800703,230.0,783.80393007,1680.75085983,6.0,95.0,671.0,1.0,0.0,-0.06540313,0.99785892,-0.78183148,0.6234898,0.55509204,7.48240354,0.56199405,7.41720538,0.62848513,6.19696323,2.7783817,0.5257177,0.53591303,0.60422829,0.52411518,1,medium
