timestamp,occupancy_rate,active_sensors,avg_time_since_change,avg_prev_state_duration,dow,time_bucket,dow_time_bucket,is_weekend,is_holiday,hour_sin,hour_cos,dow_sin,dow_cos,roll_occ_rate_4,roll_turnover_4,roll_occ_rate_12,roll_turnover_12,roll_occ_rate_24,roll_turnover_24,roll_departure_rate_4,occupancy_lag_1,occupancy_lag_4,occupancy_lag_12,occupancy_lag_96,load_level_code,load_level
2035-01-01T00:00:00Z,0.40010764,155.0,812.94916124,1700.87520088,0.0,0.0,0.0,0.0,0.0,0.0,1.0,0.0,1.0,0.40010764,0.0,0.40010764,0.0,0.40010764,0.0,0.0,0.40010764,0.40010764,0.40010764,0.40010764,0,low
2035-01-01T00:15:00Z,0.42521902,154.0,834.63225985,1671.32784524,0.0,1.0,1.0,0.0,0.0,0.06540313,0.99785892,0.0,1.0,0.41266333,1.3392738,0.41266333,1.3392738,0.41266333,1.3392738,0.0,0.40010764,0.40010764,0.40010764,0.40010764,0,low
2035-01-01T00:30:00Z,0.41614802,154.0,814.67018829,1678.06425641,0.0,2.0,2.0,0.0,0.0,0.13052619,0.99144486,0.0,1.0,0.41382489,1.36729538,0.41382489,1.36729538,0.41382489,1.36729538,0.36284003,0.42521902,0.40010764,0.40010764,0.40010764,0,low
2035-01-01T00:45:00Z,0.43327088,156.0,837.35149677,1659.65004732,0.0,3.0,3.0,0.0,0.0,0.19509032,0.98078528,0.0,1.0,0.41868639,2.05220964,0.41868639,1.64176771,0.41868639,1.64176771,0.36284003,0.41614802,0.40010764,0.40010764,0.40010764,0,low
2035-01-01T01:00:00Z,0.42175553,156.0,810.27059896,1743.60513984,0.0,4.0,4.0,0.0,0.0,0.25881905,0.96592583,0.0,1.0,0.42409836,2.51282357,0.41930022,1.67521572,0.41930022,1.67521572,0.82345396,0.43327088,0.40010764,0.40010764,0.40010764,0,low
2035-01-01T01:15:00Z,0.47812972,154.0,782.79114063,1647.47294914,0.0,5.0,5.0,0.0,0.0,0.32143947,0.94693013,0.0,1.0,0.43732604,3.76333607,0.42910513,2.72445224,0.42910513,2.72445224,0.82345396,0.42175553,0.42521902,0.40010764,0.40010764,0,low
2035-01-01T01:30:00Z,0.47901953,155.0,840.0656444,1719.55427069,0.0,6.0,6.0,0.0,0.0,0.38268343,0.92387953,0.0,1.0,0.45304391,3.43608811,0.43623576,2.40169175,0.43623576,2.40169175,0.46061393,0.47812972,0.41614802,0.40010764,0.40010764,0,low
2035-01-01T01:45:00Z,0.48623735,156.0,831.1472439,1733.91903984,0.0,7.0,7.0,0.0,0.0,0.44228869,0.89687274,0.0,1.0,0.46628553,3.03988682,0.44248596,2.26315399,0.44248596,2.26315399,0.46061393,0.47901953,0.43327088,0.40010764,0.40010764,0,low
2035-01-01T02:00:00Z,0.44062962,153.0,788.26557405,1652.33447612,0.0,8.0,8.0,0.0,0.0,0.5,0.8660254,0.0,1.0,0.47100405,4.40358215,0.4422797,2.76656229,0.4422797,2.76656229,1.82430925,0.48623735,0.42175553,0.40010764,0.40010764,0,low
2035-01-01T02:15:00Z,0.43159983,155.0,828.90355525,1736.87616692,0.0,9.0,9.0,0.0,0.0,0.55557023,0.83146961,0.0,1.0,0.45937158,2.50980579,0.44121171,2.64639899,0.44121171,2.64639899,2.18550075,0.44062962,0.47812972,0.40010764,0.40010764,0,low
2035-01-01T02:30:00Z,0.49631936,154.0,780.9865251,1655.57209049,0.0,10.0,10.0,0.0,0.0,0.60876143,0.79335334,0.0,1.0,0.46369654,5.06299501,0.4462215,3.28879283,0.4462215,3.28879283,2.18550075,0.43159983,0.47901953,0.40010764,0.40010764,0,low
2035-01-01T02:45:00Z,0.49470439,156.0,818.80347844,1752.66180608,0.0,11.0,11.0,0.0,0.0,0.65934582,0.75183981,0.0,1.0,0.4658133,4.83888092,0.45026174,3.31032579,0.45026174,3.05568535,2.25009963,0.49631936,0.48623735,0.40010764,0.40010764,0,low
2035-01-01T03:00:00Z,0.46622234,155.0,821.56152271,1712.39235359,0.0,12.0,12.0,0.0,0.0,0.70710678,0.70710678,0.0,1.0,0.47221148,4.15385377,0.4557713,3.6900865,0.45148948,3.16293128,1.56507249,0.49470439,0.44062962,0.40010764,0.40010764,0,low
2035-01-01T03:15:00Z,0.48954419,155.0,835.6203409,1649.05508601,0.0,13.0,13.0,0.0,0.0,0.75183981,0.65934582,0.0,1.0,0.48669757,4.72553626,0.46113173,3.66622604,0.45420767,3.20083559,1.20388099,0.46622234,0.43159983,0.42521902,0.40010764,0,low
2035-01-01T03:30:00Z,0.47033419,154.0,839.91816204,1686.15927945,0.0,14.0,14.0,0.0,0.0,0.79335334,0.60876143,0.0,1.0,0.48020128,2.90515505,0.46564724,3.80141272,0.45528277,3.19288339,1.97228107,0.48954419,0.49631936,0.41614802,0.40010764,0,low
2035-01-01T03:45:00Z,0.51181362,155.0,818.09132211,1621.61377577,0.0,15.0,15.0,0.0,0.0,0.83146961,0.55557023,0.0,1.0,0.48447858,4.49973368,0.47219247,4.12616714,0.45881595,3.39546143,1.90768219,0.47033419,0.49470439,0.43327088,0.40010764,0,low
2035-01-01T04:00:00Z,0.48795887,153.0,809.0105667,1659.69207577,0.0,16.0,16.0,0.0,0.0,0.8660254,0.5,0.0,1.0,0.48991272,4.31464186,0.47770942,4.29069259,0.46053024,3.41886697,1.72259036,0.51181362,0.46622234,0.42175553,0.40010764,0,low
2035-01-01T04:15:00Z,0.50868704,154.0,814.10891567,1710.73190188,0.0,17.0,17.0,0.0,0.0,0.89687274,0.44228869,0.0,1.0,0.49469843,4.21089489,0.48025586,3.81541231,0.46320562,3.41347966,1.72259036,0.48795887,0.48954419,0.47812972,0.40010764,0,low
2035-01-01T04:30:00Z,0.49283614,153.0,823.10882746,1737.00733939,0.0,18.0,18.0,0.0,0.0,0.92387953,0.38268343,0.0,1.0,0.50032392,4.07653085,0.48140725,4.01489364,0.46476512,3.36961288,1.58822632,0.50868704,0.47033419,0.47901953,0.40010764,1,medium
2035-01-01T04:45:00Z,0.50519417,153.0,801.54287348,1744.73274648,0.0,19.0,19.0,0.0,0.0,0.94693013,0.32143947,0.0,1.0,0.49866905,2.91167428,0.48298698,4.08342963,0.46678657,3.30331149,1.58822632,0.49283614,0.51181362,0.48623735,0.40010764,1,medium
2035-01-01T05:00:00Z,0.58481399,155.0,755.01111304,1578.41730602,0.0,20.0,20.0,0.0,0.0,0.96592583,0.25881905,0.0,1.0,0.52288284,5.14227703,0.49500234,4.53692422,0.47240693,3.73221425,0.63403603,0.50519417,0.48795887,0.44062962,0.40010764,1,medium
2035-01-01T05:15:00Z,0.55231214,155.0,815.94064905,1712.89939403,0.0,21.0,21.0,0.0,0.0,0.98078528,0.19509032,0.0,1.0,0.53378911,5.61322396,0.5050617,4.84988504,0.47603898,3.79604388,1.93410997,0.58481399,0.50868704,0.43159983,0.40010764,1,medium
2035-01-01T05:30:00Z,0.61907826,154.0,780.61815441,1610.59973591,0.0,22.0,22.0,0.0,0.0,0.99144486,0.13052619,0.0,1.0,0.56534964,7.64983271,0.51529161,4.87717287,0.48225808,4.08298285,1.30007394,0.55231214,0.49283614,0.49631936,0.40010764,1,medium
2035-01-01T05:45:00Z,0.61871111,154.0,828.58259992,1767.24791326,0.0,23.0,23.0,0.0,0.0,0.99785892,0.06540313,0.0,1.0,0.59372888,7.17019778,0.52562551,4.86053525,0.48794362,4.08543052,1.31475997,0.61907826,0.50519417,0.49470439,0.40010764,1,medium
2035-01-01T06:00:00Z,0.66052008,153.0,809.79534488,1625.92329057,0.0,24.0,24.0,0.0,0.0,1.0,0.0,0.0,1.0,0.6126554,5.65776351,0.54181698,5.03822747,0.49879414,4.36415698,1.31475997,0.61871111,0.58481399,0.46622234,0.40010764,1,medium
2035-01-01T06:15:00Z,0.68834283,153.0,795.3757748,1688.84388515,0.0,25.0,25.0,0.0,0.0,0.99785892,-0.06540313,0.0,1.0,0.64666307,5.47059956,0.55838354,5.09823947,0.50975763,4.38223276,0.01468602,0.66052008,0.55231214,0.48954419,0.40010764,1,medium
2035-01-01T06:30:00Z,0.6824166,155.0,813.9524821,1748.07618204,0.0,26.0,26.0,0.0,0.0,0.99144486,-0.13052619,0.0,1.0,0.66249765,3.0370042,0.57605707,4.92112258,0.52085216,4.36126765,0.25173544,0.68834283,0.61907826,0.47033419,0.40010764,2,high
2035-01-01T06:45:00Z,0.70225607,155.0,817.92149258,1715.46231344,0.0,27.0,27.0,0.0,0.0,0.98078528,-0.19509032,0.0,1.0,0.68338389,3.81589726,0.59192728,4.63258977,0.53205987,4.37937846,0.23704942,0.6824166,0.61871111,0.51181362,0.40010764,1,medium
2035-01-01T07:00:00Z,0.74035183,156.0,797.92445473,1641.40203072,0.0,28.0,28.0,0.0,0.0,0.96592583,-0.25881905,0.0,1.0,0.70334183,3.66736889,0.61296002,4.82246981,0.54533472,4.5565812,0.23704942,0.70225607,0.66052008,0.48795887,0.40010764,1,medium
2035-01-01T07:15:00Z,0.7377812,154.0,827.49815589,1689.7543153,0.0,29.0,29.0,0.0,0.0,0.94693013,-0.32143947,0.0,1.0,0.71570142,2.65728436,0.6320512,4.5803693,0.55615353,4.1978908,0.33987489,0.74035183,0.68834283,0.50868704,0.40010764,2,high
2035-01-01T07:30:00Z,0.81225656,156.0,777.86995285,1604.17406013,0.0,30.0,30.0,0.0,0.0,0.92387953,-0.38268343,0.0,1.0,0.74816141,5.39924942,0.65866957,5.36202878,0.57003841,4.68846121,0.10282547,0.7377812,0.6824166,0.49283614,0.40010764,2,high
2035-01-01T07:45:00Z,0.77770572,156.0,826.64146429,1699.85921908,0.0,31.0,31.0,0.0,0.0,0.89687274,-0.44228869,0.0,1.0,0.76702383,5.98770387,0.68137887,5.65793297,0.58218292,4.8706813,1.484859,0.81225656,0.70225607,0.50519417,0.40010764,1,medium
2035-01-01T08:00:00Z,0.78807467,156.0,813.6220171,1672.49864683,0.0,32.0,32.0,0.0,0.0,0.8660254,-0.5,0.0,1.0,0.77895454,4.87863154,0.69831726,4.73458798,0.5966598,4.6357561,1.484859,0.77770572,0.74035183,0.58481399,0.40010764,2,high
2035-01-01T08:15:00Z,0.81776851,155.0,827.18893102,1686.48254396,0.0,33.0,33.0,0.0,0.0,0.83146961,-0.55557023,0.0,1.0,0.79895136,5.96355949,0.72043862,4.69714781,0.61275016,4.77351642,1.38203353,0.78807467,0.7377812,0.55231214,0.40010764,2,high
2035-01-01T08:30:00Z,0.83221668,153.0,815.72738625,1726.45746597,0.0,34.0,34.0,0.0,0.0,0.79335334,-0.60876143,0.0,1.0,0.80394139,3.56247207,0.73820015,3.99957523,0.62674588,4.43837405,1.38203353,0.81776851,0.81225656,0.61907826,0.40010764,1,medium
2035-01-01T08:45:00Z,0.7862524,154.0,787.85071464,1641.24810135,0.0,35.0,35.0,0.0,0.0,0.75183981,-0.65934582,0.0,1.0,0.80607806,4.01900996,0.75216193,4.60753703,0.63889372,4.73403614,1.83857143,0.83221668,0.77770572,0.61871111,0.40010764,1,medium
2035-01-01T09:00:00Z,0.82546994,155.0,796.65149419,1662.86081187,0.0,36.0,36.0,0.0,0.0,0.70710678,-0.70710678,0.0,1.0,0.81542688,5.17295356,0.76590775,4.57298466,0.65386237,4.80560607,1.83857143,0.7862524,0.78807467,0.66052008,0.40010764,1,medium
2035-01-01T09:15:00Z,0.81979718,156.0,825.07510524,1703.92801314,0.0,37.0,37.0,0.0,0.0,0.65934582,-0.75183981,0.0,1.0,0.81593405,4.21211043,0.77686228,4.27765143,0.66762291,4.68794545,2.06548171,0.82546994,0.81776851,0.68834283,0.40010764,1,medium
2035-01-01T09:30:00Z,0.7585605,155.0,774.81547293,1603.02369469,0.0,38.0,38.0,0.0,0.0,0.60876143,-0.79335334,0.0,1.0,0.79752001,6.08365045,0.7832076,5.01512398,0.67963234,4.96812328,4.51494879,0.81979718,0.83221668,0.6824166,0.40010764,1,medium
2035-01-01T09:45:00Z,0.73991151,154.0,829.33984836,1678.18354724,0.0,39.0,39.0,0.0,0.0,0.55557023,-0.83146961,0.0,1.0,0.78593478,4.99103874,0.78634556,4.99925086,0.68913642,4.81592032,3.42233708,0.7585605,0.7862524,0.70225607,0.40010764,1,medium
2035-01-01T10:00:00Z,0.73094643,154.0,829.29361957,1744.46493829,0.0,40.0,40.0,0.0,0.0,0.5,-0.8660254,0.0,1.0,0.76230391,3.78094017,0.78556177,4.61084175,0.6992609,4.71665578,3.78094017,0.73991151,0.82546994,0.74035183,0.40010764,0,low
2035-01-01T10:15:00Z,0.67960832,156.0,773.75577027,1676.62360156,0.0,41.0,41.0,0.0,0.0,0.44228869,-0.89687274,0.0,1.0,0.72725669,5.60755443,0.78071404,5.26107478,0.70638262,4.92072204,5.60755443,0.73094643,0.81979718,0.7377812,0.40010764,0,low
2035-01-01T10:30:00Z,0.62821485,154.0,781.20682977,1648.75160777,0.0,42.0,42.0,0.0,0.0,0.38268343,-0.92387953,0.0,1.0,0.69467028,5.21382597,0.76537723,4.95331616,0.7120234,5.15767247,5.21382597,0.67960832,0.7585605,0.81225656,0.40010764,0,low
2035-01-01T10:45:00Z,0.63256698,153.0,845.77757686,1707.91498756,0.0,43.0,43.0,0.0,0.0,0.32143947,-0.94693013,0.0,1.0,0.66783415,4.64195109,0.75328233,4.5506666,0.7173306,5.10429979,4.46786625,0.62821485,0.73991151,0.77770572,0.40010764,0,low
2035-01-01T11:00:00Z,0.57254297,153.0,800.8086275,1619.76482622,0.0,44.0,44.0,0.0,0.0,0.25881905,-0.96592583,0.0,1.0,0.62823328,6.68430814,0.73532136,5.21273395,0.71681931,4.97366097,6.5102233,0.63256698,0.73094643,0.78807467,0.40010764,0,low
2035-01-01T11:15:00Z,0.53674022,154.0,788.45864061,1648.25222351,0.0,45.0,45.0,0.0,0.0,0.19509032,-0.98078528,0.0,1.0,0.59251626,6.06289379,0.71190233,5.29418621,0.71617048,4.99566701,5.88880894,0.57254297,0.67960832,0.81776851,0.40010764,0,low
2035-01-01T11:30:00Z,0.51119192,153.0,800.40345173,1660.27938389,0.0,46.0,46.0,0.0,0.0,0.13052619,-0.99144486,0.0,1.0,0.56326052,5.02908695,0.68515027,5.44218779,0.71167521,4.72088151,4.85500211,0.53674022,0.62821485,0.83221668,0.40010764,0,low
2035-01-01T11:45:00Z,0.50646207,153.0,834.11103461,1752.56213494,0.0,47.0,47.0,0.0,0.0,0.06540313,-0.99785892,0.0,1.0,0.53173429,5.04419642,0.66183441,4.89239542,0.70699817,4.74996622,5.04419642,0.51119192,0.63256698,0.7862524,0.40010764,0,low
2035-01-01T12:00:00Z,0.4940047,154.0,845.40189328,1663.08661581,0.0,48.0,48.0,0.0,0.0,0.0,-1.0,0.0,1.0,0.51209973,3.14153111,0.6342123,4.53559314,0.70006003,4.5542889,3.14153111,0.50646207,0.57254297,0.82546994,0.40010764,0,low
2035-01-01T12:15:00Z,0.45688957,153.0,799.61662161,1632.72205711,0.0,49.0,49.0,0.0,0.0,-0.06540313,-0.99785892,0.0,1.0,0.49213706,3.19402582,0.60397,4.95482468,0.69041614,4.61623805,3.19402582,0.4940047,0.53674022,0.81979718,0.40010764,0,low
2035-01-01T12:30:00Z,0.43952114,155.0,809.31373013,1733.86885185,0.0,50.0,50.0,0.0,0.0,-0.13052619,-0.99144486,0.0,1.0,0.47421937,2.8668313,0.57738339,4.36991474,0.6802955,4.69251936,2.8668313,0.45688957,0.51119192,0.7585605,0.40010764,0,low
2035-01-01T12:45:00Z,0.47309565,154.0,807.88783622,1641.20713339,0.0,51.0,51.0,0.0,0.0,-0.19509032,-0.98078528,0.0,1.0,0.46587777,4.0206175,0.55514874,4.56892167,0.67074715,4.78408627,2.67763699,0.43952114,0.50646207,0.73991151,0.40010764,0,low
2035-01-01T13:00:00Z,0.4596776,153.0,800.78748156,1684.30382463,0.0,52.0,52.0,0.0,0.0,-0.25881905,-0.96592583,0.0,1.0,0.45729599,4.05904473,0.532543,4.62829466,0.65905239,4.61956821,2.71606422,0.47309565,0.4940047,0.73094643,0.40010764,0,low
2035-01-01T13:15:00Z,0.42841475,155.0,806.40671484,1653.49358148,0.0,53.0,53.0,0.0,0.0,-0.32143947,-0.94693013,0.0,1.0,0.45017729,3.82495409,0.5116102,4.36062457,0.64616212,4.81084967,2.48197358,0.4596776,0.45688957,0.67960832,0.40010764,0,low
2035-01-01T13:30:00Z,0.43634835,153.0,807.64881628,1679.76428902,0.0,54.0,54.0,0.0,0.0,-0.38268343,-0.92387953,0.0,1.0,0.44938409,3.4475609,0.49562133,3.78115972,0.63049928,4.36723794,1.78723632,0.42841475,0.43952114,0.62821485,0.40010764,0,low
2035-01-01T13:45:00Z,0.45598971,156.0,805.7823719,1679.22026718,0.0,55.0,55.0,0.0,0.0,-0.44228869,-0.89687274,0.0,1.0,0.4451076,2.89023492,0.48090655,3.98501628,0.61709444,4.26784144,1.78723632,0.43634835,0.47309565,0.63256698,0.40010764,0,low
2035-01-01T14:00:00Z,0.47024357,153.0,816.15584424,1698.02562048,0.0,56.0,56.0,0.0,0.0,-0.5,-0.8660254,0.0,1.0,0.44774909,2.92366705,0.4723816,3.37474763,0.60385148,4.29374079,1.25051427,0.45598971,0.4596776,0.57254297,0.40010764,0,low
2035-01-01T14:15:00Z,0.48600894,155.0,803.28806174,1739.77871717,0.0,57.0,57.0,0.0,0.0,-0.55557023,-0.83146961,0.0,1.0,0.46214764,2.30376764,0.468154,3.10758252,0.59002816,4.20088437,0.0,0.47024357,0.42841475,0.53674022,0.40010764,0,low
2035-01-01T14:30:00Z,0.5010578,155.0,815.41204732,1687.42447287,0.0,58.0,58.0,0.0,0.0,-0.60876143,-0.79335334,0.0,1.0,0.478325,2.58837793,0.46730949,2.96759004,0.57622988,4.20488892,0.0,0.48600894,0.43634835,0.51119192,0.40010764,0,low
2035-01-01T14:45:00Z,0.47354549,153.0,819.62498957,1650.01407936,0.0,59.0,59.0,0.0,0.0,-0.65934582,-0.75183981,0.0,1.0,0.48271395,2.90321546,0.46456644,3.27135596,0.56320042,4.08187569,1.10049206,0.5010578,0.45598971,0.50646207,0.40010764,0,low
2035-01-01T15:00:00Z,0.48353555,153.0,826.25015296,1722.83769783,0.0,60.0,60.0,0.0,0.0,-0.70710678,-0.70710678,0.0,1.0,0.48603694,2.73266364,0.46369401,3.23845847,0.54895316,3.88702581,1.10049206,0.47354549,0.47024357,0.4940047,0.40010764,0,low
2035-01-01T15:15:00Z,0.54893656,153.0,786.86572741,1640.12639934,0.0,61.0,61.0,0.0,0.0,-0.75183981,-0.65934582,0.0,1.0,0.50176885,4.71808898,0.47136459,3.61560357,0.5376673,4.28521413,1.10049206,0.48353555,0.48600894,0.45688957,0.40010764,0,low
2035-01-01T15:30:00Z,0.50506079,154.0,783.49720728,1655.14620384,0.0,62.0,62.0,0.0,0.0,-0.79335334,-0.60876143,0.0,1.0,0.5027696,5.87116524,0.47682623,3.96903469,0.52710481,4.16947471,2.85552267,0.54893656,0.5010578,0.43952114,0.40010764,0,low
2035-01-01T15:45:00Z,0.52939453,154.0,814.25313811,1662.95385614,0.0,63.0,63.0,0.0,0.0,-0.83146961,-0.55557023,0.0,1.0,0.51673186,5.74402262,0.4815178,3.84582433,0.51833327,4.207373,1.75503061,0.50506079,0.47354549,0.47309565,0.40010764,0,low
2035-01-01T16:00:00Z,0.5280885,155.0,848.19999428,1724.2992376,0.0,64.0,64.0,0.0,0.0,-0.8660254,-0.5,0.0,1.0,0.52787009,5.39666155,0.48721871,3.68433074,0.50988086,4.1563127,1.80727189,0.52939453,0.48353555,0.4596776,0.40010764,0,low
2035-01-01T16:15:00Z,0.57572616,153.0,815.11848647,1610.39138646,0.0,65.0,65.0,0.0,0.0,-0.89687274,-0.44228869,0.0,1.0,0.53456749,4.68612766,0.49949466,3.90266143,0.50555243,4.131643,1.80727189,0.5280885,0.54893656,0.42841475,0.40010764,0,low
2035-01-01T16:30:00Z,0.5606194,155.0,825.07417937,1741.01668465,0.0,66.0,66.0,0.0,0.0,-0.92387953,-0.38268343,0.0,1.0,0.54845715,3.53536713,0.50985058,3.99830343,0.50273595,3.88973157,0.65651136,0.57572616,0.50506079,0.43634835,0.40010764,0,low
2035-01-01T16:45:00Z,0.54296269,153.0,827.72052884,1691.31633728,0.0,67.0,67.0,0.0,0.0,-0.94693013,-0.32143947,0.0,1.0,0.55184919,3.26828603,0.51709833,3.97184137,0.49900244,3.97842882,1.3627797,0.5606194,0.52939453,0.45598971,0.40010764,0,low
2035-01-01T17:00:00Z,0.54234439,154.0,813.12624268,1749.34569137,0.0,68.0,68.0,0.0,0.0,-0.96592583,-0.25881905,0.0,1.0,0.55541316,3.24077687,0.52310673,3.79003402,0.49774417,3.58239082,1.33527054,0.54296269,0.5280885,0.47024357,0.40010764,0,low
2035-01-01T17:15:00Z,0.55730384,153.0,803.93427743,1733.11592719,0.0,69.0,69.0,0.0,0.0,-0.98078528,-0.19509032,0.0,1.0,0.55080758,1.93364865,0.52904798,3.77928843,0.49860099,3.44343548,1.33527054,0.54234439,0.57572616,0.48600894,0.40010764,0,low
2035-01-01T17:30:00Z,0.57580474,153.0,801.56032323,1730.87030465,0.0,70.0,70.0,0.0,0.0,-0.99144486,-0.13052619,0.0,1.0,0.55460392,2.06941424,0.53527689,3.82531554,0.50129319,3.39645279,0.73100046,0.55730384,0.5606194,0.5010578,0.40010764,0,low
2035-01-01T17:45:00Z,0.5389538,154.0,818.52558175,1699.36107242,0.0,71.0,71.0,0.0,0.0,-0.99785892,-0.06540313,0.0,1.0,0.55360169,2.83718334,0.54072758,3.94983066,0.50264701,3.61059331,1.49876956,0.57580474,0.54296269,0.47354549,0.40010764,0,low
2035-01-01T18:00:00Z,0.54778465,155.0,805.85873777,1714.15427872,0.0,72.0,72.0,0.0,0.0,-1.0,-0.0,0.0,1.0,0.55496176,3.1656853,0.54608167,3.93437457,0.50488784,3.58641652,1.47403744,0.5389538,0.54234439,0.48353555,0.40010764,0,low
2035-01-01T18:15:00Z,0.53776688,153.0,839.19042625,1715.84052664,0.0,73.0,73.0,0.0,0.0,-0.99785892,0.06540313,0.0,1.0,0.55007752,2.9680179,0.54515087,3.1959314,0.50825773,3.40576749,1.87474815,0.54778465,0.55730384,0.54893656,0.40010764,0,low
2035-01-01T18:30:00Z,0.50196234,154.0,817.45822082,1628.16270788,0.0,74.0,74.0,0.0,0.0,-0.99144486,0.13052619,0.0,1.0,0.53161692,3.66016391,0.54489266,3.08831509,0.51085945,3.52867489,3.30692983,0.53776688,0.57580474,0.50506079,0.40010764,0,low
2035-01-01T18:45:00Z,0.48786595,156.0,838.11461525,1743.18145416,0.0,75.0,75.0,0.0,0.0,-0.98078528,0.19509032,0.0,1.0,0.51884496,2.74998199,0.54143195,2.95181712,0.51147487,3.39882073,2.39674791,0.50196234,0.5389538,0.52939453,0.40010764,0,low
2035-01-01T19:00:00Z,0.45600168,156.0,799.5264025,1696.62295419,0.0,76.0,76.0,0.0,0.0,-0.96592583,0.25881905,0.0,1.0,0.49589922,3.67131887,0.53542471,3.35926034,0.51132171,3.52179554,3.67131887,0.48786595,0.54778465,0.5280885,0.40010764,0,low
2035-01-01T19:15:00Z,0.43487777,153.0,806.57281196,1728.91424755,0.0,77.0,77.0,0.0,0.0,-0.94693013,0.32143947,0.0,1.0,0.47017694,4.11556454,0.52368735,3.0057437,0.511591,3.45420256,4.11556454,0.45600168,0.53776688,0.57572616,0.40010764,0,low
2035-01-01T19:30:00Z,0.48742802,155.0,777.95371629,1646.58397635,0.0,78.0,78.0,0.0,0.0,-0.92387953,0.38268343,0.0,1.0,0.46654336,4.78539271,0.51758806,3.50499029,0.51371932,3.75164686,2.68338286,0.43487777,0.50196234,0.5606194,0.40010764,0,low
2035-01-01T19:45:00Z,0.45603763,153.0,809.17176174,1651.02558237,0.0,79.0,79.0,0.0,0.0,-0.89687274,0.44228869,0.0,1.0,0.45858627,5.47715283,0.51034431,3.68810605,0.51372132,3.82997371,3.37514298,0.48742802,0.48786595,0.54296269,0.40010764,0,low
2035-01-01T20:00:00Z,0.46249542,154.0,826.67042754,1755.46531218,0.0,80.0,80.0,0.0,0.0,-0.8660254,0.5,0.0,1.0,0.46020971,4.46089355,0.50369023,3.7659659,0.51339848,3.77799996,2.10057202,0.45603763,0.45600168,0.54234439,0.40010764,0,low
2035-01-01T20:15:00Z,0.40049138,154.0,785.78155704,1671.84071419,0.0,81.0,81.0,0.0,0.0,-0.83146961,0.55557023,0.0,1.0,0.45161311,6.09609867,0.49062252,4.39322704,0.50983525,4.08625773,3.73577715,0.46249542,0.43487777,0.55730384,0.40010764,0,low
2035-01-01T20:30:00Z,0.43979042,154.0,806.3686383,1680.3968012,0.0,82.0,82.0,0.0,0.0,-0.79335334,0.60876143,0.0,1.0,0.43970371,5.56605048,0.479288,4.6705357,0.50728244,4.24792562,3.73577715,0.40049138,0.48742802,0.57580474,0.40010764,0,low
2035-01-01T20:45:00Z,0.42341396,154.0,800.96800344,1717.84857175,0.0,83.0,83.0,0.0,0.0,-0.75183981,0.65934582,0.0,1.0,0.4315478,4.96549324,0.46965968,4.39754269,0.50519363,4.17368667,3.13521991,0.43979042,0.45603763,0.5389538,0.40010764,0,low
2035-01-01T21:00:00Z,0.39092137,154.0,819.23478785,1634.1583031,0.0,84.0,84.0,0.0,0.0,-0.70710678,0.70710678,0.0,1.0,0.41365428,6.00688515,0.45658774,4.71303252,0.5013347,4.32370355,4.4349235,0.42341396,0.46249542,0.54778465,0.40010764,0,low
2035-01-01T21:15:00Z,0.42924371,154.0,805.97055431,1625.1277917,0.0,85.0,85.0,0.0,0.0,-0.65934582,0.75183981,0.0,1.0,0.42084237,5.05961721,0.44754414,5.09042681,0.4963475,4.14317911,1.95476199,0.39092137,0.40049138,0.53776688,0.40010764,0,low
2035-01-01T21:30:00Z,0.40801218,155.0,799.246442,1708.31567398,0.0,86.0,86.0,0.0,0.0,-0.60876143,0.79335334,0.0,1.0,0.41289781,4.33691663,0.43971496,4.89611994,0.49230381,3.99221752,2.80402307,0.42924371,0.43979042,0.50196234,0.40010764,0,low
2035-01-01T21:45:00Z,0.39168218,155.0,813.18476206,1686.0071405,0.0,87.0,87.0,0.0,0.0,-0.55557023,0.83146961,0.0,1.0,0.40496486,4.33505841,0.43169964,4.92590149,0.48656579,3.93885931,2.80216484,0.40801218,0.42341396,0.48786595,0.40010764,0,low
2035-01-01T22:00:00Z,0.40181514,153.0,837.20708202,1736.37227178,0.0,88.0,88.0,0.0,0.0,-0.5,0.8660254,0.0,1.0,0.4076883,3.44067341,0.4271841,4.6361507,0.48130441,3.99770552,1.50246126,0.39168218,0.39092137,0.45600168,0.40010764,0,low
2035-01-01T22:15:00Z,0.42773795,154.0,797.84685482,1717.99646216,0.0,89.0,89.0,0.0,0.0,-0.44228869,0.89687274,0.0,1.0,0.40731186,2.94469196,0.42658911,4.70013595,0.47513823,3.85293982,1.50246126,0.40181514,0.42924371,0.43487777,0.40010764,0,low
2035-01-01T22:30:00Z,0.36902582,155.0,778.35864207,1641.97779583,0.0,90.0,90.0,0.0,0.0,-0.38268343,0.92387953,0.0,1.0,0.39756527,4.44391578,0.41672226,4.7822943,0.46715516,4.14364229,3.00168508,0.42773795,0.40801218,0.48742802,0.40010764,0,low
2035-01-01T22:45:00Z,0.38419348,155.0,827.778769,1739.22760471,0.0,91.0,91.0,0.0,0.0,-0.32143947,0.94693013,0.0,1.0,0.3956931,4.39742203,0.41073525,4.56599122,0.46053978,4.12704864,2.3484849,0.36902582,0.39168218,0.45603763,0.40010764,0,low
2035-01-01T23:00:00Z,0.3748421,154.0,831.36574093,1666.07130218,0.0,92.0,92.0,0.0,0.0,-0.25881905,0.96592583,0.0,1.0,0.38894984,4.36615875,0.40343081,4.60457244,0.45356052,4.18526917,2.72254022,0.38419348,0.40181514,0.46249542,0.40010764,0,low
2035-01-01T23:15:00Z,0.42968577,155.0,798.10622812,1624.62743631,0.0,93.0,93.0,0.0,0.0,-0.19509032,0.98078528,0.0,1.0,0.38943679,5.52299326,0.40586367,4.50910081,0.4482431,4.45116392,2.72254022,0.3748421,0.42773795,0.40049138,0.40010764,0,low
2035-01-01T23:30:00Z,0.3981511,154.0,830.63435313,1650.34444655,0.0,94.0,94.0,0.0,0.0,-0.13052619,0.99144486,0.0,1.0,0.39671811,4.43589503,0.40239373,4.40557581,0.44084086,4.53805576,1.63544198,0.42968577,0.36902582,0.43979042,0.40010764,0,low
2035-01-01T23:45:00Z,0.42279692,153.0,818.44316316,1658.9197804,0.0,95.0,95.0,0.0,0.0,-0.06540313,0.99785892,0.0,1.0,0.40636897,4.81502122,0.40234231,4.51583388,0.43600099,4.45668829,1.63544198,0.3981511,0.38419348,0.42341396,0.40010764,0,low
2035-01-02T00:00:00Z,0.43413126,155.0,819.76651291,1723.48477091,1.0,0.0,96.0,0.0,0.0,0.0,1.0,0.78183148,0.6234898,0.42119126,4.8943397,0.40594314,4.23372396,0.43126544,4.47337824,1.26138667,0.42279692,0.3748421,0.39092137,0.40010764,0,low
2035-01-02T00:15:00Z,0.45789077,154.0,794.74596617,1698.18705424,1.0,1.0,97.0,0.0,0.0,0.06540313,0.99785892,0.78183148,0.6234898,0.42824251,3.6509733,0.40833039,4.03955284,0.42793726,4.56498982,1.26138667,0.43413126,0.42968577,0.42924371,0.42521902,0,low
2035-01-02T00:30:00Z,0.44992416,156.0,805.50080273,1670.10747498,1.0,2.0,98.0,0.0,0.0,0.13052619,0.99144486,0.78183148,0.6234898,0.44118578,2.70825083,0.41182305,3.86268721,0.42576901,4.37940358,0.3186642,0.45789077,0.3981511,0.40801218,0.41614802,0,low
2035-01-02T00:45:00Z,0.43184603,155.0,820.6353036,1710.259748,1.0,3.0,99.0,0.0,0.0,0.19509032,0.98078528,0.78183148,0.6234898,0.44344805,2.44554354,0.41517004,3.8859956,0.42343484,4.40594854,1.04178953,0.44992416,0.42279692,0.39168218,0.43327088,0,low
2035-01-02T01:00:00Z,0.40643813,155.0,830.40034106,1658.47630329,1.0,4.0,100.0,0.0,0.0,0.25881905,0.96592583,0.78183148,0.6234898,0.43652477,3.00848559,0.41555529,4.08966135,0.42136969,4.36290603,2.05810538,0.43184603,0.43413126,0.40181514,0.42175553,0,low
2035-01-02T01:15:00Z,0.45864979,155.0,782.87159109,1621.25048439,1.0,5.0,101.0,0.0,0.0,0.32143947,0.94693013,0.78183148,0.6234898,0.43671453,4.14657175,0.41813128,4.44017944,0.4223602,4.57015769,2.05810538,0.40643813,0.45789077,0.42773795,0.47812972,0,low
2035-01-02T01:30:00Z,0.48175087,153.0,802.36668254,1658.18630599,1.0,6.0,102.0,0.0,0.0,0.38268343,0.92387953,0.78183148,0.6234898,0.4446712,4.75195056,0.42752503,3.96536547,0.42212365,4.37382988,1.73944118,0.45864979,0.44992416,0.36902582,0.47901953,0,low
2035-01-02T01:45:00Z,0.456266,155.0,813.55708112,1680.60618344,1.0,7.0,103.0,0.0,0.0,0.44228869,0.89687274,0.78183148,0.6234898,0.4507762,5.04821994,0.43353107,4.10292823,0.42213316,4.33445973,2.03571055,0.48175087,0.43184603,0.38419348,0.48623735,0,low
2035-01-02T02:00:00Z,0.48661427,153.0,789.18421373,1681.7112836,1.0,8.0,104.0,0.0,0.0,0.5,0.8660254,0.78183148,0.6234898,0.47082023,5.24583511,0.44284542,4.3828868,0.42313812,4.49372962,1.01939471,0.456266,0.40643813,0.3748421,0.44062962,0,low
2035-01-02T02:15:00Z,0.44568444,154.0,817.3465003,1701.03036246,1.0,9.0,105.0,0.0,0.0,0.55557023,0.83146961,0.78183148,0.6234898,0.46757889,4.79456213,0.44417864,4.19736906,0.42502116,4.35323493,2.65658811,0.48661427,0.45864979,0.42968577,0.43159983,0,low
2035-01-02T02:30:00Z,0.45030091,153.0,824.21486857,1716.91988911,1.0,10.0,106.0,0.0,0.0,0.60876143,0.79335334,0.78183148,0.6234898,0.4597164,4.05517783,0.44852446,3.83845974,0.4254591,4.12201778,2.65658811,0.44568444,0.48175087,0.3981511,0.49631936,0,low
2035-01-02T02:45:00Z,0.50601908,155.0,774.93844786,1597.41865363,1.0,11.0,107.0,0.0,0.0,0.65934582,0.75183981,0.78183148,0.6234898,0.47215467,5.26450995,0.45545964,4.25275781,0.42890098,4.38429585,1.6371934,0.45030091,0.456266,0.42279692,0.49470439,0,low
2035-01-02T03:00:00Z,0.45328036,154.0,814.23959445,1607.74276156,1.0,12.0,108.0,0.0,0.0,0.70710678,0.70710678,0.78183148,0.6234898,0.4638212,6.16012756,0.4570554,4.80481609,0.43149927,4.51927002,3.74674202,0.50601908,0.48661427,0.43413126,0.46622234,0,low
2035-01-02T03:15:00Z,0.45737474,154.0,825.12987306,1729.686531,1.0,13.0,109.0,0.0,0.0,0.75183981,0.65934582,0.78183148,0.6234898,0.46674377,4.68670934,0.4570124,4.54261441,0.43267139,4.29108362,2.10954862,0.45328036,0.44568444,0.45789077,0.48954419,0,low
2035-01-02T03:30:00Z,0.46459277,155.0,820.83364703,1684.39058491,1.0,14.0,110.0,0.0,0.0,0.79335334,0.60876143,0.78183148,0.6234898,0.47031674,4.79077171,0.45823478,4.53263336,0.43502892,4.19766029,2.10954862,0.45737474,0.45030091,0.44992416,0.47033419,0,low
2035-01-02T03:45:00Z,0.53315485,155.0,797.86083175,1579.47523667,1.0,15.0,111.0,0.0,0.0,0.83146961,0.55557023,0.78183148,0.6234898,0.47710068,5.304528,0.46667718,5.20575263,0.44092361,4.54587411,2.10954862,0.46459277,0.50601908,0.43184603,0.51181362,0,low
2035-01-02T04:00:00Z,0.53788952,154.0,807.48559926,1731.44202441,1.0,16.0,112.0,0.0,0.0,0.8660254,0.5,0.78183148,0.6234898,0.49825297,3.38436636,0.47763147,4.93010968,0.44659338,4.50988551,0.0,0.53315485,0.45328036,0.40643813,0.48795887,0,low
2035-01-02T04:15:00Z,0.50087851,154.0,791.70097653,1657.56218019,1.0,17.0,113.0,0.0,0.0,0.89687274,0.44228869,0.78183148,0.6234898,0.50912891,4.70103166,0.48115053,4.72743438,0.4496409,4.58380691,1.48044048,0.53788952,0.45737474,0.45864979,0.50868704,0,low
2035-01-02T04:30:00Z,0.52436253,153.0,793.35894838,1645.17250024,1.0,18.0,114.0,0.0,0.0,0.92387953,0.38268343,0.78183148,0.6234898,0.52407135,5.35167138,0.4847015,4.7325403,0.45611326,4.34895289,1.48044048,0.50087851,0.46459277,0.48175087,0.49283614,0,low
2035-01-02T04:45:00Z,0.51833109,153.0,810.92287853,1685.32328789,1.0,19.0,115.0,0.0,0.0,0.94693013,0.32143947,0.78183148,0.6234898,0.52036541,2.85044592,0.48987359,4.47316129,0.46170233,4.28804476,1.72169816,0.52436253,0.53315485,0.456266,0.50519417,0,low
2035-01-02T05:00:00Z,0.53291238,155.0,809.84303748,1717.74600084,1.0,20.0,116.0,0.0,0.0,0.96592583,0.25881905,0.78183148,0.6234898,0.51912113,3.24431066,0.49373176,4.26293486,0.46828859,4.32291083,1.72169816,0.51833109,0.53788952,0.48661427,0.58481399,1,medium
2035-01-02T05:15:00Z,0.59555521,155.0,775.98952277,1675.37548664,1.0,21.0,117.0,0.0,0.0,0.98078528,0.19509032,0.78183148,0.6234898,0.5427903,4.26958334,0.50622099,4.55244145,0.47519982,4.37490525,0.24125767,0.53291238,0.50087851,0.44568444,0.55231214,1,medium
2035-01-02T05:30:00Z,0.57499364,153.0,823.74109104,1717.85482123,1.0,22.0,118.0,0.0,0.0,0.99144486,0.13052619,0.78183148,0.6234898,0.55544808,4.15268542,0.51661206,4.76504283,0.48256826,4.30175129,1.06372054,0.59555521,0.52436253,0.45030091,0.61907826,1,medium
2035-01-02T05:45:00Z,0.58567626,155.0,818.30131483,1717.60965382,1.0,23.0,119.0,0.0,0.0,0.99785892,0.06540313,0.78183148,0.6234898,0.57228437,4.33873268,0.52325015,4.16456887,0.4893549,4.20866334,0.82246287,0.57499364,0.51833109,0.50601908,0.61871111,1,medium
2035-01-02T06:00:00Z,0.63718412,155.0,775.33301302,1659.14509328,1.0,24.0,120.0,0.0,0.0,1.0,0.0,0.78183148,0.6234898,0.59835231,5.81579525,0.53857547,4.14815742,0.49781543,4.47648675,0.82246287,0.58567626,0.53291238,0.45328036,0.66052008,1,medium
2035-01-02T06:15:00Z,0.6646344,155.0,817.65222521,1677.75552759,1.0,25.0,121.0,0.0,0.0,0.99785892,-0.06540313,0.78183148,0.6234898,0.6156221,4.40809342,0.55584711,4.45956947,0.50642975,4.50109194,0.82246287,0.63718412,0.59555521,0.45737474,0.68834283,1,medium
2035-01-02T06:30:00Z,0.69301464,154.0,817.73815763,1662.62014991,1.0,26.0,122.0,0.0,0.0,0.99144486,-0.13052619,0.78183148,0.6234898,0.64512735,4.72084003,0.57488226,4.74173228,0.51655852,4.63718282,0.0,0.6646344,0.57499364,0.46459277,0.6824166,1,medium
2035-01-02T06:45:00Z,0.74709873,155.0,798.06008848,1608.14706295,1.0,27.0,123.0,0.0,0.0,0.98078528,-0.19509032,0.78183148,0.6234898,0.68548297,6.45689874,0.59271092,4.54869245,0.52969405,4.87722254,0.0,0.69301464,0.58567626,0.53315485,0.70225607,2,high
2035-01-02T07:00:00Z,0.72805889,154.0,817.13602394,1667.3862926,1.0,28.0,124.0,0.0,0.0,0.96592583,-0.25881905,0.78183148,0.6234898,0.70820167,5.15817789,0.60855837,4.73942793,0.54309492,4.8347688,0.76159343,0.74709873,0.63718412,0.53788952,0.74035183,2,high
2035-01-02T07:15:00Z,0.74520562,155.0,798.96826512,1723.95449656,1.0,29.0,125.0,0.0,0.0,0.94693013,-0.32143947,0.78183148,0.6234898,0.72834447,4.74603556,0.62891896,4.47457077,0.55503474,4.60100258,0.76159343,0.72805889,0.6646344,0.50087851,0.7377812,1,medium
2035-01-02T07:30:00Z,0.77883532,155.0,793.38019753,1713.81512989,1.0,30.0,126.0,0.0,0.0,0.92387953,-0.38268343,0.78183148,0.6234898,0.74979964,4.95601409,0.65012502,4.60984651,0.56741326,4.67119341,0.76159343,0.74520562,0.69301464,0.52436253,0.81225656,2,high
2035-01-02T07:45:00Z,0.8161349,155.0,819.55743493,1708.18496999,1.0,31.0,127.0,0.0,0.0,0.89687274,-0.44228869,0.78183148,0.6234898,0.76705868,4.28463388,0.67494201,5.0267551,0.5824078,4.7499582,0.76159343,0.77883532,0.74709873,0.51833109,0.77770572,2,high
2035-01-02T08:00:00Z,0.80652163,155.0,811.42912918,1667.83109418,1.0,32.0,128.0,0.0,0.0,0.8660254,-0.5,0.78183148,0.6234898,0.78667437,3.90757159,0.69774278,4.96051491,0.59573727,4.61172488,0.38453114,0.8161349,0.72805889,0.53291238,0.78807467,2,high
2035-01-02T08:15:00Z,0.79650207,154.0,823.25194386,1706.88453785,1.0,33.0,129.0,0.0,0.0,0.83146961,-0.55557023,0.78183148,0.6234898,0.79949848,3.62248501,0.71448835,4.25887133,0.61035467,4.40565639,0.78531357,0.80652163,0.74520562,0.59555521,0.81776851,1,medium
2035-01-02T08:30:00Z,0.8437052,156.0,786.46716427,1647.11566081,1.0,34.0,130.0,0.0,0.0,0.79335334,-0.60876143,0.78183148,0.6234898,0.81571595,4.16542257,0.73688098,4.61409223,0.62674652,4.68956753,0.78531357,0.79650207,0.77883532,0.57499364,0.83221668,1,medium
2035-01-02T08:45:00Z,0.80003373,154.0,819.69379788,1690.83404416,1.0,35.0,131.0,0.0,0.0,0.75183981,-0.65934582,0.78183148,0.6234898,0.81169066,4.42029791,0.7547441,5.05394351,0.63899713,4.60925619,2.53217235,0.8437052,0.8161349,0.58567626,0.7862524,1,medium
2035-01-02T09:00:00Z,0.80557287,154.0,806.62264297,1753.5733297,1.0,36.0,132.0,0.0,0.0,0.70710678,-0.70710678,0.78183148,0.6234898,0.81145347,4.2573322,0.7687765,4.44102722,0.65367598,4.29459232,2.14764121,0.80003373,0.80652163,0.63718412,0.82546994,1,medium
2035-01-02T09:15:00Z,0.77973346,156.0,829.85391428,1698.9640033,1.0,37.0,133.0,0.0,0.0,0.65934582,-0.75183981,0.78183148,0.6234898,0.80726132,4.89012638,0.77836809,4.41954898,0.6671076,4.43955923,2.78043539,0.80557287,0.79650207,0.6646344,0.81979718,1,medium
2035-01-02T09:30:00Z,0.79709394,154.0,815.80204659,1693.62453014,1.0,38.0,134.0,0.0,0.0,0.60876143,-0.79335334,0.78183148,0.6234898,0.7956085,3.69642017,0.78704136,4.27261894,0.68096181,4.50717561,2.78043539,0.77973346,0.8437052,0.69301464,0.7585605,1,medium
2035-01-02T09:45:00Z,0.75339049,153.0,795.2895972,1643.27056022,1.0,39.0,135.0,0.0,0.0,0.55557023,-0.83146961,0.78183148,0.6234898,0.78394769,3.69769941,0.78756568,4.1342104,0.6901383,4.34145142,2.78171463,0.79709394,0.80003373,0.74709873,0.73991151,0,low
2035-01-02T10:00:00Z,0.71013466,154.0,794.50679185,1702.5309008,1.0,40.0,136.0,0.0,0.0,0.5,-0.8660254,0.78183148,0.6234898,0.76008814,5.20636725,0.78607199,4.45709035,0.69731518,4.59825914,4.5119479,0.75339049,0.80557287,0.72805889,0.73094643,0,low
2035-01-02T10:15:00Z,0.65952632,154.0,812.86444143,1647.30971006,1.0,41.0,137.0,0.0,0.0,0.44228869,-0.89687274,0.78183148,0.6234898,0.73003635,6.19712418,0.77893205,4.90324519,0.7039255,4.68890798,5.50270483,0.71013466,0.77973346,0.74520562,0.67960832,0,low
2035-01-02T10:30:00Z,0.61569134,154.0,785.50484827,1665.80542367,1.0,42.0,138.0,0.0,0.0,0.38268343,-0.92387953,0.78183148,0.6234898,0.6846857,7.25610412,0.76533672,5.03931562,0.70773087,4.82458107,7.25610412,0.65952632,0.79709394,0.77883532,0.62821485,0,low
2035-01-02T10:45:00Z,0.58613005,154.0,791.25838056,1715.06298859,1.0,43.0,139.0,0.0,0.0,0.32143947,-0.94693013,0.78183148,0.6234898,0.64287059,6.69041746,0.74616965,4.93613826,0.71055583,4.98144668,6.69041746,0.61569134,0.75339049,0.8161349,0.63256698,0,low
2035-01-02T11:00:00Z,0.55637908,154.0,833.03922556,1657.40205946,1.0,44.0,140.0,0.0,0.0,0.25881905,-0.96592583,0.78183148,0.6234898,0.6044317,6.15022316,0.72532443,5.20464087,0.71153361,5.08257789,6.15022316,0.58613005,0.71013466,0.80652163,0.57254297,0,low
2035-01-02T11:15:00Z,0.53889077,153.0,817.22564967,1718.99030198,1.0,45.0,141.0,0.0,0.0,0.19509032,-0.98078528,0.78183148,0.6234898,0.57427281,4.82542203,0.70385683,5.3042242,0.70917259,4.78154776,4.82542203,0.55637908,0.65952632,0.79650207,0.53674022,0,low
2035-01-02T11:30:00Z,0.56115591,153.0,838.02289313,1707.8635732,1.0,46.0,142.0,0.0,0.0,0.13052619,-0.99144486,0.78183148,0.6234898,0.56063895,3.96262826,0.68031105,4.97171752,0.70859602,4.79290487,3.07202273,0.53889077,0.61569134,0.8437052,0.51119192,0,low
2035-01-02T11:45:00Z,0.49339563,155.0,797.15226684,1660.77356446,1.0,47.0,143.0,0.0,0.0,0.06540313,-0.99785892,0.78183148,0.6234898,0.53745534,5.49058804,0.65475787,5.29290164,0.70475099,5.17342257,4.59998251,0.56115591,0.58613005,0.80003373,0.50646207,0,low
2035-01-02T12:00:00Z,0.50270904,155.0,810.36134323,1690.59537609,1.0,48.0,144.0,0.0,0.0,0.0,-1.0,0.78183148,0.6234898,0.52403784,4.67308573,0.62951922,5.34322538,0.69914786,4.8921263,3.40994354,0.49339563,0.55637908,0.80557287,0.4940047,0,low
2035-01-02T12:15:00Z,0.4935522,156.0,841.23292817,1719.17448979,1.0,49.0,145.0,0.0,0.0,-0.06540313,-0.99785892,0.78183148,0.6234898,0.51270319,4.33982729,0.60567078,5.12079117,0.69201944,4.77017008,3.0766851,0.50270904,0.53889077,0.77973346,0.45688957,0,low
2035-01-02T12:30:00Z,0.47025165,154.0,829.63103474,1670.00652481,1.0,50.0,146.0,0.0,0.0,-0.13052619,-0.99144486,0.78183148,0.6234898,0.48997713,4.38124351,0.57843393,5.19999196,0.68273765,4.73630545,4.00870684,0.4935522,0.56115591,0.79709394,0.43952114,0,low
2035-01-02T12:45:00Z,0.42795073,155.0,809.29482006,1618.24256259,1.0,51.0,147.0,0.0,0.0,-0.19509032,-0.98078528,0.78183148,0.6234898,0.4736159,3.3628694,0.55131395,5.18129163,0.66943981,4.65775102,2.99033273,0.47025165,0.49339563,0.75339049,0.47309565,0,low
2035-01-02T13:00:00Z,0.44586789,155.0,808.62728982,1701.17047713,1.0,52.0,148.0,0.0,0.0,-0.25881905,-0.96592583,0.78183148,0.6234898,0.45940562,3.70701937,0.52929172,4.84344276,0.65768185,4.65026655,2.99033273,0.42795073,0.50270904,0.71013466,0.4596776,0,low
2035-01-02T13:15:00Z,0.47508621,154.0,825.31630853,1656.47536344,1.0,53.0,149.0,0.0,0.0,-0.32143947,-0.94693013,0.78183148,0.6234898,0.45478912,4.50947793,0.51392171,4.55824242,0.64642688,4.73074381,2.62405876,0.44586789,0.4935522,0.65952632,0.42841475,0,low
2035-01-02T13:30:00Z,0.48498369,153.0,822.07979495,1693.58807659,1.0,54.0,150.0,0.0,0.0,-0.38268343,-0.92387953,0.78183148,0.6234898,0.45847213,3.97335557,0.5030294,4.10574245,0.63418306,4.57252904,1.69203702,0.47508621,0.47025165,0.61569134,0.43634835,0,low
2035-01-02T13:45:00Z,0.42559549,156.0,794.90539825,1594.19341633,1.0,55.0,151.0,0.0,0.0,-0.44228869,-0.89687274,0.78183148,0.6234898,0.45788332,4.65684648,0.48965152,4.50343464,0.61791058,4.71978645,2.37552793,0.48498369,0.42795073,0.58613005,0.45598971,0,low
2035-01-02T14:00:00Z,0.45820668,156.0,819.53023767,1658.68461726,1.0,56.0,152.0,0.0,0.0,-0.5,-0.8660254,0.78183148,0.6234898,0.46096802,5.24460748,0.48147049,4.54157086,0.60339746,4.87310587,2.37552793,0.42559549,0.44586789,0.55637908,0.47024357,0,low
2035-01-02T14:15:00Z,0.45689854,156.0,844.5025164,1753.42621384,1.0,57.0,153.0,0.0,0.0,-0.55557023,-0.83146961,0.78183148,0.6234898,0.4564211,4.12820082,0.4746378,4.32583535,0.58924731,4.81502977,2.42785379,0.45820668,0.47508621,0.53889077,0.48600894,0,low
2035-01-02T14:30:00Z,0.46818911,155.0,842.06373593,1699.00444817,1.0,58.0,154.0,0.0,0.0,-0.60876143,-0.79335334,0.78183148,0.6234898,0.45222246,4.18392457,0.46689057,4.17950788,0.57360081,4.5756127,2.42785379,0.45689854,0.48498369,0.56115591,0.5010578,0,low
2035-01-02T14:45:00Z,0.52309686,154.0,772.17929099,1600.41973982,1.0,59.0,155.0,0.0,0.0,-0.65934582,-0.75183981,0.78183148,0.6234898,0.4765978,4.00470649,0.46936567,4.00814079,0.56206177,4.65052121,0.05232586,0.46818911,0.42559549,0.49339563,0.47354549,0,low
2035-01-02T15:00:00Z,0.50832228,154.0,805.96071073,1701.67484833,1.0,60.0,156.0,0.0,0.0,-0.70710678,-0.70710678,0.78183148,0.6234898,0.4891267,3.29124191,0.46983344,4.08095625,0.54967633,4.71209082,0.64330893,0.52309686,0.45820668,0.50270904,0.48353555,0,low
2035-01-02T15:15:00Z,0.54997681,153.0,800.67478585,1642.37320433,1.0,61.0,157.0,0.0,0.0,-0.75183981,-0.65934582,0.78183148,0.6234898,0.51239627,4.90509708,0.4745355,4.51425861,0.54010314,4.81752489,0.59098306,0.50832228,0.45689854,0.4935522,0.54893656,0,low
2035-01-02T15:30:00Z,0.55859091,155.0,811.87496839,1756.05540168,1.0,62.0,158.0,0.0,0.0,-0.79335334,-0.60876143,0.78183148,0.6234898,0.53499672,4.79803804,0.4818971,4.3184394,0.53016551,4.75921568,0.59098306,0.54997681,0.46818911,0.47025165,0.50506079,0,low
2035-01-02T15:45:00Z,0.56861698,153.0,808.23526871,1754.65345886,1.0,63.0,159.0,0.0,0.0,-0.83146961,-0.55557023,0.78183148,0.6234898,0.54637675,3.0027707,0.49361929,3.88810789,0.52246662,4.53469976,0.59098306,0.55859091,0.52309686,0.42795073,0.52939453,0,low
2035-01-02T16:00:00Z,0.5423841,153.0,817.4917483,1716.50348444,1.0,64.0,160.0,0.0,0.0,-0.8660254,-0.5,0.78183148,0.6234898,0.5548922,3.46110269,0.50166231,3.99898403,0.51547701,4.42121339,1.04931505,0.56861698,0.50832228,0.44586789,0.5280885,0,low
2035-01-02T16:15:00Z,0.57378541,153.0,791.82641137,1675.97870186,1.0,65.0,161.0,0.0,0.0,-0.89687274,-0.44228869,0.78183148,0.6234898,0.56084435,3.0509741,0.50988724,4.02809066,0.51190447,4.29316654,1.04931505,0.5423841,0.54997681,0.47508621,0.57572616,0,low
2035-01-02T16:30:00Z,0.57182428,155.0,813.69649269,1710.6716905,1.0,66.0,162.0,0.0,0.0,-0.92387953,-0.38268343,0.78183148,0.6234898,0.56415269,2.78485538,0.51712395,3.92227266,0.51007668,4.01400756,1.12776043,0.57378541,0.55859091,0.48498369,0.5606194,0,low
2035-01-02T16:45:00Z,0.5695202,155.0,819.18010194,1761.54766746,1.0,67.0,163.0,0.0,0.0,-0.94693013,-0.32143947,0.78183148,0.6234898,0.5643785,2.47597571,0.52911768,3.16115096,0.5093846,3.8322928,1.21992326,0.57182428,0.56861698,0.42559549,0.54296269,0,low
2035-01-02T17:00:00Z,0.59217615,154.0,797.12603079,1662.14346332,1.0,68.0,164.0,0.0,0.0,-0.96592583,-0.25881905,0.78183148,0.6234898,0.57682651,2.33289838,0.5402818,3.02841432,0.51087615,3.78499259,0.17060821,0.5695202,0.5423841,0.45820668,0.54234439,0,low
2035-01-02T17:15:00Z,0.54058562,154.0,805.39063776,1652.16511188,1.0,69.0,165.0,0.0,0.0,-0.98078528,-0.19509032,0.78183148,0.6234898,0.56852656,3.14046696,0.54725573,3.69884605,0.51094677,4.0123407,2.23422924,0.59217615,0.57378541,0.45689854,0.55730384,0,low
2035-01-02T17:30:00Z,0.56517247,153.0,806.45045583,1710.84639641,1.0,70.0,166.0,0.0,0.0,-0.99144486,-0.13052619,0.78183148,0.6234898,0.56686361,4.04549531,0.55533767,3.87612958,0.51111412,4.02781873,2.15578386,0.54058562,0.57182428,0.46818911,0.57580474,0,low
2035-01-02T17:45:00Z,0.57627497,154.0,838.1801969,1677.25682584,1.0,71.0,167.0,0.0,0.0,-0.99785892,-0.06540313,0.78183148,0.6234898,0.5685523,4.39743258,0.55976918,3.29205966,0.51456743,3.65010023,2.06362103,0.56517247,0.5695202,0.52309686,0.5389538,0,low
2035-01-02T18:00:00Z,0.52406295,155.0,800.36744076,1667.91693551,1.0,72.0,168.0,0.0,0.0,-1.0,-0.0,0.78183148,0.6234898,0.551524,5.57967539,0.5610809,3.79122548,0.51545717,3.93609087,4.15210156,0.57627497,0.59217615,0.50832228,0.54778465,0,low
2035-01-02T18:15:00Z,0.5478808,155.0,801.51046246,1709.31670818,1.0,73.0,169.0,0.0,0.0,-0.99785892,0.06540313,0.78183148,0.6234898,0.5533478,4.46876826,0.56090624,3.55340311,0.51772087,4.03383086,2.08848053,0.52406295,0.54058562,0.54997681,0.53776688,0,low
2035-01-02T18:30:00Z,0.49885646,153.0,791.74433468,1629.75699296,1.0,74.0,170.0,0.0,0.0,-0.99144486,0.13052619,0.78183148,0.6234898,0.5367688,5.44626823,0.55592837,4.09220631,0.51891273,4.20532285,4.04945423,0.5478808,0.56517247,0.55859091,0.50196234,0,low
2035-01-02T18:45:00Z,0.48979497,155.0,823.73565937,1695.17691867,1.0,75.0,171.0,0.0,0.0,-0.98078528,0.19509032,0.78183148,0.6234898,0.5151488,5.3646279,0.54935986,4.0793454,0.52148958,3.98372664,4.411914,0.49885646,0.57627497,0.56861698,0.48786595,0,low
2035-01-02T19:00:00Z,0.49522939,153.0,816.34866055,1742.38644674,1.0,76.0,172.0,0.0,0.0,-0.96592583,0.25881905,0.78183148,0.6234898,0.5079404,3.49352431,0.54543031,3.80203269,0.52354631,3.90050836,2.32343347,0.48979497,0.52406295,0.5423841,0.45600168,0,low
2035-01-02T19:15:00Z,0.45922306,154.0,804.89403652,1627.62531294,1.0,77.0,173.0,0.0,0.0,-0.94693013,0.32143947,0.78183148,0.6234898,0.48577597,3.98106371,0.53588344,3.86343298,0.52288534,3.94576182,3.76368676,0.49522939,0.5478808,0.57378541,0.43487777,0,low
2035-01-02T19:30:00Z,0.46274397,153.0,843.49343448,1739.29327274,1.0,78.0,174.0,0.0,0.0,-0.92387953,0.38268343,0.78183148,0.6234898,0.47674785,2.16092656,0.52679342,3.88423004,0.52195869,3.90325135,1.80271306,0.45922306,0.49885646,0.57182428,0.48742802,0,low
2035-01-02T19:45:00Z,0.46711822,153.0,817.75408396,1687.41058893,1.0,79.0,175.0,0.0,0.0,-0.89687274,0.44228869,0.78183148,0.6234898,0.47107866,1.97343659,0.51825992,3.91183236,0.5236888,3.53649166,1.4402533,0.46274397,0.48979497,0.5695202,0.45603763,0,low
2035-01-02T20:00:00Z,0.46179184,154.0,836.55643149,1691.83833696,1.0,80.0,176.0,0.0,0.0,-0.8660254,0.5,0.78183148,0.6234898,0.46271927,1.96911478,0.50739456,3.6807715,0.52383818,3.35459291,1.65330843,0.46711822,0.49522939,0.59217615,0.46249542,0,low
2035-01-02T20:15:00Z,0.39774787,155.0,806.03802459,1664.65675584,1.0,81.0,177.0,0.0,0.0,-0.83146961,0.55557023,0.78183148,0.6234898,0.44735047,3.09062024,0.49549141,3.8468174,0.52137357,3.77283173,2.77481389,0.46179184,0.45922306,0.54058562,0.40049138,0,low
2035-01-02T20:30:00Z,0.39359571,155.0,835.01402295,1693.63257791,1.0,82.0,178.0,0.0,0.0,-0.79335334,0.60876143,0.78183148,0.6234898,0.43006341,3.11587006,0.48119335,3.57435495,0.51826551,3.72524226,2.94090026,0.39774787,0.46274397,0.56517247,0.43979042,0,low
2035-01-02T20:45:00Z,0.43236851,155.0,785.91494658,1653.77846606,1.0,83.0,179.0,0.0,0.0,-0.75183981,0.65934582,0.78183148,0.6234898,0.42137598,4.49181229,0.46920114,3.94329226,0.51448516,3.61767596,2.94090026,0.39359571,0.46711822,0.57627497,0.42341396,0,low
2035-01-02T21:00:00Z,0.43433512,156.0,818.91310482,1686.68514946,1.0,84.0,180.0,0.0,0.0,-0.70710678,0.70710678,0.78183148,0.6234898,0.4145118,4.35742164,0.46172383,3.27335358,0.51140236,3.53228953,2.72784513,0.43236851,0.46179184,0.52406295,0.39092137,0,low
2035-01-02T21:15:00Z,0.41631333,153.0,821.58527831,1694.94322189,1.0,85.0,181.0,0.0,0.0,-0.65934582,0.75183981,0.78183148,0.6234898,0.41915317,2.51653449,0.45075987,3.19607281,0.50583305,3.37473796,0.88695798,0.43433512,0.39774787,0.5478808,0.42924371,0,low
2035-01-02T21:30:00Z,0.37467933,155.0,800.8990991,1644.11867048,1.0,86.0,182.0,0.0,0.0,-0.60876143,0.79335334,0.78183148,0.6234898,0.41442407,4.01580818,0.44041178,3.09753493,0.49817007,3.59487062,2.38623167,0.41631333,0.39359571,0.49885646,0.40801218,0,low
2035-01-02T21:45:00Z,0.39303704,155.0,821.37656959,1709.25022362,1.0,87.0,183.0,0.0,0.0,-0.55557023,0.83146961,0.78183148,0.6234898,0.4045912,3.19920435,0.43234861,3.22148441,0.49085424,3.65041491,2.38623167,0.37467933,0.43236851,0.48979497,0.39168218,0,low
2035-01-02T22:00:00Z,0.42627627,154.0,794.29766185,1692.10486555,1.0,88.0,184.0,0.0,0.0,-0.5,0.8660254,0.78183148,0.6234898,0.40257649,4.45010929,0.42660252,3.59221524,0.48601641,3.69712397,2.38623167,0.39303704,0.43433512,0.49522939,0.40181514,0,low
2035-01-02T22:15:00Z,0.39520015,155.0,800.88171604,1678.6306274,1.0,89.0,185.0,0.0,0.0,-0.44228869,0.89687274,0.78183148,0.6234898,0.3972982,4.97228259,0.42126728,3.52647911,0.47857536,3.69495604,2.90840496,0.42627627,0.41631333,0.45922306,0.42773795,0,low
2035-01-02T22:30:00Z,0.4265754,153.0,827.45106474,1707.02971327,1.0,90.0,186.0,0.0,0.0,-0.38268343,0.92387953,0.78183148,0.6234898,0.41027221,4.56193251,0.41825323,3.89787025,0.47252332,3.89105014,1.2430449,0.39520015,0.37467933,0.46274397,0.36902582,0,low
2035-01-02T22:45:00Z,0.37365937,156.0,775.97921064,1631.32634058,1.0,91.0,187.0,0.0,0.0,-0.32143947,0.94693013,0.78183148,0.6234898,0.4054278,5.9442655,0.41046499,4.54509405,0.46436246,4.2284632,3.35968611,0.4265754,0.39303704,0.46711822,0.38419348,0,low
2035-01-02T23:00:00Z,0.38834296,153.0,821.02398288,1696.84454748,1.0,92.0,188.0,0.0,0.0,-0.25881905,0.96592583,0.78183148,0.6234898,0.39594447,5.20203998,0.40434425,4.66985697,0.45586941,4.17531423,3.35968611,0.37365937,0.42627627,0.46179184,0.3748421,0,low
2035-01-02T23:15:00Z,0.38464995,154.0,847.21278116,1710.82353635,1.0,93.0,189.0,0.0,0.0,-0.19509032,0.98078528,0.78183148,0.6234898,0.39330692,4.10671562,0.40325276,3.86517757,0.44937209,3.85599749,2.26436175,0.38834296,0.39520015,0.39774787,0.42968577,0,low
2035-01-02T23:30:00Z,0.39877512,155.0,838.75239548,1692.89608665,1.0,94.0,190.0,0.0,0.0,-0.13052619,0.99144486,0.78183148,0.6234898,0.38635685,3.41671255,0.40368438,3.99815108,0.44243886,3.78625301,2.26436175,0.38464995,0.4265754,0.39359571,0.3981511,0,low
2035-01-02T23:45:00Z,0.38847912,153.0,845.38455437,1716.03148061,1.0,95.0,191.0,0.0,0.0,-0.06540313,0.99785892,0.78183148,0.6234898,0.39006179,1.71191153,0.40002693,3.61846046,0.43461404,3.78087636,0.55956073,0.39877512,0.37365937,0.43236851,0.42279692,0,low
2035-01-03T00:00:00Z,0.43646663,154.0,778.32159826,1630.22208471,2.0,0.0,192.0,0.0,0.0,0.0,1.0,0.97492791,-0.22252093,0.40209271,3.04406798,0.40020456,4.23207242,0.43096419,3.752713,0.55956073,0.38847912,0.38834296,0.43433512,0.43413126,0,low
2035-01-03T00:15:00Z,0.44149747,156.0,831.02295532,1679.86217284,2.0,1.0,193.0,0.0,0.0,0.06540313,0.99785892,0.97492791,-0.22252093,0.41630458,3.09758106,0.40230323,4.05885976,0.42653155,3.62746628,0.41184019,0.43646663,0.38464995,0.41631333,0.45789077,0,low
2035-01-03T00:30:00Z,0.41497969,153.0,819.0437124,1722.07845023,2.0,2.0,194.0,0.0,0.0,0.13052619,0.99144486,0.97492791,-0.22252093,0.42035573,3.59328521,0.4056616,3.85731009,0.42303669,3.47742251,1.47255124,0.44149747,0.39877512,0.37467933,0.44992416,0,low
2035-01-03T00:45:00Z,0.41675934,153.0,820.57478286,1704.97500942,2.0,3.0,195.0,0.0,0.0,0.19509032,0.98078528,0.97492791,-0.22252093,0.42742578,3.25263075,0.40763846,3.63626926,0.41999354,3.42887684,1.06071106,0.41497969,0.38847912,0.39303704,0.43184603,0,low
2035-01-03T01:00:00Z,0.44060561,155.0,800.36019073,1717.54060883,2.0,4.0,196.0,0.0,0.0,0.25881905,0.96592583,0.97492791,-0.22252093,0.42846053,2.28698137,0.40883257,3.51102978,0.41771754,3.55162251,1.06071106,0.41675934,0.43646663,0.42627627,0.40643813,0,low
2035-01-03T01:15:00Z,0.47393435,153.0,794.40448649,1656.00670403,2.0,5.0,197.0,0.0,0.0,0.32143947,0.94693013,0.97492791,-0.22252093,0.43656975,3.41889736,0.41539375,3.54106468,0.41833051,3.53377189,1.06071106,0.44060561,0.44149747,0.39520015,0.45864979,0,low
2035-01-03T01:30:00Z,0.47237169,154.0,841.8605365,1735.06015437,2.0,6.0,198.0,0.0,0.0,0.38268343,0.92387953,0.97492791,-0.22252093,0.45091775,2.42069259,0.41921011,3.14356345,0.41873167,3.52071685,0.06250628,0.47393435,0.41497969,0.4265754,0.48175087,0,low
2035-01-03T01:45:00Z,0.48372737,155.0,843.06510549,1718.37404567,2.0,7.0,199.0,0.0,0.0,0.44228869,0.89687274,0.97492791,-0.22252093,0.46765976,2.803734,0.42838244,2.58942543,0.41942372,3.56725974,0.06250628,0.47237169,0.41675934,0.37365937,0.456266,0,low
2035-01-03T02:00:00Z,0.4479155,154.0,803.58017666,1647.82178949,2.0,8.0,200.0,0.0,0.0,0.5,0.8660254,0.97492791,-0.22252093,0.46948723,3.28235785,0.43334682,2.87113573,0.41884554,3.77049635,1.4949811,0.48372737,0.44060561,0.38834296,0.48661427,0,low
2035-01-03T02:15:00Z,0.4571018,153.0,833.88972715,1669.51582391,2.0,9.0,201.0,0.0,0.0,0.55557023,0.83146961,0.97492791,-0.22252093,0.46527909,2.31666016,0.43938447,2.94437953,0.42131862,3.40477855,1.4949811,0.4479155,0.47393435,0.38464995,0.44568444,0,low
2035-01-03T02:30:00Z,0.44908231,154.0,821.00213599,1734.20104915,2.0,10.0,202.0,0.0,0.0,0.60876143,0.79335334,0.97492791,-0.22252093,0.45945675,2.57493324,0.44357674,2.86297035,0.42363056,3.43056071,1.75325417,0.4571018,0.47237169,0.39877512,0.45030091,0,low
2035-01-03T02:45:00Z,0.50520293,155.0,787.67013939,1626.87339544,2.0,11.0,203.0,0.0,0.0,0.65934582,0.75183981,0.97492791,-0.22252093,0.46482564,4.36553056,0.45330372,3.4739651,0.42666533,3.54621278,1.75325417,0.44908231,0.48372737,0.38847912,0.50601908,0,low
2035-01-03T03:00:00Z,0.51167167,155.0,806.13960796,1731.4703212,2.0,12.0,204.0,0.0,0.0,0.70710678,0.70710678,0.97492791,-0.22252093,0.48076468,3.19180547,0.45957081,2.92038156,0.42988768,3.57622699,0.32077935,0.50520293,0.4479155,0.43646663,0.45328036,0,low
2035-01-03T03:15:00Z,0.46856916,153.0,801.21769481,1618.57895341,2.0,13.0,205.0,0.0,0.0,0.75183981,0.65934582,0.97492791,-0.22252093,0.48363152,4.548454,0.46182678,3.42800384,0.43206501,3.7434318,2.0448798,0.51167167,0.4571018,0.44149747,0.45737474,0,low
2035-01-03T03:30:00Z,0.49778067,155.0,808.22995303,1726.04875633,2.0,14.0,206.0,0.0,0.0,0.79335334,0.60876143,0.97492791,-0.22252093,0.49580611,5.39613501,0.46872687,3.46392028,0.43719423,3.66061518,1.72410045,0.46856916,0.44908231,0.41497969,0.46459277,0,low
2035-01-03T03:45:00Z,0.49096228,154.0,834.08619146,1701.1406495,2.0,15.0,207.0,0.0,0.0,0.83146961,0.55557023,0.97492791,-0.22252093,0.49224594,3.42404599,0.47491045,3.53110352,0.44127445,3.58368639,1.99683589,0.49778067,0.50520293,0.41675934,0.53315485,0,low
2035-01-03T04:00:00Z,0.53158205,156.0,796.567198,1632.1818463,2.0,16.0,208.0,0.0,0.0,0.8660254,0.5,0.97492791,-0.22252093,0.49722354,4.79008707,0.48249182,3.75475013,0.44566219,3.63288995,1.99683589,0.49096228,0.51167167,0.44060561,0.53788952,0,low
2035-01-03T04:15:00Z,0.48353739,154.0,803.0324197,1619.54859139,2.0,17.0,209.0,0.0,0.0,0.89687274,0.44228869,0.97492791,-0.22252093,0.5009656,4.98777299,0.48329207,3.95096238,0.44934291,3.74601353,2.19452181,0.53158205,0.46856916,0.47393435,0.50087851,0,low
2035-01-03T04:30:00Z,0.54741666,154.0,805.04852598,1589.76972439,2.0,18.0,210.0,0.0,0.0,0.92387953,0.38268343,0.97492791,-0.22252093,0.5133746,6.37448346,0.48954582,4.78185057,0.45437796,3.96270701,2.19452181,0.48353739,0.49778067,0.47237169,0.52436253,0,low
2035-01-03T04:45:00Z,0.5105228,156.0,785.56885145,1642.63133245,2.0,19.0,211.0,0.0,0.0,0.94693013,0.32143947,0.97492791,-0.22252093,0.51826473,7.57750253,0.49177877,5.12235969,0.46008061,3.85589256,3.39754089,0.54741666,0.49096228,0.48372737,0.51833109,0,low
2035-01-03T05:00:00Z,0.52068749,154.0,811.69861937,1722.70774785,2.0,20.0,212.0,0.0,0.0,0.96592583,0.25881905,0.97492791,-0.22252093,0.51554109,6.35929914,0.4978431,4.78039722,0.46559496,3.82576648,3.39754089,0.5105228,0.53158205,0.4479155,0.53291238,1,medium
2035-01-03T05:15:00Z,0.5399188,156.0,822.2654504,1720.22176421,2.0,21.0,213.0,0.0,0.0,0.98078528,0.19509032,0.97492791,-0.22252093,0.52963644,5.20676539,0.50474452,4.91433079,0.4720645,3.92935516,1.47575452,0.52068749,0.48353739,0.4571018,0.59555521,1,medium
2035-01-03T05:30:00Z,0.5546877,155.0,817.4028034,1732.12388649,2.0,22.0,214.0,0.0,0.0,0.99144486,0.13052619,0.97492791,-0.22252093,0.5314542,3.24235053,0.51354497,5.004323,0.47856085,3.93364667,1.47575452,0.5399188,0.54741666,0.44908231,0.57499364,1,medium
2035-01-03T05:45:00Z,0.57733485,156.0,812.07888064,1681.32780626,2.0,23.0,215.0,0.0,0.0,0.99785892,0.06540313,0.97492791,-0.22252093,0.54815721,2.6724821,0.51955596,4.55801021,0.48642984,4.01598766,0.0,0.5546877,0.5105228,0.50520293,0.58567626,1,medium
2035-01-03T06:00:00Z,0.61299692,155.0,801.12649772,1647.15595764,2.0,24.0,216.0,0.0,0.0,1.0,0.0,0.97492791,-0.22252093,0.57123457,3.69237727,0.52799973,4.94725449,0.49378527,3.93381803,0.0,0.57733485,0.52068749,0.51167167,0.63718412,1,medium
2035-01-03T06:15:00Z,0.62615526,155.0,804.38412813,1674.83594426,2.0,25.0,217.0,0.0,0.0,0.99785892,-0.06540313,0.97492791,-0.22252093,0.59279368,3.44945816,0.54113191,4.54799885,0.50147935,3.98800134,0.0,0.61299692,0.5399188,0.46856916,0.6646344,1,medium
2035-01-03T06:30:00Z,0.67858217,155.0,798.35430027,1681.08084437,2.0,26.0,218.0,0.0,0.0,0.99144486,-0.13052619,0.97492791,-0.22252093,0.6237673,4.95577878,0.5561987,4.85753759,0.51246278,4.16072893,0.0,0.62615526,0.5546877,0.49778067,0.69301464,2,high
2035-01-03T06:45:00Z,0.73761678,154.0,790.56426882,1659.51619992,2.0,27.0,219.0,0.0,0.0,0.98078528,-0.19509032,0.97492791,-0.22252093,0.66383778,6.41127721,0.57675324,5.55375395,0.52583184,4.54242873,0.0,0.67858217,0.57733485,0.49096228,0.74709873,1,medium
2035-01-03T07:00:00Z,0.76817175,155.0,800.96161206,1693.36141722,2.0,28.0,220.0,0.0,0.0,0.96592583,-0.25881905,0.97492791,-0.22252093,0.70263149,6.20699339,0.59646905,5.4195566,0.53948043,4.58715336,0.0,0.73761678,0.61299692,0.53158205,0.72805889,2,high
2035-01-03T07:15:00Z,0.74665474,156.0,826.36750888,1696.4178614,2.0,29.0,221.0,0.0,0.0,0.94693013,-0.32143947,0.97492791,-0.22252093,0.73275636,6.54134027,0.61839549,5.06585461,0.55084378,4.5084085,0.8606804,0.76817175,0.62615526,0.48353739,0.74520562,2,high
2035-01-03T07:30:00Z,0.8091514,156.0,789.50131473,1664.03867704,2.0,30.0,222.0,0.0,0.0,0.92387953,-0.38268343,0.97492791,-0.22252093,0.76539867,6.94412983,0.64020672,5.04741971,0.56487627,4.91463514,0.8606804,0.74665474,0.67858217,0.54741666,0.77883532,2,high
2035-01-03T07:45:00Z,0.77434673,155.0,787.36083152,1692.29515854,2.0,31.0,223.0,0.0,0.0,0.89687274,-0.44228869,0.97492791,-0.22252093,0.77458115,5.97493207,0.66219205,5.01956379,0.57698541,5.07096174,2.25286715,0.8091514,0.73761678,0.5105228,0.8161349,2,high
2035-01-03T08:00:00Z,0.83464455,156.0,801.55152437,1615.29272896,2.0,32.0,224.0,0.0,0.0,0.8660254,-0.5,0.97492791,-0.22252093,0.79119935,7.16464605,0.68835514,5.68800557,0.59309912,5.2342014,2.25286715,0.77434673,0.76817175,0.52068749,0.80652163,1,medium
2035-01-03T08:15:00Z,0.85696377,155.0,822.41414143,1711.95524175,2.0,33.0,225.0,0.0,0.0,0.83146961,-0.55557023,0.97492791,-0.22252093,0.81877661,7.19673441,0.71477555,5.72917762,0.60976003,5.3217542,1.39218675,0.83464455,0.74665474,0.5399188,0.79650207,2,high
2035-01-03T08:30:00Z,0.85460264,155.0,825.9659064,1718.59944858,2.0,34.0,226.0,0.0,0.0,0.79335334,-0.60876143,0.97492791,-0.22252093,0.83013942,4.79131329,0.73976846,5.56374064,0.62665671,5.28403182,1.48663178,0.85696377,0.8091514,0.5546877,0.8437052,1,medium
2035-01-03T08:45:00Z,0.81251879,156.0,803.35688629,1685.52398975,2.0,35.0,227.0,0.0,0.0,0.75183981,-0.65934582,0.97492791,-0.22252093,0.83968243,5.08248065,0.75936712,5.82289664,0.63946154,5.19045343,1.77779914,0.85460264,0.77434673,0.57733485,0.80003373,1,medium
2035-01-03T09:00:00Z,0.78449745,154.0,824.21233046,1646.46852798,2.0,36.0,228.0,0.0,0.0,0.70710678,-0.70710678,0.97492791,-0.22252093,0.82714566,3.79142129,0.77365883,5.72102024,0.65082928,5.33413737,2.89865252,0.81251879,0.83464455,0.61299692,0.80557287,1,medium
2035-01-03T09:15:00Z,0.81408362,155.0,830.81349928,1658.32389639,2.0,37.0,229.0,0.0,0.0,0.65934582,-0.75183981,0.97492791,-0.22252093,0.81642562,4.08209906,0.78931953,5.94005792,0.66522572,5.24402838,2.89865252,0.78449745,0.85696377,0.62615526,0.77973346,1,medium
2035-01-03T09:30:00Z,0.75606893,153.0,802.93779149,1673.18304587,2.0,38.0,230.0,0.0,0.0,0.60876143,-0.79335334,0.97492791,-0.22252093,0.7917922,6.30824133,0.79577676,6.01456149,0.67598773,5.43604954,5.1247948,0.81408362,0.85460264,0.67858217,0.79709394,1,medium
2035-01-03T09:45:00Z,0.72467597,155.0,803.88550401,1661.94010476,2.0,39.0,231.0,0.0,0.0,0.55557023,-0.83146961,0.97492791,-0.22252093,0.76983149,5.88060579,0.79469836,5.64600617,0.6857258,5.59988006,4.69715926,0.75606893,0.81251879,0.73761678,0.75339049,0,low
2035-01-03T10:00:00Z,0.70532021,153.0,810.0968037,1675.3879542,2.0,40.0,232.0,0.0,0.0,0.5,-0.8660254,0.97492791,-0.22252093,0.75003718,5.53398261,0.78946073,5.49668332,0.69296489,5.45811996,4.35053608,0.72467597,0.78449745,0.76817175,0.71013466,0,low
2035-01-03T10:15:00Z,0.63904343,153.0,799.93798339,1647.59977011,2.0,41.0,233.0,0.0,0.0,0.44228869,-0.89687274,0.97492791,-0.22252093,0.70627714,7.00160754,0.78049312,6.09348034,0.69944431,5.57966747,7.00160754,0.70532021,0.81408362,0.74665474,0.65952632,0,low
2035-01-03T10:30:00Z,0.61026254,153.0,825.43610914,1699.10456345,2.0,42.0,234.0,0.0,0.0,0.38268343,-0.92387953,0.97492791,-0.22252093,0.66982554,5.83225581,0.76391905,5.64393681,0.70206289,5.34567826,5.83225581,0.63904343,0.75606893,0.8091514,0.61569134,0,low
2035-01-03T10:45:00Z,0.58660023,153.0,829.55427489,1680.97332881,2.0,43.0,235.0,0.0,0.0,0.32143947,-0.94693013,0.97492791,-0.22252093,0.6353066,5.52302944,0.74827351,5.49537196,0.70523278,5.25746788,5.52302944,0.61026254,0.72467597,0.77434673,0.58613005,0,low
2035-01-03T11:00:00Z,0.56645371,153.0,796.27990096,1697.89742612,2.0,44.0,236.0,0.0,0.0,0.25881905,-0.96592583,0.97492791,-0.22252093,0.60058998,5.55466033,0.72592427,4.96002141,0.70713971,5.32401349,5.55466033,0.58660023,0.70532021,0.83464455,0.55637908,0,low
2035-01-03T11:15:00Z,0.57819789,154.0,839.45658065,1721.65797439,2.0,45.0,237.0,0.0,0.0,0.19509032,-0.98078528,0.97492791,-0.22252093,0.58537859,3.37335607,0.70269378,4.81902089,0.70873467,5.27409925,2.90358887,0.56645371,0.63904343,0.85696377,0.53889077,0,low
2035-01-03T11:30:00Z,0.55825163,154.0,820.69796383,1680.53322244,2.0,46.0,238.0,0.0,0.0,0.13052619,-0.99144486,0.97492791,-0.22252093,0.57237586,3.0199708,0.67799787,5.05348931,0.70888316,5.30861497,2.5502036,0.57819789,0.61026254,0.85460264,0.56115591,0,low
2035-01-03T11:45:00Z,0.52711169,155.0,829.19371583,1642.02722454,2.0,47.0,239.0,0.0,0.0,0.06540313,-0.99785892,0.97492791,-0.22252093,0.55750373,3.31907594,0.65421394,4.90757039,0.70679053,5.36523352,2.84930873,0.55825163,0.58660023,0.81251879,0.49339563,0,low
2035-01-03T12:00:00Z,0.48555097,155.0,795.64738762,1693.53540278,2.0,48.0,240.0,0.0,0.0,0.0,-1.0,0.97492791,-0.22252093,0.53727804,4.17564376,0.62930173,5.08809557,0.70148028,5.40455791,3.70587656,0.52711169,0.56645371,0.78449745,0.50270904,0,low
2035-01-03T12:15:00Z,0.47565315,154.0,822.67347095,1716.09931195,2.0,49.0,241.0,0.0,0.0,-0.06540313,-0.99785892,0.97492791,-0.22252093,0.51164186,4.10178951,0.6010992,4.82558437,0.69520936,5.38282114,4.10178951,0.48555097,0.57819789,0.81408362,0.4935522,0,low
2035-01-03T12:30:00Z,0.49330513,153.0,809.93209883,1680.72018239,2.0,50.0,242.0,0.0,0.0,-0.13052619,-0.99144486,0.97492791,-0.22252093,0.49540523,4.01001833,0.57920221,4.28741498,0.68748949,5.15098823,3.3039392,0.47565315,0.55825163,0.75606893,0.47025165,0,low
2035-01-03T12:45:00Z,0.49153708,153.0,822.94120273,1725.47124899,2.0,51.0,243.0,0.0,0.0,-0.19509032,-0.98078528,0.97492791,-0.22252093,0.48651158,2.83514283,0.55977397,3.89241607,0.67723617,4.76921112,2.1290637,0.49330513,0.52711169,0.72467597,0.42795073,0,low
2035-01-03T13:00:00Z,0.43491593,155.0,812.23993785,1651.05164725,2.0,52.0,244.0,0.0,0.0,-0.25881905,-0.96592583,0.97492791,-0.22252093,0.47385282,3.43755986,0.53724028,4.38928798,0.66335051,4.94298565,2.73148073,0.49153708,0.48555097,0.70532021,0.44586789,0,low
2035-01-03T13:15:00Z,0.48435693,154.0,807.91160279,1693.71988958,2.0,53.0,245.0,0.0,0.0,-0.32143947,-0.94693013,0.97492791,-0.22252093,0.47602877,5.01928698,0.52434974,4.16481085,0.65242143,5.1291456,2.33556778,0.43491593,0.47565315,0.63904343,0.47508621,0,low
2035-01-03T13:30:00Z,0.44112729,154.0,783.27658277,1655.9556044,2.0,54.0,246.0,0.0,0.0,-0.38268343,-0.92387953,0.97492791,-0.22252093,0.46298431,6.04239366,0.51025514,4.35746093,0.63708709,5.00069887,4.06475358,0.48435693,0.49330513,0.61026254,0.48498369,0,low
2035-01-03T13:45:00Z,0.44290982,155.0,819.37342172,1724.40806105,2.0,55.0,247.0,0.0,0.0,-0.44228869,-0.89687274,0.97492791,-0.22252093,0.45082749,6.04297298,0.49828093,4.06573058,0.62327722,4.78055127,3.99403176,0.44112729,0.49153708,0.58660023,0.42559549,0,low
2035-01-03T14:00:00Z,0.44526871,155.0,827.22108104,1748.7370146,2.0,56.0,248.0,0.0,0.0,-0.5,-0.8660254,0.97492791,-0.22252093,0.45341569,3.87248274,0.48818218,3.82856212,0.60705323,4.39429177,1.7291858,0.44290982,0.43491593,0.56645371,0.45820668,0,low
2035-01-03T14:15:00Z,0.50028425,155.0,797.09595026,1660.11241918,2.0,57.0,249.0,0.0,0.0,-0.55557023,-0.83146961,0.97492791,-0.22252093,0.45739752,4.09546435,0.48168938,4.40551361,0.59219158,4.61226725,1.7291858,0.44526871,0.48435693,0.57819789,0.45689854,0,low
2035-01-03T14:30:00Z,0.4565273,156.0,778.73928294,1695.67456442,2.0,58.0,250.0,0.0,0.0,-0.60876143,-0.79335334,0.97492791,-0.22252093,0.46124752,4.11655657,0.47321235,4.72298952,0.57560511,4.88823942,1.75027803,0.50028425,0.44112729,0.55825163,0.46818911,0,low
2035-01-03T14:45:00Z,0.52771683,154.0,761.46720942,1615.82955229,2.0,59.0,251.0,0.0,0.0,-0.65934582,-0.75183981,0.97492791,-0.22252093,0.48244927,6.89283657,0.47326278,5.25698413,0.56373836,5.08227726,1.75027803,0.4565273,0.44290982,0.52711169,0.52309686,0,low
2035-01-03T15:00:00Z,0.51390034,155.0,817.35744718,1728.3832837,2.0,60.0,252.0,0.0,0.0,-0.70710678,-0.70710678,0.97492791,-0.22252093,0.49960718,7.35114036,0.47562523,4.88706099,0.55246348,4.98757828,2.30293753,0.52771683,0.44526871,0.48555097,0.50832228,0,low
2035-01-03T15:15:00Z,0.50312236,154.0,839.31146021,1690.04325331,2.0,61.0,253.0,0.0,0.0,-0.75183981,-0.65934582,0.97492791,-0.22252093,0.50031671,5.58163802,0.47791433,4.89879645,0.53950676,4.86219041,2.73405688,0.51390034,0.50028425,0.47565315,0.54997681,0,low
2035-01-03T15:30:00Z,0.51134284,155.0,809.37954695,1730.82903518,2.0,62.0,254.0,0.0,0.0,-0.79335334,-0.60876143,0.97492791,-0.22252093,0.51402059,4.16017939,0.47941747,4.7730432,0.52930984,4.53022909,0.98377885,0.50312236,0.4565273,0.49330513,0.55859091,0,low
2035-01-03T15:45:00Z,0.55967162,156.0,804.71233161,1657.31396874,2.0,63.0,255.0,0.0,0.0,-0.83146961,-0.55557023,0.97492791,-0.22252093,0.52200929,3.2457492,0.48509535,5.39385292,0.52243466,4.64313449,0.98377885,0.51134284,0.52771683,0.49153708,0.56861698,0,low
2035-01-03T16:00:00Z,0.55020533,155.0,815.04721974,1721.64794823,2.0,64.0,256.0,0.0,0.0,-0.8660254,-0.5,0.97492791,-0.22252093,0.53108554,3.07174114,0.4947028,4.76512141,0.51597154,4.5772047,0.80977079,0.55967162,0.51390034,0.43491593,0.5423841,0,low
2035-01-03T16:15:00Z,0.58993084,153.0,800.55268559,1685.40404355,2.0,65.0,257.0,0.0,0.0,-0.89687274,-0.44228869,0.97492791,-0.22252093,0.55278766,4.22964219,0.50350063,4.63558152,0.51392518,4.40019619,0.37865145,0.55020533,0.50312236,0.48435693,0.57378541,0,low
2035-01-03T16:30:00Z,0.52617418,153.0,797.10333784,1615.52726472,2.0,66.0,258.0,0.0,0.0,-0.92387953,-0.38268343,0.97492791,-0.22252093,0.55649549,6.4510894,0.51058787,4.90927512,0.5104215,4.63336802,2.92891804,0.58993084,0.51134284,0.44112729,0.57182428,0,low
2035-01-03T16:45:00Z,0.56010086,155.0,787.80018257,1716.64198956,2.0,67.0,259.0,0.0,0.0,-0.94693013,-0.32143947,0.97492791,-0.22252093,0.5566028,5.87500566,0.52035379,5.33786381,0.50931736,4.7017972,2.92891804,0.52617418,0.55967162,0.44290982,0.5695202,0,low
2035-01-03T17:00:00Z,0.59589062,155.0,817.71108082,1666.5209239,2.0,68.0,260.0,0.0,0.0,-0.96592583,-0.25881905,0.97492791,-0.22252093,0.56802412,6.9279448,0.53290561,5.78360877,0.5105439,4.80608544,2.5502666,0.56010086,0.55020533,0.44526871,0.59217615,0,low
2035-01-03T17:15:00Z,0.54109286,154.0,782.14880157,1624.54562,2.0,69.0,261.0,0.0,0.0,-0.98078528,-0.19509032,0.97492791,-0.22252093,0.55581463,7.53083464,0.53630633,5.78070495,0.50899786,5.09310928,4.74217684,0.59589062,0.58993084,0.50028425,0.54058562,0,low
2035-01-03T17:30:00Z,0.58505407,154.0,780.86260101,1692.24947398,2.0,70.0,262.0,0.0,0.0,-0.99144486,-0.13052619,0.97492791,-0.22252093,0.5705346,6.73901628,0.5470169,5.78342836,0.51011462,5.25320894,2.19191024,0.54109286,0.52617418,0.4565273,0.56517247,0,low
2035-01-03T17:45:00Z,0.57109464,154.0,840.0908775,1684.09360814,2.0,71.0,263.0,0.0,0.0,-0.99785892,-0.06540313,0.97492791,-0.22252093,0.57328305,5.94032622,0.55063171,5.02036036,0.51194725,5.13867224,2.75028739,0.58505407,0.56010086,0.52771683,0.57627497,0,low
2035-01-03T18:00:00Z,0.55648203,154.0,838.37669094,1690.30837587,2.0,72.0,264.0,0.0,0.0,-1.0,-0.0,0.97492791,-0.22252093,0.5634309,5.09324018,0.55418019,5.03097537,0.51490271,4.95901818,3.33479194,0.57109464,0.59589062,0.51390034,0.52406295,0,low
2035-01-03T18:15:00Z,0.51578598,155.0,811.37890848,1644.01189671,2.0,73.0,265.0,0.0,0.0,-0.99785892,0.06540313,0.97492791,-0.22252093,0.55710418,4.52917188,0.55523549,5.4298829,0.51657491,5.16433968,2.77072364,0.55648203,0.54109286,0.50312236,0.5478808,0,low
2035-01-03T18:30:00Z,0.51321579,153.0,808.82076921,1765.11880458,2.0,74.0,266.0,0.0,0.0,-0.99144486,0.13052619,0.97492791,-0.22252093,0.53914461,2.87353111,0.55539157,5.3545456,0.51740452,5.0637944,2.87353111,0.51578598,0.58505407,0.51134284,0.49885646,0,low
2035-01-03T18:45:00Z,0.51203421,155.0,846.30340977,1680.3395059,2.0,75.0,267.0,0.0,0.0,-0.98078528,0.19509032,0.97492791,-0.22252093,0.5243795,2.3624172,0.55142178,4.72591636,0.51825857,5.05988464,2.3624172,0.51321579,0.57109464,0.55967162,0.48979497,0,low
2035-01-03T19:00:00Z,0.495831,155.0,798.34257682,1732.61688528,2.0,76.0,268.0,0.0,0.0,-0.96592583,0.25881905,0.97492791,-0.22252093,0.50921675,2.426041,0.54689059,4.81574199,0.5207967,4.7904317,2.426041,0.51203421,0.55648203,0.55020533,0.49522939,0,low
2035-01-03T19:15:00Z,0.45081491,153.0,786.10136838,1615.99399185,2.0,77.0,269.0,0.0,0.0,-0.94693013,0.32143947,0.97492791,-0.22252093,0.49297398,2.5988428,0.5352976,4.8862831,0.51939911,4.76093231,2.5988428,0.495831,0.51578598,0.58993084,0.45922306,0,low
2035-01-03T19:30:00Z,0.48690654,153.0,785.73421689,1713.87246319,2.0,78.0,270.0,0.0,0.0,-0.92387953,0.38268343,0.97492791,-0.22252093,0.48639667,3.93970071,0.53202529,4.51741603,0.52130658,4.71334558,2.49603532,0.45081491,0.51321579,0.52617418,0.46274397,0,low
2035-01-03T19:45:00Z,0.4411104,155.0,813.80977344,1686.85716927,2.0,79.0,271.0,0.0,0.0,-0.89687274,0.44228869,0.97492791,-0.22252093,0.46866571,5.72428341,0.52210942,4.67567561,0.5212316,5.00676971,4.28061801,0.48690654,0.51203421,0.56010086,0.46711822,0,low
2035-01-03T20:00:00Z,0.44266148,154.0,841.72872231,1712.65433846,2.0,80.0,272.0,0.0,0.0,-0.8660254,0.5,0.97492791,-0.22252093,0.45537333,5.13819826,0.50934033,4.21915981,0.52112297,5.00138429,3.63248967,0.4411104,0.495831,0.59589062,0.46179184,0,low
2035-01-03T20:15:00Z,0.41580251,153.0,805.19151078,1660.77865359,2.0,81.0,273.0,0.0,0.0,-0.83146961,0.55557023,0.97492791,-0.22252093,0.44662023,4.41191304,0.49889946,3.84664257,0.5176029,4.81367376,2.90620445,0.44266148,0.45081491,0.54109286,0.39774787,0,low
2035-01-03T20:30:00Z,0.44084953,156.0,800.09737588,1657.91845308,2.0,82.0,274.0,0.0,0.0,-0.79335334,0.60876143,0.97492791,-0.22252093,0.43510598,3.97012834,0.48688242,3.59445339,0.51694966,4.68894087,2.90620445,0.41580251,0.48690654,0.58505407,0.39359571,0,low
2035-01-03T20:45:00Z,0.39494422,155.0,821.29452932,1686.41348945,2.0,83.0,275.0,0.0,0.0,-0.75183981,0.65934582,0.97492791,-0.22252093,0.42356444,3.97449476,0.47220322,4.02039845,0.51141747,4.52037941,2.91057087,0.44084953,0.4411104,0.57109464,0.43236851,0,low
2035-01-03T21:00:00Z,0.43268651,155.0,803.49147482,1669.60404677,2.0,84.0,276.0,0.0,0.0,-0.70710678,0.70710678,0.97492791,-0.22252093,0.42107069,5.42214305,0.46188692,4.3287941,0.50803356,4.67988474,2.91057087,0.39494422,0.44266148,0.55648203,0.43433512,0,low
2035-01-03T21:15:00Z,0.41606695,156.0,798.10525891,1674.83203995,2.0,85.0,277.0,0.0,0.0,-0.65934582,0.75183981,0.97492791,-0.22252093,0.4211368,5.01256691,0.45357701,4.00777425,0.50440625,4.71882858,2.50099473,0.43268651,0.41580251,0.51578598,0.41631333,0,low
2035-01-03T21:30:00Z,0.41093574,155.0,814.04123106,1752.09621697,2.0,86.0,278.0,0.0,0.0,-0.60876143,0.79335334,0.97492791,-0.22252093,0.41365835,4.21593471,0.44505367,4.04192125,0.50022262,4.69823343,2.70624322,0.41606695,0.44084953,0.51321579,0.37467933,0,low
2035-01-03T21:45:00Z,0.41172976,154.0,818.72845586,1721.9816121,2.0,87.0,279.0,0.0,0.0,-0.55557023,0.83146961,0.97492791,-0.22252093,0.41785474,2.41148345,0.43669496,4.03675387,0.49405837,4.38133511,0.87003087,0.41093574,0.39494422,0.51203421,0.39303704,0,low
2035-01-03T22:00:00Z,0.39449365,153.0,840.48024737,1721.80628267,2.0,88.0,280.0,0.0,0.0,-0.5,0.8660254,0.97492791,-0.22252093,0.40830653,1.59123646,0.42825018,4.05052592,0.48757039,4.43313396,1.55947538,0.41172976,0.43268651,0.495831,0.42627627,0,low
2035-01-03T22:15:00Z,0.39282231,153.0,838.81113669,1721.43263611,2.0,89.0,281.0,0.0,0.0,-0.44228869,0.89687274,0.97492791,-0.22252093,0.40249537,0.99330784,0.42341747,3.47259593,0.47935753,4.17943952,0.96154675,0.39449365,0.41606695,0.45081491,0.39520015,0,low
2035-01-03T22:30:00Z,0.38402013,156.0,820.16121282,1727.19065705,2.0,90.0,282.0,0.0,0.0,-0.38268343,0.92387953,0.97492791,-0.22252093,0.39576646,1.14014637,0.4148436,3.10873647,0.47343445,3.81307625,1.10838528,0.39282231,0.41093574,0.48690654,0.4265754,0,low
2035-01-03T22:45:00Z,0.42559456,153.0,795.89337888,1656.43984107,2.0,91.0,283.0,0.0,0.0,-0.32143947,0.94693013,0.97492791,-0.22252093,0.39923266,2.77136242,0.41355061,3.05244688,0.46783002,3.86406124,1.10838528,0.38402013,0.41172976,0.4411104,0.37365937,0,low
2035-01-03T23:00:00Z,0.40464601,153.0,810.41218393,1731.77566979,2.0,92.0,284.0,0.0,0.0,-0.25881905,0.96592583,0.97492791,-0.22252093,0.40177075,2.91986015,0.41038266,3.31107989,0.45986149,3.76511985,1.256883,0.42559456,0.39449365,0.44266148,0.38834296,0,low
2035-01-03T23:15:00Z,0.40269523,155.0,814.74015439,1686.51834179,2.0,93.0,285.0,0.0,0.0,-0.19509032,0.98078528,0.97492791,-0.22252093,0.40423898,2.93103753,0.40929038,2.97897076,0.45409492,3.41280667,1.26806038,0.40464601,0.39282231,0.41580251,0.38464995,0,low
2035-01-03T23:30:00Z,0.38757633,155.0,823.77646473,1679.41967718,2.0,94.0,286.0,0.0,0.0,-0.13052619,0.99144486,0.97492791,-0.22252093,0.40512803,3.18370652,0.40485095,2.84659587,0.44586668,3.22052463,1.52072938,0.40269523,0.38402013,0.44084953,0.39877512,0,low
2035-01-03T23:45:00Z,0.40617477,156.0,804.31667692,1678.85520766,2.0,95.0,287.0,0.0,0.0,-0.06540313,0.99785892,0.97492791,-0.22252093,0.40027308,2.26466724,0.40578683,2.48250437,0.43899502,3.25145141,1.52072938,0.38757633,0.42559456,0.39494422,0.38847912,0,low
2035-01-04T00:00:00Z,0.40660751,156.0,851.19227581,1726.27495931,3.0,0.0,288.0,0.0,0.0,0.0,1.0,0.43388374,-0.90096887,0.40076346,1.44403435,0.40361358,1.98504365,0.43275025,3.15691888,0.68278715,0.40617477,0.40464601,0.43268651,0.43646663,0,low
2035-01-04T00:15:00Z,0.42778512,153.0,795.13601046,1672.30500865,3.0,1.0,289.0,0.0,0.0,0.06540313,0.99785892,0.43388374,-0.90096887,0.40703593,2.21310762,0.40459009,2.04581767,0.42908355,3.02679596,0.60475601,0.40660751,0.40269523,0.41606695,0.44149747,0,low
2035-01-04T00:30:00Z,0.41138273,154.0,841.44378249,1711.26607675,3.0,2.0,290.0,0.0,0.0,0.13052619,0.99144486,0.43388374,-0.90096887,0.41298753,2.26444716,0.40462734,2.19610002,0.4248405,3.11901064,0.65609555,0.42778512,0.38757633,0.41093574,0.41497969,0,low
2035-01-04T00:45:00Z,0.42037448,153.0,820.88185268,1693.82001491,3.0,3.0,291.0,0.0,0.0,0.19509032,0.98078528,0.43388374,-0.90096887,0.41653746,1.88017934,0.40534774,2.305403,0.42102135,3.17107844,0.65609555,0.41138273,0.40617477,0.41172976,0.41675934,0,low
2035-01-04T01:00:00Z,0.44779513,155.0,825.39612755,1718.89678492,3.0,4.0,292.0,0.0,0.0,0.25881905,0.96592583,0.43388374,-0.90096887,0.42683437,2.95969621,0.40978953,2.4411969,0.41901985,3.24586141,0.65609555,0.42037448,0.40660751,0.39449365,0.44060561,0,low
2035-01-04T01:15:00Z,0.41282998,155.0,791.35720512,1648.00044932,3.0,5.0,293.0,0.0,0.0,0.32143947,0.94693013,0.43388374,-0.90096887,0.42309558,3.51119818,0.41145683,2.88511445,0.41743715,3.17885519,2.05470194,0.44779513,0.42778512,0.39282231,0.47393435,0,low
2035-01-04T01:30:00Z,0.41597578,154.0,838.70712473,1765.0307666,3.0,6.0,294.0,0.0,0.0,0.38268343,0.92387953,0.43388374,-0.90096887,0.42424384,2.98093484,0.4141198,2.80969618,0.4144817,2.95921632,1.39860639,0.41282998,0.41138273,0.38402013,0.47237169,0,low
2035-01-04T01:45:00Z,0.46581323,153.0,797.33310496,1651.86213253,3.0,7.0,295.0,0.0,0.0,0.44228869,0.89687274,0.43388374,-0.90096887,0.43560353,4.61476286,0.41747136,2.91986981,0.41551099,2.98615834,1.39860639,0.41597578,0.42037448,0.42559456,0.48372737,0,low
2035-01-04T02:00:00Z,0.47544739,154.0,847.32842911,1723.33013673,3.0,8.0,296.0,0.0,0.0,0.5,0.8660254,0.43388374,-0.90096887,0.44251659,3.90330295,0.42337147,2.76901117,0.41687706,3.04004553,1.39860639,0.46581323,0.44779513,0.40464601,0.4479155,0,low
2035-01-04T02:15:00Z,0.45181915,156.0,831.7504327,1646.14181681,3.0,9.0,297.0,0.0,0.0,0.55557023,0.83146961,0.43388374,-0.90096887,0.45226389,3.44982597,0.42746513,3.05804393,0.41837776,3.01850734,0.94512941,0.47544739,0.41282998,0.40269523,0.4571018,0,low
2035-01-04T02:30:00Z,0.48007526,153.0,790.70703182,1673.28305989,3.0,10.0,298.0,0.0,0.0,0.60876143,0.79335334,0.43388374,-0.90096887,0.46828876,4.45423784,0.43517338,3.23320661,0.42001216,3.03990124,0.94512941,0.45181915,0.41597578,0.38757633,0.44908231,0,low
2035-01-04T02:45:00Z,0.46719667,154.0,835.55877987,1726.16037293,3.0,11.0,299.0,0.0,0.0,0.65934582,0.75183981,0.43388374,-0.90096887,0.46863462,2.97588312,0.44025854,3.15694177,0.42302268,2.81972307,1.46027275,0.48007526,0.46581323,0.40617477,0.50520293,0,low
2035-01-04T03:00:00Z,0.45163045,154.0,803.22651933,1666.45423847,3.0,12.0,300.0,0.0,0.0,0.70710678,0.70710678,0.43388374,-0.90096887,0.46268038,3.21316551,0.44401045,3.35872156,0.42381201,2.6718826,2.08292144,0.46719667,0.47544739,0.40660751,0.51167167,0,low
2035-01-04T03:15:00Z,0.46225822,154.0,829.93591943,1692.43312816,3.0,13.0,301.0,0.0,0.0,0.75183981,0.65934582,0.43388374,-0.90096887,0.46529015,2.69314653,0.44688321,3.21805689,0.42573665,2.63193728,1.13779203,0.45163045,0.45181915,0.42778512,0.46856916,0,low
2035-01-04T03:30:00Z,0.48837918,154.0,807.07899617,1646.82237604,3.0,14.0,302.0,0.0,0.0,0.79335334,0.60876143,0.43388374,-0.90096887,0.46736613,2.60774085,0.45329958,3.34763784,0.42896346,2.77186893,1.13779203,0.46225822,0.48007526,0.41138273,0.49778067,0,low
2035-01-04T03:45:00Z,0.46986365,155.0,806.31203362,1680.17341379,3.0,15.0,303.0,0.0,0.0,0.83146961,0.55557023,0.43388374,-0.90096887,0.46803287,2.83321867,0.45742367,3.47462155,0.4313857,2.89001227,1.36326985,0.48837918,0.46719667,0.42037448,0.49096228,0,low
2035-01-04T04:00:00Z,0.49909685,154.0,821.44757379,1712.32810042,3.0,16.0,304.0,0.0,0.0,0.8660254,0.5,0.43388374,-0.90096887,0.47989947,3.37989803,0.46169882,3.49878883,0.43574417,2.96999287,0.74062116,0.46986365,0.45163045,0.44779513,0.53158205,0,low
2035-01-04T04:15:00Z,0.49968069,153.0,837.07811032,1762.47109279,3.0,17.0,305.0,0.0,0.0,0.89687274,0.44228869,0.43388374,-0.90096887,0.48925509,2.9781411,0.46893638,3.0403712,0.4401966,2.96274282,0.74062116,0.49909685,0.46225822,0.41282998,0.48353739,0,low
2035-01-04T04:30:00Z,0.50546053,155.0,837.88258963,1734.02386737,3.0,18.0,306.0,0.0,0.0,0.92387953,0.38268343,0.43388374,-0.90096887,0.49352543,2.16449656,0.47639344,3.07549175,0.44525662,2.94259396,0.74062116,0.49968069,0.48837918,0.41597578,0.54741666,0,low
2035-01-04T04:45:00Z,0.51572748,156.0,836.44578565,1740.98787766,3.0,19.0,307.0,0.0,0.0,0.94693013,0.32143947,0.43388374,-0.90096887,0.50499139,1.83455334,0.48055296,2.54788505,0.44901216,2.73387743,0.0,0.50546053,0.46986365,0.46581323,0.5105228,1,medium
2035-01-04T05:00:00Z,0.5544495,156.0,816.75448394,1672.76735267,3.0,20.0,308.0,0.0,0.0,0.96592583,0.25881905,0.43388374,-0.90096887,0.51882955,2.21410622,0.48713647,2.93572326,0.45525397,2.85236721,0.0,0.51572748,0.49909685,0.47544739,0.52068749,1,medium
2035-01-04T05:15:00Z,0.57824074,154.0,802.74143269,1660.40357582,3.0,21.0,309.0,0.0,0.0,0.98078528,0.19509032,0.43388374,-0.90096887,0.53846956,3.14240213,0.4976716,2.93789659,0.46256837,2.99797026,0.0,0.5544495,0.49968069,0.45181915,0.5399188,1,medium
2035-01-04T05:30:00Z,0.57788128,156.0,827.3608991,1724.0928926,3.0,22.0,310.0,0.0,0.0,0.99144486,0.13052619,0.43388374,-0.90096887,0.55657475,2.92558669,0.5058221,2.56594137,0.47049774,2.89957399,0.01437841,0.57824074,0.50546053,0.48007526,0.5546877,1,medium
2035-01-04T05:45:00Z,0.61386586,153.0,790.50899301,1709.01964265,3.0,23.0,311.0,0.0,0.0,0.99785892,0.06540313,0.43388374,-0.90096887,0.58110935,3.95429218,0.51804453,2.8740214,0.47915154,3.01548158,0.01437841,0.57788128,0.51572748,0.46719667,0.57733485,1,medium
2035-01-04T06:00:00Z,0.66811901,154.0,781.32335328,1640.99656389,3.0,24.0,312.0,0.0,0.0,1.0,0.0,0.43388374,-0.90096887,0.60952672,4.57553694,0.53608525,3.38984707,0.49004785,3.37428431,0.01437841,0.61386586,0.5544495,0.45163045,0.61299692,1,medium
2035-01-04T06:15:00Z,0.69280332,153.0,824.95206131,1732.86515774,3.0,25.0,313.0,0.0,0.0,0.99785892,-0.06540313,0.43388374,-0.90096887,0.63816737,4.61126027,0.55529734,3.57726783,0.50109027,3.39766236,0.01437841,0.66811901,0.57824074,0.46225822,0.62615526,1,medium
2035-01-04T06:30:00Z,0.66358848,155.0,799.26627145,1713.52610077,3.0,26.0,314.0,0.0,0.0,0.99144486,-0.13052619,0.43388374,-0.90096887,0.65959417,5.76547578,0.56989812,3.61851968,0.51159885,3.48307876,1.16859393,0.69280332,0.57788128,0.48837918,0.67858217,1,medium
2035-01-04T06:45:00Z,0.69593336,156.0,797.02984959,1654.97566697,3.0,27.0,315.0,0.0,0.0,0.98078528,-0.19509032,0.43388374,-0.90096887,0.68011104,5.61988776,0.58873726,3.80291109,0.52308047,3.63876632,1.16859393,0.66358848,0.61386586,0.46986365,0.73761678,1,medium
2035-01-04T07:00:00Z,0.71182531,154.0,837.04013014,1664.69842991,3.0,28.0,316.0,0.0,0.0,0.96592583,-0.25881905,0.43388374,-0.90096887,0.69103762,4.08544013,0.60646463,3.62502777,0.53408172,3.5619083,1.16859393,0.69593336,0.66811901,0.49909685,0.76817175,2,high
2035-01-04T07:15:00Z,0.76158142,156.0,779.1165772,1618.04313708,3.0,29.0,317.0,0.0,0.0,0.94693013,-0.32143947,0.43388374,-0.90096887,0.70823214,5.08831171,0.62828969,4.28065804,0.54861303,3.66051462,1.16859393,0.71182531,0.69280332,0.49968069,0.74665474,2,high
2035-01-04T07:30:00Z,0.76905285,153.0,824.09302177,1698.33588671,3.0,30.0,318.0,0.0,0.0,0.92387953,-0.38268343,0.43388374,-0.90096887,0.73459824,4.21857492,0.65025572,4.30321246,0.56332458,3.68935211,0.0,0.76158142,0.66358848,0.50546053,0.8091514,2,high
2035-01-04T07:45:00Z,0.79009739,156.0,804.07346323,1672.02967345,3.0,31.0,319.0,0.0,0.0,0.89687274,-0.44228869,0.43388374,-0.90096887,0.75813924,3.76656097,0.67311988,4.44691363,0.57683642,3.49739934,0.0,0.76905285,0.69593336,0.51572748,0.77434673,2,high
2035-01-04T08:00:00Z,0.80100735,156.0,811.47509967,1673.72277738,3.0,32.0,320.0,0.0,0.0,0.8660254,-0.5,0.43388374,-0.90096887,0.78043475,3.56728155,0.69366636,4.07608621,0.59040142,3.50590473,0.0,0.79009739,0.71182531,0.5544495,0.83464455,2,high
2035-01-04T08:15:00Z,0.82753709,156.0,821.93393901,1701.38355574,3.0,33.0,321.0,0.0,0.0,0.83146961,-0.55557023,0.43388374,-0.90096887,0.79692367,2.63822695,0.71444106,4.11259964,0.60605633,3.52524811,0.0,0.80100735,0.76158142,0.57824074,0.85696377,2,high
2035-01-04T08:30:00Z,0.82613759,155.0,814.7067634,1724.42981802,3.0,34.0,322.0,0.0,0.0,0.79335334,-0.60876143,0.43388374,-0.90096887,0.81119486,2.39535005,0.73512909,4.12646692,0.62047559,3.34620414,0.05598024,0.82753709,0.76905285,0.57788128,0.85460264,1,medium
2035-01-04T08:45:00Z,0.83283874,155.0,806.92154048,1729.90085033,3.0,35.0,323.0,0.0,0.0,0.75183981,-0.65934582,0.43388374,-0.90096887,0.82188019,1.82161472,0.75337683,3.73602115,0.63571068,3.30502127,0.05598024,0.82613759,0.79009739,0.61386586,0.81251879,1,medium
2035-01-04T09:00:00Z,0.82475193,155.0,817.69574681,1743.0450322,3.0,36.0,324.0,0.0,0.0,0.70710678,-0.70710678,0.43388374,-0.90096887,0.82781634,1.70868864,0.76642957,3.12047011,0.65125741,3.25515859,0.37945282,0.83283874,0.80100735,0.66811901,0.78449745,1,medium
2035-01-04T09:15:00Z,0.81026501,155.0,821.88076438,1736.39598708,3.0,37.0,325.0,0.0,0.0,0.65934582,-0.75183981,0.43388374,-0.90096887,0.82349832,1.22697575,0.77621804,2.9845048,0.66575769,3.28088632,0.95892963,0.82475193,0.82753709,0.69280332,0.81408362,1,medium
2035-01-04T09:30:00Z,0.73302501,155.0,795.1544558,1617.11779482,3.0,38.0,326.0,0.0,0.0,0.60876143,-0.79335334,0.43388374,-0.90096887,0.80022017,4.26059517,0.78200442,3.62484005,0.67595127,3.62167986,3.99254906,0.81026501,0.82613759,0.66358848,0.75606893,1,medium
2035-01-04T09:45:00Z,0.75633313,156.0,832.03639296,1671.2449128,3.0,39.0,327.0,0.0,0.0,0.55557023,-0.83146961,0.43388374,-0.90096887,0.78109377,4.92487385,0.78703774,3.50434985,0.6878875,3.65363047,3.99254906,0.73302501,0.83283874,0.69593336,0.72467597,1,medium
2035-01-04T10:00:00Z,0.71325827,153.0,783.96397331,1648.359001,3.0,40.0,328.0,0.0,0.0,0.5,-0.8660254,0.43388374,-0.90096887,0.75322036,6.32439576,0.78715715,3.86678865,0.69681089,3.74590821,5.39207097,0.75633313,0.82475193,0.71182531,0.70532021,0,low
2035-01-04T10:15:00Z,0.67583392,154.0,826.30072563,1667.58595185,3.0,41.0,329.0,0.0,0.0,0.44228869,-0.89687274,0.43388374,-0.90096887,0.71961258,7.24189319,0.78001152,3.7023653,0.70415061,3.99151167,6.3095684,0.71325827,0.81026501,0.76158142,0.63904343,0,low
2035-01-04T10:30:00Z,0.66145272,153.0,839.44320026,1741.83472205,3.0,42.0,330.0,0.0,0.0,0.38268343,-0.92387953,0.43388374,-0.90096887,0.70171951,4.72754118,0.77104485,3.79449547,0.71065028,4.04885397,3.79521639,0.67583392,0.73302501,0.76905285,0.61026254,0,low
2035-01-04T10:45:00Z,0.62668018,155.0,785.5264074,1644.87259255,3.0,43.0,331.0,0.0,0.0,0.32143947,-0.94693013,0.43388374,-0.90096887,0.66930627,5.18611833,0.75742675,3.97753563,0.71527331,4.21222463,5.18611833,0.66145272,0.75633313,0.79009739,0.58660023,0,low
2035-01-04T11:00:00Z,0.59784992,153.0,829.57689901,1674.26210203,3.0,44.0,332.0,0.0,0.0,0.25881905,-0.96592583,0.43388374,-0.90096887,0.64045419,4.61633391,0.74049696,4.21647277,0.71708166,4.14627949,4.61633391,0.62668018,0.71325827,0.80100735,0.56645371,0,low
2035-01-04T11:15:00Z,0.56661434,153.0,789.83624838,1714.71106121,3.0,45.0,333.0,0.0,0.0,0.19509032,-0.98078528,0.43388374,-0.90096887,0.61314929,4.36878316,0.7187534,4.27921737,0.71659723,4.1959085,4.36878316,0.59784992,0.67583392,0.82753709,0.57819789,0,low
2035-01-04T11:30:00Z,0.53443104,153.0,797.00012172,1712.23412833,3.0,46.0,334.0,0.0,0.0,0.13052619,-0.99144486,0.43388374,-0.90096887,0.58139387,5.08086753,0.69444452,4.68966796,0.7147868,4.40806744,5.08086753,0.56661434,0.66145272,0.82613759,0.55825163,0,low
2035-01-04T11:45:00Z,0.4764479,155.0,811.25038199,1599.50343522,3.0,47.0,335.0,0.0,0.0,0.06540313,-0.99785892,0.43388374,-0.90096887,0.5438358,6.00929114,0.66474528,5.37342778,0.70906105,4.55472446,6.00929114,0.53443104,0.62668018,0.83283874,0.52711169,0,low
2035-01-04T12:00:00Z,0.46391766,154.0,831.42042131,1665.56238238,3.0,48.0,336.0,0.0,0.0,0.0,-1.0,0.43388374,-0.90096887,0.51035273,5.35729055,0.63467576,5.4326734,0.70055266,4.27657176,5.35729055,0.4764479,0.59784992,0.82475193,0.48555097,0,low
2035-01-04T12:15:00Z,0.46424042,155.0,824.5505608,1685.92653855,3.0,49.0,337.0,0.0,0.0,-0.06540313,-0.99785892,0.43388374,-0.90096887,0.48475925,4.12077753,0.60584038,5.24381796,0.69102921,4.11416138,4.10786705,0.46391766,0.56661434,0.81026501,0.47565315,0,low
2035-01-04T12:30:00Z,0.4320874,153.0,819.07190943,1691.06336998,3.0,50.0,338.0,0.0,0.0,-0.13052619,-0.99144486,0.43388374,-0.90096887,0.45917335,4.11956648,0.58076224,4.6426584,0.68138333,4.13374922,4.106656,0.46424042,0.53443104,0.73302501,0.49330513,0,low
2035-01-04T12:45:00Z,0.49121094,154.0,776.70254775,1611.73595078,3.0,51.0,339.0,0.0,0.0,-0.19509032,-0.98078528,0.43388374,-0.90096887,0.46286411,4.16518267,0.55866873,5.12019738,0.67285323,4.31227361,1.78733045,0.4320874,0.4764479,0.75633313,0.49153708,0,low
2035-01-04T13:00:00Z,0.43637786,153.0,780.59796989,1625.88875148,3.0,52.0,340.0,0.0,0.0,-0.25881905,-0.96592583,0.43388374,-0.90096887,0.45597916,5.85729632,0.53559536,5.27697359,0.66137625,4.57188112,3.4794441,0.49121094,0.46391766,0.71325827,0.43491593,0,low
2035-01-04T13:15:00Z,0.46135489,153.0,809.74642942,1716.13467881,3.0,53.0,341.0,0.0,0.0,-0.32143947,-0.94693013,0.43388374,-0.90096887,0.45525777,6.84346697,0.51772211,5.11100922,0.64886682,4.40668726,3.4794441,0.43637786,0.46424042,0.67583392,0.48435693,0,low
2035-01-04T13:30:00Z,0.48549029,153.0,821.15825085,1673.89340419,3.0,54.0,342.0,0.0,0.0,-0.38268343,-0.92387953,0.43388374,-0.90096887,0.4686085,6.52276197,0.50305857,5.24106532,0.63705171,4.5177804,2.19332312,0.46135489,0.4320874,0.66145272,0.44112729,0,low
2035-01-04T13:45:00Z,0.43196525,154.0,771.62524267,1643.78009938,3.0,55.0,343.0,0.0,0.0,-0.44228869,-0.89687274,0.43388374,-0.90096887,0.45379708,6.29882173,0.48683233,5.49109851,0.62212954,4.73431707,4.33432463,0.48549029,0.49121094,0.62668018,0.44290982,0,low
2035-01-04T14:00:00Z,0.49812153,155.0,805.10558805,1641.08957014,3.0,56.0,344.0,0.0,0.0,-0.5,-0.8660254,0.43388374,-0.90096887,0.46923299,6.7517496,0.47852163,5.98877882,0.60950929,5.1026258,2.14100151,0.43196525,0.43637786,0.59784992,0.44526871,0,low
2035-01-04T14:15:00Z,0.45002253,154.0,777.62814348,1682.07739637,3.0,57.0,345.0,0.0,0.0,-0.55557023,-0.83146961,0.43388374,-0.90096887,0.4663999,7.67662841,0.46880564,6.2136243,0.59377952,5.24642083,4.06496145,0.49812153,0.46135489,0.56661434,0.50028425,0,low
2035-01-04T14:30:00Z,0.5071349,153.0,782.14969652,1657.62523216,3.0,58.0,346.0,0.0,0.0,-0.60876143,-0.79335334,0.43388374,-0.90096887,0.47181105,8.99570715,0.46653097,6.54601187,0.58048774,5.61783991,4.06496145,0.45002253,0.48549029,0.53443104,0.4565273,0,low
2035-01-04T14:45:00Z,0.52163656,155.0,813.18240061,1732.07896376,3.0,59.0,347.0,0.0,0.0,-0.65934582,-0.75183981,0.43388374,-0.90096887,0.49422888,7.43477193,0.47029669,5.96625878,0.56752098,5.66984328,1.92395994,0.5071349,0.43196525,0.4764479,0.52771683,0,low
2035-01-04T15:00:00Z,0.47989351,155.0,820.84646598,1656.90039551,3.0,60.0,348.0,0.0,0.0,-0.70710678,-0.70710678,0.43388374,-0.90096887,0.48967187,6.45824261,0.47162801,6.35576284,0.55315188,5.89421812,3.5936816,0.52163656,0.49812153,0.46391766,0.51390034,0,low
2035-01-04T15:15:00Z,0.55135335,153.0,774.71047398,1654.15641958,3.0,61.0,349.0,0.0,0.0,-0.75183981,-0.65934582,0.43388374,-0.90096887,0.51500458,7.39267613,0.47888742,7.30425717,0.5423639,6.27403756,1.66972167,0.47989351,0.45002253,0.46424042,0.50312236,0,low
2035-01-04T15:30:00Z,0.54069234,155.0,837.64957813,1730.41124298,3.0,62.0,350.0,0.0,0.0,-0.79335334,-0.60876143,0.43388374,-0.90096887,0.52339394,5.534622,0.48793783,7.01769704,0.53435004,5.83017772,2.09616225,0.55135335,0.5071349,0.4320874,0.51134284,0,low
2035-01-04T15:45:00Z,0.55307202,156.0,802.91004586,1672.06417666,3.0,63.0,351.0,0.0,0.0,-0.83146961,-0.55557023,0.43388374,-0.90096887,0.5312528,5.44974299,0.49309292,6.39444555,0.52588082,5.75732147,2.09616225,0.54069234,0.52163656,0.49121094,0.55967162,0,low
2035-01-04T16:00:00Z,0.52933398,155.0,818.1801219,1651.35345521,3.0,64.0,352.0,0.0,0.0,-0.8660254,-0.5,0.43388374,-0.90096887,0.54361292,4.72954282,0.50083926,5.97984501,0.51821731,5.6284093,1.37596209,0.55307202,0.47989351,0.43637786,0.55020533,0,low
2035-01-04T16:15:00Z,0.52956905,154.0,830.71172369,1725.82406899,3.0,65.0,353.0,0.0,0.0,-0.89687274,-0.44228869,0.43388374,-0.90096887,0.53816685,1.88055234,0.50652378,5.6499523,0.51212294,5.38048076,1.37596209,0.52933398,0.55135335,0.46135489,0.58993084,0,low
2035-01-04T16:30:00Z,0.52974797,155.0,854.00091502,1766.35820388,3.0,66.0,354.0,0.0,0.0,-0.92387953,-0.38268343,0.43388374,-0.90096887,0.53543075,1.46126819,0.51021192,5.33053245,0.50663524,5.28579889,0.9495215,0.52956905,0.54069234,0.48549029,0.52617418,0,low
2035-01-04T16:45:00Z,0.56424962,154.0,819.76466675,1678.12450281,3.0,67.0,355.0,0.0,0.0,-0.94693013,-0.32143947,0.43388374,-0.90096887,0.53822516,2.34614721,0.52123561,5.07688738,0.50403397,5.28399295,0.9495215,0.52974797,0.55307202,0.43196525,0.56010086,0,low
2035-01-04T17:00:00Z,0.55571986,154.0,824.37822971,1716.64198789,3.0,68.0,356.0,0.0,0.0,-0.96592583,-0.25881905,0.43388374,-0.90096887,0.54482163,1.73781617,0.52603547,4.30853387,0.50227855,5.14865635,0.34119046,0.56424962,0.52933398,0.49812153,0.59589062,0,low
2035-01-04T17:15:00Z,0.5322863,156.0,812.68839056,1661.0963858,3.0,69.0,357.0,0.0,0.0,-0.98078528,-0.19509032,0.43388374,-0.90096887,0.54550094,2.66575577,0.53289079,3.97966141,0.50084822,5.09664286,1.27853302,0.55571986,0.52956905,0.45002253,0.54109286,0,low
2035-01-04T17:30:00Z,0.54073749,153.0,805.07720568,1747.54954205,3.0,70.0,358.0,0.0,0.0,-0.99144486,-0.13052619,0.43388374,-0.90096887,0.54824832,2.99664695,0.535691,3.33084571,0.50111098,4.93842879,1.27853302,0.5322863,0.52974797,0.5071349,0.58505407,0,low
2035-01-04T17:45:00Z,0.54429629,156.0,814.66646515,1699.53482195,3.0,71.0,359.0,0.0,0.0,-0.99785892,-0.06540313,0.43388374,-0.90096887,0.54325998,1.75893268,0.53757931,3.18494096,0.503938,4.57559987,1.27853302,0.54073749,0.56424962,0.52163656,0.57109464,0,low
2035-01-04T18:00:00Z,0.50693063,154.0,802.59455062,1628.63949998,3.0,72.0,360.0,0.0,0.0,-1.0,-0.0,0.43388374,-0.90096887,0.53106268,2.9123687,0.53983241,3.1265759,0.50573021,4.74116937,2.43196905,0.54429629,0.55571986,0.47989351,0.55648203,0,low
2035-01-04T18:15:00Z,0.53267304,155.0,832.65645876,1647.6722489,3.0,73.0,361.0,0.0,0.0,-0.99785892,0.06540313,0.43388374,-0.90096887,0.53115936,3.00472279,0.53827572,2.5170103,0.50858157,4.91063373,1.49462648,0.50693063,0.5322863,0.55135335,0.51578598,0,low
2035-01-04T18:30:00Z,0.54195998,154.0,833.06596111,1673.008328,3.0,74.0,362.0,0.0,0.0,-0.99144486,0.13052619,0.43388374,-0.90096887,0.53146498,3.03815264,0.53838135,2.49868926,0.51315959,4.75819315,1.49462648,0.53267304,0.54073749,0.54069234,0.51321579,0,low
2035-01-04T18:45:00Z,0.49054355,155.0,811.57970102,1665.2017666,3.0,75.0,363.0,0.0,0.0,-0.98078528,0.19509032,0.43388374,-0.90096887,0.5180268,4.95245799,0.53317065,3.01917929,0.51313178,4.70681242,3.55128386,0.54195998,0.54429629,0.55307202,0.51203421,0,low
2035-01-04T19:00:00Z,0.44994423,155.0,818.21120465,1651.68055903,3.0,76.0,364.0,0.0,0.0,-0.96592583,0.25881905,0.43388374,-0.90096887,0.5037802,5.08180398,0.52655483,3.24399628,0.51369705,4.61192065,3.68062985,0.49054355,0.50693063,0.52933398,0.495831,0,low
2035-01-04T19:15:00Z,0.44630065,154.0,828.73487671,1677.65244983,3.0,77.0,365.0,0.0,0.0,-0.94693013,0.32143947,0.43388374,-0.90096887,0.4821871,4.19785058,0.5196158,3.28944304,0.51306979,4.46969767,3.82637311,0.44994423,0.53267304,0.52956905,0.45081491,0,low
2035-01-04T19:30:00Z,0.45564034,154.0,830.07965161,1753.12283983,3.0,78.0,366.0,0.0,0.0,-0.92387953,0.38268343,0.43388374,-0.90096887,0.46060719,4.19996056,0.51344017,3.41158672,0.51182604,4.37105958,3.82637311,0.44630065,0.54195998,0.52974797,0.48690654,0,low
2035-01-04T19:45:00Z,0.44029465,153.0,840.76197529,1664.78996073,3.0,79.0,367.0,0.0,0.0,-0.89687274,0.44228869,0.43388374,-0.90096887,0.44804497,2.75713091,0.50311058,3.15617386,0.5121731,4.11653062,2.38354346,0.45564034,0.49054355,0.56424962,0.4411104,0,low
2035-01-04T20:00:00Z,0.41796947,153.0,805.15322769,1656.09863574,3.0,80.0,368.0,0.0,0.0,-0.8660254,0.5,0.43388374,-0.90096887,0.44005128,2.02616548,0.49163138,3.34011272,0.50883343,3.82432329,1.65257802,0.44029465,0.44994423,0.55571986,0.44266148,0,low
2035-01-04T20:15:00Z,0.42848257,153.0,827.47927922,1692.0659737,3.0,81.0,369.0,0.0,0.0,-0.83146961,0.55557023,0.43388374,-0.90096887,0.43559676,2.30094617,0.48298107,3.16783985,0.50793593,3.57375063,1.50683477,0.41796947,0.44630065,0.5322863,0.41580251,0,low
2035-01-04T20:30:00Z,0.38800518,154.0,801.67608966,1665.77931733,3.0,82.0,370.0,0.0,0.0,-0.79335334,0.60876143,0.43388374,-0.90096887,0.41868797,3.54645438,0.47025338,3.59485586,0.50297219,3.46285079,3.12593043,0.42848257,0.45564034,0.54073749,0.44084953,0,low
2035-01-04T20:45:00Z,0.41812157,155.0,792.49441218,1686.69161963,3.0,83.0,371.0,0.0,0.0,-0.75183981,0.65934582,0.43388374,-0.90096887,0.4131447,4.13728251,0.45973882,3.94895714,0.49865907,3.56694905,2.5121027,0.38800518,0.44029465,0.54429629,0.39494422,0,low
2035-01-04T21:00:00Z,0.40818981,154.0,808.3360153,1692.47654709,3.0,84.0,372.0,0.0,0.0,-0.70710678,0.70710678,0.43388374,-0.90096887,0.41069978,3.64154607,0.45151042,3.58317184,0.49567141,3.35487387,2.01636625,0.41812157,0.41796947,0.50693063,0.43268651,0,low
2035-01-04T21:15:00Z,0.38000972,154.0,826.93377794,1654.92580188,3.0,85.0,373.0,0.0,0.0,-0.65934582,0.75183981,0.43388374,-0.90096887,0.39858157,4.34822562,0.43878848,3.61567412,0.4885321,3.06634221,3.14356975,0.40818981,0.42848257,0.53267304,0.41606695,0,low
2035-01-04T21:30:00Z,0.39484386,154.0,842.67093096,1658.10773726,3.0,86.0,374.0,0.0,0.0,-0.60876143,0.79335334,0.43388374,-0.90096887,0.40029124,3.32249557,0.4265288,3.68963683,0.48245508,3.09416305,1.5244741,0.38000972,0.38800518,0.54195998,0.41093574,0,low
2035-01-04T21:45:00Z,0.42537405,155.0,810.39631574,1635.23055009,3.0,87.0,375.0,0.0,0.0,-0.55557023,0.83146961,0.43388374,-0.90096887,0.40210436,3.33904727,0.42109801,3.41115356,0.47713433,3.21516643,1.5244741,0.39484386,0.41812157,0.49054355,0.41172976,0,low
2035-01-04T22:00:00Z,0.3766934,154.0,782.58628944,1622.42849393,3.0,88.0,376.0,0.0,0.0,-0.5,0.8660254,0.43388374,-0.90096887,0.39423026,4.88900279,0.41499377,3.51890478,0.4707743,3.38145053,3.07442962,0.42537405,0.40818981,0.44994423,0.39449365,0,low
2035-01-04T22:15:00Z,0.38469394,154.0,806.3482654,1732.08711614,3.0,89.0,377.0,0.0,0.0,-0.44228869,0.89687274,0.43388374,-0.90096887,0.39540131,4.08182084,0.40985988,3.57699754,0.46473784,3.43322029,1.94722612,0.3766934,0.38000972,0.44630065,0.39282231,0,low
2035-01-04T22:30:00Z,0.40109336,154.0,828.84877727,1690.23191025,3.0,90.0,378.0,0.0,0.0,-0.38268343,0.92387953,0.43388374,-0.90096887,0.39696369,4.14443228,0.4053143,3.67112741,0.45937723,3.54135706,1.94722612,0.38469394,0.39484386,0.45564034,0.38402013,0,low
2035-01-04T22:45:00Z,0.43176108,153.0,788.14574984,1720.36372122,3.0,91.0,379.0,0.0,0.0,-0.32143947,0.94693013,0.43388374,-0.90096887,0.39856044,4.14993355,0.40460317,3.87542111,0.45385688,3.51579749,1.94722612,0.40109336,0.42537405,0.44029465,0.42559456,0,low
2035-01-04T23:00:00Z,0.43639751,155.0,829.72827969,1729.95476785,3.0,92.0,380.0,0.0,0.0,-0.25881905,0.96592583,0.43388374,-0.90096887,0.41348647,2.38816433,0.40613884,3.63957106,0.44888511,3.48984189,0.0,0.43176108,0.3766934,0.41796947,0.40464601,0,low
2035-01-04T23:15:00Z,0.37964418,156.0,808.69475861,1665.65720473,3.0,93.0,381.0,0.0,0.0,-0.19509032,0.98078528,0.43388374,-0.90096887,0.41222403,4.33827592,0.40206897,4.25610746,0.44252502,3.71197365,2.27013313,0.43639751,0.38469394,0.42848257,0.40269523,0,low
2035-01-04T23:30:00Z,0.41631124,155.0,824.23210854,1664.87887873,3.0,94.0,382.0,0.0,0.0,-0.13052619,0.99144486,0.43388374,-0.90096887,0.4160285,5.14898143,0.40442781,4.20530309,0.4373406,3.90007948,2.27013313,0.37964418,0.40109336,0.38800518,0.38757633,0,low
2035-01-04T23:45:00Z,0.39585712,153.0,809.34629527,1719.92792446,3.0,95.0,383.0,0.0,0.0,-0.06540313,0.99785892,0.43388374,-0.90096887,0.40705251,4.7404373,0.40257244,4.07647271,0.43115563,4.01271492,3.08829785,0.41631124,0.43176108,0.41812157,0.40617477,0,low
2035-01-05T00:00:00Z,0.40534525,155.0,819.37109474,1745.54025876,4.0,0.0,384.0,0.0,0.0,0.0,1.0,-0.43388374,-0.90096887,0.39928945,4.93450564,0.40233539,4.07055758,0.42692291,3.82686471,3.08829785,0.39585712,0.43639751,0.40818981,0.40660751,0,low
2035-01-05T00:15:00Z,0.4366185,156.0,818.17054697,1635.61046949,4.0,1.0,385.0,0.0,0.0,0.06540313,0.99785892,-0.43388374,-0.90096887,0.41353303,3.91530234,0.40705279,4.1117997,0.42292063,3.86373691,0.81816471,0.40534525,0.37964418,0.38000972,0.42778512,0,low
2035-01-05T00:30:00Z,0.41189342,154.0,793.8553863,1651.19488584,4.0,2.0,386.0,0.0,0.0,0.13052619,0.99144486,-0.43388374,-0.90096887,0.41242857,3.43762292,0.40847359,4.24367888,0.41750119,3.96665785,1.80716786,0.4366185,0.41631124,0.39484386,0.41138273,0,low
2035-01-05T00:45:00Z,0.41578795,156.0,841.03742716,1679.59510328,4.0,3.0,387.0,0.0,0.0,0.19509032,0.98078528,-0.43388374,-0.90096887,0.41741128,2.77523927,0.40767475,3.88853671,0.41438638,3.64984514,0.98900314,0.41189342,0.39585712,0.42537405,0.42037448,0,low
2035-01-05T01:00:00Z,0.41342948,154.0,829.09934087,1752.62210928,4.0,4.0,388.0,0.0,0.0,0.25881905,0.96592583,-0.43388374,-0.90096887,0.41943234,2.49005266,0.41073609,3.27090754,0.41286493,3.39490616,1.08334176,0.41578795,0.40534525,0.3766934,0.44779513,0,low
2035-01-05T01:15:00Z,0.43526993,153.0,809.83911028,1664.75593053,4.0,5.0,389.0,0.0,0.0,0.32143947,0.94693013,-0.43388374,-0.90096887,0.4190952,2.11274071,0.41495075,3.45543966,0.41240532,3.5162186,1.08334176,0.41342948,0.4366185,0.38469394,0.41282998,0,low
2035-01-05T01:30:00Z,0.44601463,154.0,838.24112738,1667.30928693,4.0,6.0,390.0,0.0,0.0,0.38268343,0.92387953,-0.43388374,-0.90096887,0.4276255,1.55352548,0.41869419,3.38004328,0.41200424,3.52558534,0.09433861,0.43526993,0.41189342,0.40109336,0.41597578,0,low
2035-01-05T01:45:00Z,0.43920754,155.0,839.84762176,1714.63557082,4.0,7.0,391.0,0.0,0.0,0.44228869,0.89687274,-0.43388374,-0.90096887,0.43348039,1.67002798,0.41931473,3.06190152,0.41195895,3.46866131,0.36662218,0.44601463,0.41578795,0.43176108,0.46581323,0,low
2035-01-05T02:00:00Z,0.46491906,156.0,829.35014451,1688.74941283,4.0,8.0,392.0,0.0,0.0,0.5,0.8660254,-0.43388374,-0.90096887,0.44635279,2.60415034,0.42169153,3.34290288,0.41391518,3.49123697,0.27228357,0.43920754,0.41342948,0.43639751,0.47544739,0,low
2035-01-05T02:15:00Z,0.45835956,153.0,848.12703065,1705.14542019,4.0,9.0,393.0,0.0,0.0,0.55557023,0.83146961,-0.43388374,-0.90096887,0.4521252,1.99291243,0.42825114,2.67365183,0.41516006,3.46487964,0.53466355,0.46491906,0.43526993,0.37964418,0.45181915,0,low
2035-01-05T02:30:00Z,0.43595322,154.0,825.06912067,1736.32721762,4.0,10.0,394.0,0.0,0.0,0.60876143,0.79335334,-0.43388374,-0.90096887,0.44960985,2.45937839,0.42988797,2.48350893,0.41715789,3.34440601,1.43091741,0.45835956,0.44601463,0.41631124,0.48007526,0,low
2035-01-05T02:45:00Z,0.46514326,155.0,812.93683246,1656.48703268,4.0,11.0,395.0,0.0,0.0,0.65934582,0.75183981,-0.43388374,-0.90096887,0.45609378,3.3546966,0.43566182,2.59998795,0.41911713,3.33823033,1.15863384,0.43595322,0.43920754,0.39585712,0.46719667,0,low
2035-01-05T03:00:00Z,0.48763836,153.0,805.19784268,1725.70520335,4.0,12.0,396.0,0.0,0.0,0.70710678,0.70710678,-0.43388374,-0.90096887,0.4617736,3.22603972,0.44251958,2.77341424,0.42242748,3.42198591,1.15863384,0.46514326,0.46491906,0.40534525,0.45163045,0,low
2035-01-05T03:15:00Z,0.49598394,153.0,816.32557719,1716.13590513,4.0,13.0,397.0,0.0,0.0,0.75183981,0.65934582,-0.43388374,-0.90096887,0.4711797,3.2974828,0.4474667,2.46771198,0.42725974,3.28975584,0.89625386,0.48763836,0.45835956,0.4366185,0.46225822,0,low
2035-01-05T03:30:00Z,0.50603606,153.0,838.06493527,1679.60020563,4.0,14.0,398.0,0.0,0.0,0.79335334,0.60876143,-0.43388374,-0.90096887,0.48870041,2.80331369,0.45531192,2.27207252,0.43189275,3.2578757,0.0,0.49598394,0.43595322,0.41189342,0.48837918,0,low
2035-01-05T03:45:00Z,0.48921059,153.0,800.68619183,1657.78546065,4.0,15.0,399.0,0.0,0.0,0.83146961,0.55557023,-0.43388374,-0.90096887,0.49471724,2.30873081,0.46143047,2.44448513,0.43455261,3.16651092,0.67301891,0.50603606,0.46514326,0.41578795,0.46986365,0,low
2035-01-05T04:00:00Z,0.47827481,154.0,811.84739827,1705.8628333,4.0,16.0,400.0,0.0,0.0,0.8660254,0.5,-0.43388374,-0.90096887,0.49237635,1.84635769,0.46683425,2.55884925,0.43878517,2.91487839,1.11044987,0.48921059,0.48763836,0.41342948,0.49909685,0,low
2035-01-05T04:15:00Z,0.48440202,154.0,840.52585786,1735.49095383,4.0,17.0,401.0,0.0,0.0,0.89687274,0.44228869,-0.43388374,-0.90096887,0.48948087,1.75762293,0.47092859,2.34933939,0.44293967,2.90238952,1.11044987,0.47827481,0.49598394,0.43526993,0.49968069,0,low
2035-01-05T04:30:00Z,0.49154166,154.0,815.48603317,1756.81183245,4.0,18.0,402.0,0.0,0.0,0.92387953,0.38268343,-0.43388374,-0.90096887,0.48585727,1.64112381,0.47472251,2.30127196,0.44670835,2.84065762,1.11044987,0.48440202,0.50603606,0.44601463,0.50546053,0,low
2035-01-05T04:45:00Z,0.51686509,156.0,797.55757969,1697.79597797,4.0,19.0,403.0,0.0,0.0,0.94693013,0.32143947,-0.43388374,-0.90096887,0.4927709,1.98104219,0.48119397,2.54815654,0.45025435,2.80502903,0.43743096,0.49154166,0.48921059,0.43920754,0.51572748,1,medium
2035-01-05T05:00:00Z,0.5798636,154.0,783.82669848,1598.379415,4.0,20.0,404.0,0.0,0.0,0.96592583,0.25881905,-0.43388374,-0.90096887,0.51816809,4.06355171,0.49077268,3.04531637,0.4562321,3.19410962,0.0,0.51686509,0.47827481,0.46491906,0.5544495,1,medium
2035-01-05T05:15:00Z,0.59426745,154.0,826.42839348,1739.0132711,4.0,21.0,405.0,0.0,0.0,0.98078528,0.19509032,-0.43388374,-0.90096887,0.54563445,4.39461734,0.50209834,3.14990769,0.46517474,2.91177976,0.0,0.5798636,0.48440202,0.45835956,0.57824074,1,medium
2035-01-05T05:30:00Z,0.59630776,155.0,829.07451093,1744.73838255,4.0,22.0,406.0,0.0,0.0,0.99144486,0.13052619,-0.43388374,-0.90096887,0.57182598,4.19064412,0.51546122,2.87836054,0.4726746,2.68093473,0.0,0.59426745,0.49154166,0.43595322,0.57788128,1,medium
2035-01-05T05:45:00Z,0.6186956,153.0,817.2551212,1670.58079892,4.0,23.0,407.0,0.0,0.0,0.99785892,0.06540313,-0.43388374,-0.90096887,0.5972836,4.07322019,0.52825725,2.7876644,0.48195953,2.69382617,0.0,0.59630776,0.51686509,0.46514326,0.61386586,1,medium
2035-01-05T06:00:00Z,0.6219231,154.0,838.48429378,1743.0023191,4.0,24.0,408.0,0.0,0.0,1.0,0.0,-0.43388374,-0.90096887,0.60779848,1.6823799,0.53944764,2.5307631,0.49098361,2.65208867,0.0,0.6186956,0.5798636,0.48763836,0.66811901,1,medium
2035-01-05T06:15:00Z,0.68106888,156.0,801.88705427,1664.89530583,4.0,25.0,409.0,0.0,0.0,0.99785892,-0.06540313,-0.43388374,-0.90096887,0.62949884,3.47205719,0.55487139,3.20809916,0.50116904,2.83790557,0.0,0.6219231,0.59426745,0.49598394,0.69280332,1,medium
2035-01-05T06:30:00Z,0.66701092,154.0,807.12982366,1739.05738896,4.0,26.0,410.0,0.0,0.0,0.99144486,-0.13052619,-0.43388374,-0.90096887,0.64717463,3.95276327,0.56828596,3.2615104,0.51179894,2.76679146,0.56231847,0.68106888,0.59630776,0.50603606,0.66358848,2,high
2035-01-05T06:45:00Z,0.7433918,153.0,783.02022466,1654.87673445,4.0,27.0,411.0,0.0,0.0,0.98078528,-0.19509032,-0.43388374,-0.90096887,0.67834868,6.11248518,0.58946773,4.05558252,0.5254491,3.25003383,0.56231847,0.66701092,0.6186956,0.48921059,0.69593336,2,high
2035-01-05T07:00:00Z,0.70793586,156.0,803.99832808,1642.40219204,4.0,28.0,412.0,0.0,0.0,0.96592583,-0.25881905,-0.43388374,-0.90096887,0.69985187,7.40162274,0.60860615,4.38251812,0.5377202,3.47068368,1.98055622,0.7433918,0.6219231,0.47827481,0.71182531,2,high
2035-01-05T07:15:00Z,0.79649921,154.0,749.23739752,1597.61812161,4.0,29.0,413.0,0.0,0.0,0.94693013,-0.32143947,-0.43388374,-0.90096887,0.72870945,8.57832564,0.63461425,5.48166673,0.55277142,3.91550306,1.98055622,0.70793586,0.68106888,0.48440202,0.76158142,2,high
2035-01-05T07:30:00Z,0.82151384,156.0,818.90545678,1713.20213282,4.0,30.0,414.0,0.0,0.0,0.92387953,-0.38268343,-0.43388374,-0.90096887,0.76733518,9.01659238,0.66211193,5.71999992,0.56841722,4.01063594,1.41823774,0.79649921,0.66701092,0.49154166,0.76905285,2,high
2035-01-05T07:45:00Z,0.83030106,156.0,832.96541042,1715.00901787,4.0,31.0,415.0,0.0,0.0,0.89687274,-0.44228869,-0.43388374,-0.90096887,0.78906249,6.31284558,0.68823159,5.49951698,0.58471278,4.02383676,1.41823774,0.82151384,0.7433918,0.51686509,0.79009739,2,high
2035-01-05T08:00:00Z,0.80991464,153.0,811.87442871,1704.4825847,4.0,32.0,416.0,0.0,0.0,0.8660254,-0.5,-0.43388374,-0.90096887,0.81455719,5.71006466,0.70740251,4.93135577,0.5990876,3.98833607,0.81545682,0.83030106,0.70793586,0.5798636,0.80100735,1,medium
2035-01-05T08:15:00Z,0.83550893,156.0,828.54044511,1659.92372674,4.0,33.0,417.0,0.0,0.0,0.83146961,-0.55557023,-0.43388374,-0.90096887,0.82430962,3.19130237,0.72750597,5.08056174,0.61480215,4.11523471,0.81545682,0.80991464,0.79649921,0.59426745,0.82753709,1,medium
2035-01-05T08:30:00Z,0.85646225,156.0,810.47296869,1689.19653983,4.0,34.0,418.0,0.0,0.0,0.79335334,-0.60876143,-0.43388374,-0.90096887,0.83304672,3.02884985,0.74918551,5.33273517,0.63232336,4.10554785,0.81545682,0.83550893,0.82151384,0.59630776,0.82613759,1,medium
2035-01-05T08:45:00Z,0.81107227,156.0,811.33020204,1683.49717472,4.0,35.0,419.0,0.0,0.0,0.75183981,-0.65934582,-0.43388374,-0.90096887,0.82823952,4.4929605,0.7652169,5.63943042,0.64673707,4.21354741,2.63105595,0.85646225,0.83030106,0.6186956,0.83283874,1,medium
2035-01-05T09:00:00Z,0.7851181,155.0,818.87291459,1712.45058657,4.0,36.0,420.0,0.0,0.0,0.70710678,-0.70710678,-0.43388374,-0.90096887,0.82204039,4.7156706,0.77881648,5.94245266,0.65913206,4.23660788,2.85376604,0.81107227,0.80991464,0.6219231,0.82475193,1,medium
2035-01-05T09:15:00Z,0.76750125,155.0,807.54968607,1678.47994351,4.0,37.0,421.0,0.0,0.0,0.65934582,-0.75183981,-0.43388374,-0.90096887,0.80503847,4.39657272,0.78601918,5.38873358,0.67044528,4.29841637,3.55844002,0.7851181,0.83550893,0.68106888,0.81026501,1,medium
2035-01-05T09:30:00Z,0.79562071,155.0,789.75852167,1653.04234589,4.0,38.0,422.0,0.0,0.0,0.60876143,-0.79335334,-0.43388374,-0.90096887,0.78982808,4.68321848,0.79673666,5.57622024,0.68251131,4.41886532,3.55844002,0.76750125,0.85646225,0.66701092,0.73302501,1,medium
2035-01-05T09:45:00Z,0.7494588,154.0,809.60055878,1686.49967178,4.0,39.0,423.0,0.0,0.0,0.55557023,-0.83146961,-0.43388374,-0.90096887,0.77442471,4.71409585,0.79724224,5.17330064,0.69335498,4.61444158,3.5893174,0.79562071,0.81107227,0.7433918,0.75633313,0,low
2035-01-05T10:00:00Z,0.68954348,154.0,780.24606972,1591.85713645,4.0,40.0,424.0,0.0,0.0,0.5,-0.8660254,-0.43388374,-0.90096887,0.75053106,6.07254155,0.79570954,5.4994256,0.70215785,4.94097186,4.94776309,0.7494588,0.7851181,0.70793586,0.71325827,0,low
2035-01-05T10:15:00Z,0.70700308,155.0,819.40489087,1709.26045703,4.0,41.0,425.0,0.0,0.0,0.44228869,-0.89687274,-0.43388374,-0.90096887,0.73540652,6.06625146,0.78825153,4.55137552,0.71143289,5.01652112,4.24308912,0.68954348,0.76750125,0.79649921,0.67583392,0,low
2035-01-05T10:30:00Z,0.6104504,154.0,770.97057045,1606.60677524,4.0,42.0,426.0,0.0,0.0,0.38268343,-0.92387953,-0.43388374,-0.90096887,0.68911394,8.80358025,0.77066291,5.50521619,0.71638742,5.61260806,8.10519637,0.70700308,0.79562071,0.82151384,0.66145272,0,low
2035-01-05T10:45:00Z,0.57877173,156.0,793.46118583,1666.42183161,4.0,43.0,427.0,0.0,0.0,0.32143947,-0.94693013,-0.43388374,-0.90096887,0.64644217,8.22425048,0.74970214,5.81043561,0.71896686,5.6549763,7.5258666,0.6104504,0.7494588,0.83030106,0.62668018,0,low
2035-01-05T11:00:00Z,0.57240057,154.0,835.67905906,1676.04073519,4.0,44.0,428.0,0.0,0.0,0.25881905,-0.96592583,-0.43388374,-0.90096887,0.61715644,6.08248436,0.7299093,5.6235655,0.7186559,5.27746063,5.38410048,0.57877173,0.68954348,0.80991464,0.59784992,0,low
2035-01-05T11:15:00Z,0.57437801,154.0,833.3849273,1718.25928635,4.0,45.0,429.0,0.0,0.0,0.19509032,-0.98078528,-0.43388374,-0.90096887,0.58400018,5.46319822,0.70814839,5.30867413,0.71782718,5.19461793,5.38410048,0.57240057,0.70700308,0.83550893,0.56661434,0,low
2035-01-05T11:30:00Z,0.52635869,154.0,801.03424187,1612.12124314,4.0,46.0,430.0,0.0,0.0,0.13052619,-0.99144486,-0.43388374,-0.90096887,0.56297725,3.52186372,0.68063976,5.66955415,0.71491263,5.50114466,3.44276598,0.57437801,0.6104504,0.85646225,0.53443104,0,low
2035-01-05T11:45:00Z,0.48044221,154.0,812.20677455,1666.87520934,4.0,47.0,431.0,0.0,0.0,0.06540313,-0.99785892,-0.43388374,-0.90096887,0.53839487,4.0913762,0.65308725,5.67657418,0.70915207,5.6580023,4.01227846,0.52635869,0.57877173,0.81107227,0.4764479,0,low
2035-01-05T12:00:00Z,0.49391631,153.0,823.77581563,1660.10457703,4.0,48.0,432.0,0.0,0.0,0.0,-1.0,-0.43388374,-0.90096887,0.51877381,4.37549371,0.62882044,5.51017321,0.70381846,5.72631294,3.75743196,0.48044221,0.57240057,0.7851181,0.46391766,0,low
2035-01-05T12:15:00Z,0.4834378,154.0,845.07216419,1738.76598693,4.0,49.0,433.0,0.0,0.0,-0.06540313,-0.99785892,-0.43388374,-0.90096887,0.49603875,4.71553643,0.60514848,5.41499537,0.69558383,5.40186447,4.17657243,0.49391631,0.57437801,0.76750125,0.46424042,0,low
2035-01-05T12:30:00Z,0.45127792,155.0,790.3902016,1700.72635843,4.0,50.0,434.0,0.0,0.0,-0.13052619,-0.99144486,-0.43388374,-0.90096887,0.47726856,4.08115897,0.57645325,5.46886765,0.68659495,5.52254394,3.54219496,0.4834378,0.52635869,0.79562071,0.4320874,0,low
2035-01-05T12:45:00Z,0.42773879,154.0,812.10710082,1671.90148918,4.0,51.0,435.0,0.0,0.0,-0.19509032,-0.98078528,-0.43388374,-0.90096887,0.46409271,3.18606472,0.54964325,5.16723047,0.67344275,5.17026556,2.64710071,0.45127792,0.48044221,0.7494588,0.49121094,0,low
2035-01-05T13:00:00Z,0.43936305,153.0,814.11811703,1718.90196697,4.0,52.0,436.0,0.0,0.0,-0.25881905,-0.96592583,-0.43388374,-0.90096887,0.45045439,3.1120709,0.52879488,4.52334966,0.66225221,5.01138763,2.64710071,0.42773879,0.49391631,0.68954348,0.43637786,0,low
2035-01-05T13:15:00Z,0.46250034,154.0,828.14836175,1704.61269919,4.0,53.0,437.0,0.0,0.0,-0.32143947,-0.94693013,-0.43388374,-0.90096887,0.44522002,3.6184219,0.50841965,4.59905218,0.64833559,4.57521385,2.22796025,0.43936305,0.4834378,0.70700308,0.46135489,0,low
2035-01-05T13:30:00Z,0.45389732,153.0,804.23243089,1704.69717216,4.0,54.0,438.0,0.0,0.0,-0.38268343,-0.92387953,-0.43388374,-0.90096887,0.44587487,2.67614736,0.49537356,3.42639002,0.63301824,4.4658031,1.28568571,0.46250034,0.45127792,0.6104504,0.48549029,0,low
2035-01-05T13:45:00Z,0.46041835,153.0,845.32327491,1675.04955355,4.0,55.0,439.0,0.0,0.0,-0.44228869,-0.89687274,-0.43388374,-0.90096887,0.45404476,1.99542387,0.48551078,3.09095493,0.61760646,4.45069527,0.34412074,0.45389732,0.42773879,0.57877173,0.43196525,0,low
2035-01-05T14:00:00Z,0.45318831,155.0,830.27443097,1714.44466186,4.0,56.0,440.0,0.0,0.0,-0.5,-0.8660254,-0.43388374,-0.90096887,0.45750108,1.81965535,0.47557643,3.10240665,0.60274286,4.36298608,0.63332241,0.46041835,0.43936305,0.57240057,0.49812153,0,low
2035-01-05T14:15:00Z,0.4898133,153.0,812.36185997,1684.33874103,4.0,57.0,441.0,0.0,0.0,-0.55557023,-0.83146961,-0.43388374,-0.90096887,0.46432932,2.35916356,0.46852937,3.56437396,0.58833888,4.43652405,0.63332241,0.45318831,0.46250034,0.57437801,0.45002253,0,low
2035-01-05T14:30:00Z,0.49989805,156.0,835.98254968,1741.28852743,4.0,58.0,442.0,0.0,0.0,-0.60876143,-0.79335334,-0.43388374,-0.90096887,0.47582951,2.41843277,0.46632431,3.0585797,0.57348204,4.36406692,0.28920167,0.4898133,0.45389732,0.52635869,0.5071349,0,low
2035-01-05T14:45:00Z,0.48446534,154.0,826.63548754,1728.24053908,4.0,59.0,443.0,0.0,0.0,-0.65934582,-0.75183981,-0.43388374,-0.90096887,0.48184125,2.7748997,0.46665957,2.65212943,0.55987341,4.1643518,0.90651008,0.49989805,0.46041835,0.48044221,0.52163656,0,low
2035-01-05T15:00:00Z,0.50422149,155.0,812.1927107,1711.70287373,4.0,60.0,444.0,0.0,0.0,-0.70710678,-0.70710678,-0.43388374,-0.90096887,0.49459955,3.27594387,0.46751834,2.73589004,0.54816939,4.12303162,0.61730841,0.48446534,0.45318831,0.49391631,0.47989351,0,low
2035-01-05T15:15:00Z,0.53308518,155.0,821.43743404,1673.01832381,4.0,61.0,445.0,0.0,0.0,-0.75183981,-0.65934582,-0.43388374,-0.90096887,0.50541752,2.96549196,0.47165562,2.9810258,0.53840205,4.19801059,0.61730841,0.50422149,0.4898133,0.4834378,0.55135335,0,low
2035-01-05T15:30:00Z,0.55178049,155.0,799.97408969,1677.32680412,4.0,62.0,446.0,0.0,0.0,-0.79335334,-0.60876143,-0.43388374,-0.90096887,0.51838812,3.30991422,0.48003083,2.80149812,0.52824204,4.13518288,0.61730841,0.53308518,0.49989805,0.45127792,0.54069234,0,low
2035-01-05T15:45:00Z,0.55546132,156.0,848.64759293,1738.38577697,4.0,63.0,447.0,0.0,0.0,-0.83146961,-0.55557023,-0.43388374,-0.90096887,0.53613712,2.83983917,0.49067438,2.53672092,0.52015881,3.85197569,0.0,0.55178049,0.48446534,0.42773879,0.55307202,0,low
2035-01-05T16:00:00Z,0.5621774,155.0,825.66968945,1678.09695048,4.0,64.0,448.0,0.0,0.0,-0.8660254,-0.5,-0.43388374,-0.90096887,0.5506261,2.3182365,0.50090891,2.47127857,0.51485189,3.49731412,0.0,0.55546132,0.50422149,0.43936305,0.52933398,0,low
2035-01-05T16:15:00Z,0.54561668,154.0,814.94106546,1734.215308,4.0,65.0,449.0,0.0,0.0,-0.89687274,-0.44228869,-0.43388374,-0.90096887,0.55375897,1.82611752,0.50783527,2.38359101,0.50812746,3.4913216,0.66242878,0.5621774,0.53308518,0.46250034,0.52956905,0,low
2035-01-05T16:30:00Z,0.53320912,155.0,806.46456497,1704.47165886,4.0,66.0,450.0,0.0,0.0,-0.92387953,-0.38268343,-0.43388374,-0.90096887,0.54911613,1.57460761,0.51444459,2.4343182,0.50490907,2.93035411,1.15873109,0.54561668,0.55178049,0.45389732,0.52974797,0,low
2035-01-05T16:45:00Z,0.54674904,154.0,807.73637787,1718.71075873,4.0,67.0,451.0,0.0,0.0,-0.94693013,-0.32143947,-0.43388374,-0.90096887,0.54693806,1.96897099,0.52163881,2.52790329,0.5035748,2.80942911,1.15873109,0.53320912,0.55546132,0.46041835,0.56424962,0,low
2035-01-05T17:00:00Z,0.56207277,154.0,824.45753496,1731.74700477,4.0,68.0,452.0,0.0,0.0,-0.96592583,-0.25881905,-0.43388374,-0.90096887,0.5469119,2.31327706,0.53071252,2.63581914,0.50314447,2.8691129,1.15873109,0.54674904,0.5621774,0.45318831,0.55571986,0,low
2035-01-05T17:15:00Z,0.54031248,155.0,805.343124,1672.69807021,4.0,69.0,453.0,0.0,0.0,-0.98078528,-0.19509032,-0.43388374,-0.90096887,0.54558585,2.52126017,0.53492078,2.43762322,0.50172507,3.00099859,1.3667142,0.56207277,0.54561668,0.4898133,0.5322863,0,low
2035-01-05T17:30:00Z,0.52003917,155.0,838.78461817,1657.28750513,4.0,70.0,454.0,0.0,0.0,-0.99144486,-0.13052619,-0.43388374,-0.90096887,0.54229337,2.83588989,0.53659921,2.57347057,0.50146176,2.81602514,1.68134392,0.54031248,0.53320912,0.49989805,0.54073749,0,low
2035-01-05T17:45:00Z,0.56545932,154.0,781.10117666,1627.61446809,4.0,71.0,455.0,0.0,0.0,-0.99785892,-0.06540313,-0.43388374,-0.90096887,0.54697094,4.11109915,0.54334871,2.97330311,0.50500414,2.81271627,1.68134392,0.52003917,0.54674904,0.48446534,0.54429629,0,low
2035-01-05T18:00:00Z,0.53097756,155.0,805.12996643,1657.85655244,4.0,72.0,456.0,0.0,0.0,-1.0,-0.0,-0.43388374,-0.90096887,0.53919713,4.87742052,0.54557838,3.16964469,0.50654836,2.95276737,3.06061451,0.56545932,0.56207277,0.50422149,0.50693063,0,low
2035-01-05T18:15:00Z,0.53518643,154.0,842.59040337,1684.65976467,4.0,73.0,457.0,0.0,0.0,-0.99785892,0.06540313,-0.43388374,-0.90096887,0.53791562,4.17536343,0.54575348,2.84091371,0.50870455,2.91096976,2.19020263,0.53097756,0.54031248,0.53308518,0.53267304,0,low
2035-01-05T18:30:00Z,0.51069837,154.0,829.77890795,1667.85087833,4.0,74.0,458.0,0.0,0.0,-0.99144486,0.13052619,-0.43388374,-0.90096887,0.53558042,4.34395393,0.54232997,2.91815048,0.5111804,2.8598243,2.35879312,0.53518643,0.52003917,0.55178049,0.54195998,0,low
2035-01-05T18:45:00Z,0.49630173,155.0,809.81413259,1692.29969977,4.0,75.0,459.0,0.0,0.0,-0.98078528,0.19509032,-0.43388374,-0.90096887,0.51829102,3.10301338,0.53740001,3.06102784,0.51403719,2.79887438,2.93465858,0.51069837,0.56545932,0.55546132,0.49054355,0,low
2035-01-05T19:00:00Z,0.4636298,155.0,821.55121649,1716.04497614,4.0,76.0,460.0,0.0,0.0,-0.96592583,0.25881905,-0.43388374,-0.90096887,0.50145408,3.0306198,0.52918771,3.4071058,0.51504831,2.93919218,2.86226501,0.49630173,0.53097756,0.5621774,0.44994423,0,low
2035-01-05T19:15:00Z,0.47790481,154.0,807.1430615,1664.01094224,4.0,77.0,461.0,0.0,0.0,-0.94693013,0.32143947,-0.43388374,-0.90096887,0.48713368,3.43326506,0.52354505,3.37662955,0.51569016,2.88011028,2.86226501,0.4636298,0.53518643,0.54561668,0.44630065,0,low
2035-01-05T19:30:00Z,0.46023351,154.0,831.55074571,1655.33782613,4.0,78.0,462.0,0.0,0.0,-0.92387953,0.38268343,-0.43388374,-0.90096887,0.47451746,3.1605942,0.51746375,3.44681267,0.51595417,2.94056544,2.58959415,0.47790481,0.51069837,0.53320912,0.45564034,0,low
2035-01-05T19:45:00Z,0.44436225,153.0,828.80377197,1685.10218369,4.0,79.0,463.0,0.0,0.0,-0.89687274,0.44228869,-0.43388374,-0.90096887,0.46153259,3.21957945,0.50893152,3.47789733,0.51528516,3.00290031,2.64857941,0.46023351,0.49630173,0.54674904,0.44029465,0,low
2035-01-05T20:00:00Z,0.4333569,153.0,811.26053955,1750.77513884,4.0,80.0,464.0,0.0,0.0,-0.8660254,0.5,-0.43388374,-0.90096887,0.45396437,2.35291628,0.49820519,3.42031887,0.51445886,3.02806901,1.78191624,0.44436225,0.4636298,0.56207277,0.41796947,0,low
2035-01-05T20:15:00Z,0.4155556,153.0,804.75270571,1684.5340735,4.0,81.0,465.0,0.0,0.0,-0.83146961,0.55557023,-0.43388374,-0.90096887,0.43837707,2.49396814,0.48780879,3.36753221,0.51136478,2.90257771,2.49396814,0.4333569,0.47790481,0.54031248,0.42848257,0,low
2035-01-05T20:30:00Z,0.38455174,155.0,806.19639229,1679.80976159,4.0,82.0,466.0,0.0,0.0,-0.79335334,0.60876143,-0.43388374,-0.90096887,0.41945662,3.02727113,0.47651817,3.51060642,0.50655869,3.0420385,3.02727113,0.4155556,0.46023351,0.52003917,0.38800518,0,low
2035-01-05T20:45:00Z,0.37627503,155.0,827.32168738,1696.96889025,4.0,83.0,467.0,0.0,0.0,-0.75183981,0.65934582,-0.43388374,-0.90096887,0.40243482,2.72348872,0.46075281,3.01536052,0.50205076,2.99433181,2.72348872,0.38455174,0.44436225,0.56545932,0.41812157,0,low
2035-01-05T21:00:00Z,0.40877913,154.0,827.88133784,1670.7524026,4.0,84.0,468.0,0.0,0.0,-0.70710678,0.70710678,-0.43388374,-0.90096887,0.39629037,3.58343904,0.45056961,2.98899171,0.49807399,3.0793182,2.28327487,0.37627503,0.4333569,0.53097756,0.40818981,0,low
2035-01-05T21:15:00Z,0.42103641,153.0,831.42266323,1748.38386397,4.0,85.0,469.0,0.0,0.0,-0.65934582,0.75183981,-0.43388374,-0.90096887,0.39766058,3.36167826,0.44105711,3.09630382,0.49340529,2.96860876,1.57122296,0.40877913,0.4155556,0.53518643,0.38000972,0,low
2035-01-05T21:30:00Z,0.42442873,155.0,842.120788,1677.3372842,4.0,86.0,470.0,0.0,0.0,-0.60876143,0.79335334,-0.43388374,-0.90096887,0.40762983,2.25721643,0.43386797,2.81502725,0.48809897,2.86658887,0.3310683,0.42103641,0.38455174,0.51069837,0.39484386,0,low
2035-01-05T21:45:00Z,0.41765954,155.0,811.44392548,1733.44081369,4.0,87.0,471.0,0.0,0.0,-0.55557023,0.83146961,-0.43388374,-0.90096887,0.41797595,2.19691594,0.42731445,2.71332804,0.48235723,2.88717794,0.27076781,0.42442873,0.37627503,0.49630173,0.42537405,0,low
2035-01-05T22:00:00Z,0.39829741,155.0,807.50487214,1682.34935545,4.0,88.0,472.0,0.0,0.0,-0.5,0.8660254,-0.43388374,-0.90096887,0.41535552,1.67123664,0.42187009,2.53586398,0.4755289,2.97148489,1.04525267,0.41765954,0.40877913,0.4636298,0.3766934,0,low
2035-01-05T22:15:00Z,0.3951318,154.0,841.29974285,1687.27365474,4.0,89.0,473.0,0.0,0.0,-0.44228869,0.89687274,-0.43388374,-0.90096887,0.40887937,1.30757018,0.41497234,2.38773886,0.46925869,2.88218421,1.17187734,0.39829741,0.42103641,0.47790481,0.38469394,0,low
2035-01-05T22:30:00Z,0.40469511,155.0,823.26802338,1727.3568209,4.0,90.0,474.0,0.0,0.0,-0.38268343,0.92387953,-0.43388374,-0.90096887,0.40394596,1.55440979,0.41034414,2.27963245,0.46390394,2.86322256,1.17187734,0.3951318,0.42442873,0.46023351,0.40109336,0,low
2035-01-05T22:45:00Z,0.36824723,154.0,817.41658927,1706.62279032,4.0,91.0,475.0,0.0,0.0,-0.32143947,0.94693013,-0.43388374,-0.90096887,0.39159289,2.7415572,0.40400122,2.55398729,0.45646637,3.01594231,2.35902476,0.40469511,0.41765954,0.44436225,0.43176108,0,low
2035-01-05T23:00:00Z,0.40253542,153.0,816.89240711,1640.77910553,4.0,92.0,476.0,0.0,0.0,-0.25881905,0.96592583,-0.43388374,-0.90096887,0.39265239,3.33860004,0.40143276,2.86442524,0.44981898,3.14237205,1.5845399,0.36824723,0.39829741,0.4333569,0.43639751,0,low
2035-01-05T23:15:00Z,0.37271194,153.0,815.53452378,1690.03730617,4.0,93.0,477.0,0.0,0.0,-0.19509032,0.98078528,-0.43388374,-0.90096887,0.38704742,4.40491468,0.39786246,3.02472104,0.44283562,3.19612662,2.65085454,0.40253542,0.3951318,0.4155556,0.37964418,0,low
2035-01-05T23:30:00Z,0.44357022,153.0,787.23044368,1593.96827026,4.0,94.0,478.0,0.0,0.0,-0.13052619,0.99144486,-0.43388374,-0.90096887,0.3967662,6.85671356,0.40278066,3.55611326,0.43964942,3.53335984,2.65085454,0.37271194,0.40469511,0.38455174,0.41631124,0,low
2035-01-05T23:45:00Z,0.4453595,155.0,831.44561168,1758.1172009,4.0,95.0,479.0,0.0,0.0,-0.06540313,0.99785892,-0.43388374,-0.90096887,0.41604427,5.47036967,0.4085377,3.46961427,0.43464526,3.24248739,1.19293931,0.44357022,0.36824723,0.37627503,0.39585712,0,low
2035-01-06T00:00:00Z,0.39451339,154.0,809.14467742,1604.73776745,5.0,0.0,480.0,1.0,0.0,0.0,1.0,-0.97492791,-0.22252093,0.41403876,6.13268671,0.40734889,3.71417446,0.42895925,3.35158308,3.22678405,0.4453595,0.40253542,0.40877913,0.40534525,0,low
2035-01-06T00:15:00Z,0.37355678,156.0,814.24630159,1695.47790924,5.0,1.0,481.0,1.0,0.0,0.06540313,0.99785892,-0.97492791,-0.22252093,0.41424997,5.77801147,0.40339226,3.83016545,0.42222468,3.46323463,2.87210882,0.39451339,0.37271194,0.42103641,0.4366185,0,low
2035-01-06T00:30:00Z,0.38642223,154.0,839.49055273,1725.4121094,5.0,2.0,482.0,1.0,0.0,0.13052619,0.99144486,-0.97492791,-0.22252093,0.39996298,3.45829802,0.40022505,3.95647379,0.41704651,3.38575052,2.87210882,0.37355678,0.44357022,0.42442873,0.41189342,0,low
2035-01-06T00:45:00Z,0.37970552,155.0,849.77597378,1710.01849347,5.0,3.0,483.0,1.0,0.0,0.19509032,0.98078528,-0.97492791,-0.22252093,0.38354948,3.6553952,0.39706221,3.95577402,0.41218833,3.33455103,3.14077733,0.38642223,0.4453595,0.41765954,0.41578795,0,low
2035-01-06T01:00:00Z,0.40531396,154.0,806.21543603,1692.48609257,5.0,4.0,484.0,1.0,0.0,0.25881905,0.96592583,-0.97492791,-0.22252093,0.38624962,2.6458882,0.39764692,4.03905832,0.40975851,3.28746115,1.10693258,0.37970552,0.39451339,0.39829741,0.41342948,0,low
2035-01-06T01:15:00Z,0.37243412,153.0,823.36722359,1636.81910853,5.0,5.0,485.0,1.0,0.0,0.32143947,0.94693013,-0.97492791,-0.22252093,0.38596896,3.12281772,0.39575545,4.43524796,0.40536389,3.41149341,1.58386211,0.40531396,0.37355678,0.3951318,0.43526993,0,low
2035-01-06T01:30:00Z,0.38315434,154.0,824.03323325,1690.44614629,5.0,6.0,486.0,1.0,0.0,0.38268343,0.92387953,-0.97492791,-0.22252093,0.38515198,3.03700841,0.39396039,4.45067333,0.40215226,3.36515289,1.58386211,0.37243412,0.38642223,0.40469511,0.44601463,0,low
2035-01-06T01:45:00Z,0.40272379,156.0,831.13081405,1692.0653815,5.0,7.0,487.0,1.0,0.0,0.44228869,0.89687274,-0.97492791,-0.22252093,0.39090655,3.55111811,0.39683343,4.22562766,0.40041733,3.38980747,1.3151936,0.38315434,0.37970552,0.36824723,0.43920754,0,low
2035-01-06T02:00:00Z,0.43742856,153.0,813.71584424,1646.58107831,5.0,8.0,488.0,1.0,0.0,0.5,0.8660254,-0.97492791,-0.22252093,0.3989352,3.9149711,0.3997412,4.231182,0.40058698,3.54780362,1.3151936,0.40272379,0.40531396,0.40253542,0.46491906,0,low
2035-01-06T02:15:00Z,0.40414012,155.0,820.99187251,1685.07530223,5.0,9.0,489.0,1.0,0.0,0.55557023,0.83146961,-0.97492791,-0.22252093,0.4068617,3.93131512,0.40236021,4.27738144,0.40011133,3.65105124,1.33153762,0.43742856,0.37243412,0.37271194,0.45835956,0,low
2035-01-06T02:30:00Z,0.42600643,156.0,830.55498555,1654.61745501,5.0,10.0,490.0,1.0,0.0,0.60876143,0.79335334,-0.97492791,-0.22252093,0.41757472,4.37715897,0.40089656,3.62415513,0.40183861,3.5901342,1.33153762,0.40414012,0.38315434,0.44357022,0.43595322,0,low
2035-01-06T02:45:00Z,0.44301112,154.0,805.10538776,1655.0057342,5.0,11.0,491.0,1.0,0.0,0.65934582,0.75183981,-0.97492791,-0.22252093,0.42764656,4.27456832,0.40070086,3.82702721,0.40461928,3.64832074,1.33153762,0.42600643,0.40272379,0.4453595,0.46514326,0,low
2035-01-06T03:00:00Z,0.43082537,154.0,809.27267868,1727.55019583,5.0,12.0,492.0,1.0,0.0,0.70710678,0.70710678,-0.97492791,-0.22252093,0.42599576,3.37380746,0.40372686,3.31155558,0.40553788,3.51286502,1.8189675,0.44301112,0.43742856,0.39451339,0.48763836,0,low
2035-01-06T03:15:00Z,0.39808945,154.0,821.07114322,1660.85089006,5.0,13.0,493.0,1.0,0.0,0.75183981,0.65934582,-0.97492791,-0.22252093,0.42448309,3.35170673,0.40577125,3.46861319,0.40458175,3.64938932,1.79686677,0.43082537,0.40414012,0.37355678,0.49598394,0,low
2035-01-06T03:30:00Z,0.40710732,153.0,844.60434915,1720.36829408,5.0,14.0,494.0,1.0,0.0,0.79335334,0.60876143,-0.97492791,-0.22252093,0.41975831,2.83776935,0.40749501,3.41731224,0.40386003,3.68689302,1.79686677,0.39808945,0.42600643,0.38642223,0.50603606,0,low
2035-01-06T03:45:00Z,0.46919023,155.0,792.16322398,1596.44567022,5.0,15.0,495.0,1.0,0.0,0.83146961,0.55557023,-0.97492791,-0.22252093,0.42630309,4.64089792,0.41495207,4.15552811,0.40600714,4.05565107,1.79686677,0.40710732,0.44301112,0.37970552,0.48921059,0,low
2035-01-06T04:00:00Z,0.47262819,154.0,834.55975107,1707.37837699,5.0,16.0,496.0,1.0,0.0,0.8660254,0.5,-0.97492791,-0.22252093,0.4367538,4.29098641,0.42056159,3.85992165,0.40910426,3.94948998,1.30943689,0.46919023,0.43082537,0.40531396,0.47827481,0,low
2035-01-06T04:15:00Z,0.42184177,155.0,795.73731899,1682.04587547,5.0,17.0,497.0,1.0,0.0,0.89687274,0.44228869,-0.97492791,-0.22252093,0.44269188,5.01300598,0.42467889,4.09867594,0.41021717,4.26696195,2.03145647,0.47262819,0.39808945,0.37243412,0.48440202,0,low
2035-01-06T04:30:00Z,0.47783577,154.0,791.04595553,1655.71079618,5.0,18.0,498.0,1.0,0.0,0.92387953,0.38268343,-0.97492791,-0.22252093,0.46037399,6.8920508,0.43256901,4.70232637,0.4132647,4.57649985,2.03145647,0.42184177,0.40710732,0.38315434,0.49154166,0,low
2035-01-06T04:45:00Z,0.47388837,153.0,851.15633004,1709.98416514,5.0,19.0,499.0,1.0,0.0,0.94693013,0.32143947,-0.97492791,-0.22252093,0.46154852,4.56663088,0.43849939,4.49403237,0.41766641,4.35983001,2.18935266,0.47783577,0.46919023,0.40272379,0.51686509,0,low
2035-01-06T05:00:00Z,0.50102974,155.0,831.67974712,1682.68979852,5.0,20.0,500.0,1.0,0.0,0.96592583,0.25881905,-0.97492791,-0.22252093,0.46864891,5.51476748,0.44379949,4.39318711,0.42177034,4.31218456,2.18935266,0.47388837,0.47262819,0.43742856,0.5798636,0,low
2035-01-06T05:15:00Z,0.53015472,154.0,827.77432745,1651.86793115,5.0,21.0,501.0,1.0,0.0,0.98078528,0.19509032,-0.97492791,-0.22252093,0.49572715,4.64831028,0.45430071,4.33767433,0.42833046,4.30752788,0.15789619,0.50102974,0.42184177,0.40414012,0.59426745,0,low
2035-01-06T05:30:00Z,0.49472537,153.0,802.63178777,1703.25026336,5.0,22.0,502.0,1.0,0.0,0.99144486,0.13052619,-0.97492791,-0.22252093,0.49994955,3.82572466,0.46002728,4.51851494,0.43046192,4.07133504,1.57507043,0.53015472,0.47783577,0.42600643,0.59630776,1,medium
2035-01-06T05:45:00Z,0.53694486,156.0,809.83325528,1700.15272573,5.0,23.0,503.0,1.0,0.0,0.99785892,0.06540313,-0.97492791,-0.22252093,0.51571367,5.35660824,0.4678551,4.85471234,0.43427798,4.34086978,1.41717424,0.49472537,0.47388837,0.44301112,0.6186956,1,medium
2035-01-06T06:00:00Z,0.58055264,154.0,793.68093548,1625.84485419,5.0,24.0,504.0,1.0,0.0,1.0,0.0,-0.97492791,-0.22252093,0.5355944,6.0152644,0.48033237,5.27367276,0.44202961,4.29261417,1.41717424,0.53694486,0.50102974,0.43082537,0.6219231,1,medium
2035-01-06T06:15:00Z,0.56927845,154.0,804.11798782,1719.60182263,5.0,25.0,505.0,1.0,0.0,0.99785892,-0.06540313,-0.97492791,-0.22252093,0.54537533,5.3012325,0.49459812,4.98751625,0.45018468,4.22806472,1.86814161,0.58055264,0.53015472,0.39808945,0.68106888,1,medium
2035-01-06T06:30:00Z,0.60907908,154.0,813.38052283,1640.22250774,5.0,26.0,506.0,1.0,0.0,0.99144486,-0.13052619,-0.97492791,-0.22252093,0.57396376,5.47608316,0.5114291,5.39795288,0.45946205,4.40763256,0.45096737,0.56927845,0.49472537,0.40710732,0.66701092,1,medium
2035-01-06T06:45:00Z,0.65368708,155.0,821.11612567,1639.98028975,5.0,27.0,507.0,1.0,0.0,0.98078528,-0.19509032,-0.97492791,-0.22252093,0.60314931,5.57162352,0.52680384,5.16495421,0.47087795,4.66024116,0.45096737,0.60907908,0.53694486,0.46919023,0.7433918,1,medium
2035-01-06T07:00:00Z,0.67137869,153.0,840.27040363,1682.98627542,5.0,28.0,508.0,1.0,0.0,0.96592583,-0.25881905,-0.97492791,-0.22252093,0.62585583,4.53497694,0.54336638,5.35500294,0.48196398,4.6074623,0.45096737,0.65368708,0.58055264,0.47262819,0.70793586,1,medium
2035-01-06T07:15:00Z,0.68936451,155.0,830.69549816,1656.13012339,5.0,29.0,509.0,1.0,0.0,0.94693013,-0.32143947,-0.97492791,-0.22252093,0.65587734,4.80344234,0.56565994,4.91766171,0.49516941,4.50816882,0.0,0.67137869,0.56927845,0.42184177,0.79649921,1,medium
2035-01-06T07:30:00Z,0.71628994,154.0,826.58260094,1725.50615477,5.0,30.0,510.0,1.0,0.0,0.92387953,-0.38268343,-0.97492791,-0.22252093,0.68268006,4.28843441,0.58553112,4.53008074,0.50905006,4.61620356,0.0,0.68936451,0.60907908,0.47783577,0.82151384,1,medium
2035-01-06T07:45:00Z,0.71685049,154.0,851.97814716,1737.60325658,5.0,31.0,511.0,1.0,0.0,0.89687274,-0.44228869,-0.97492791,-0.22252093,0.69847091,2.52653635,0.60577796,4.4849227,0.52213868,4.48947754,0.0,0.71628994,0.65368708,0.47388837,0.83030106,1,medium
2035-01-06T08:00:00Z,0.74162507,155.0,831.07489527,1707.16977253,5.0,32.0,512.0,1.0,0.0,0.8660254,-0.5,-0.97492791,-0.22252093,0.7160325,2.80985504,0.62582757,4.45336546,0.53481353,4.42327629,0.0,0.71685049,0.67137869,0.50102974,0.80991464,1,medium
2035-01-06T08:15:00Z,0.71148572,153.0,818.09528099,1669.08007348,5.0,33.0,513.0,1.0,0.0,0.83146961,-0.55557023,-0.97492791,-0.22252093,0.7215628,3.29599633,0.64093849,4.46689039,0.5476196,4.40228236,1.20557406,0.74162507,0.68936451,0.53015472,0.83550893,1,medium
2035-01-06T08:30:00Z,0.70327169,156.0,807.66721803,1740.01364102,5.0,34.0,514.0,1.0,0.0,0.79335334,-0.60876143,-0.97492791,-0.22252093,0.71830824,2.54754033,0.65831735,4.1040193,0.55917232,4.31126712,1.53413503,0.71148572,0.71628994,0.49472537,0.85646225,1,medium
2035-01-06T08:45:00Z,0.69811217,153.0,846.74664272,1746.08088112,5.0,35.0,515.0,1.0,0.0,0.75183981,-0.65934582,-0.97492791,-0.22252093,0.71362366,2.73149933,0.67174796,3.6098864,0.56980153,4.23229937,1.7405161,0.70327169,0.71685049,0.53694486,0.81107227,1,medium
2035-01-06T09:00:00Z,0.68582685,155.0,813.45160981,1667.80553237,5.0,36.0,516.0,1.0,0.0,0.70710678,-0.70710678,-0.97492791,-0.22252093,0.69967411,2.23192891,0.68052081,3.19225363,0.58042659,4.2329632,2.23192891,0.69811217,0.74162507,0.58055264,0.7851181,1,medium
2035-01-06T09:15:00Z,0.66196055,155.0,801.06419793,1726.82738668,5.0,37.0,517.0,1.0,0.0,0.65934582,-0.75183981,-0.97492791,-0.22252093,0.68729281,1.98100688,0.68824432,3.36014852,0.59142122,4.17383238,1.98100688,0.68582685,0.71148572,0.56927845,0.76750125,0,low
2035-01-06T09:30:00Z,0.69286798,156.0,823.43531803,1680.89347028,5.0,38.0,518.0,1.0,0.0,0.60876143,-0.79335334,-0.97492791,-0.22252093,0.68469189,2.88874343,0.69522673,3.24157272,0.60332791,4.3197628,1.65244591,0.66196055,0.70327169,0.60907908,0.79562071,0,low
2035-01-06T09:45:00Z,0.68155026,154.0,827.08432929,1692.97756192,5.0,39.0,519.0,1.0,0.0,0.55557023,-0.83146961,-0.97492791,-0.22252093,0.68055141,3.13507132,0.69754866,2.79770233,0.61217625,3.98132827,1.8987738,0.69286798,0.69811217,0.65368708,0.7494588,0,low
2035-01-06T10:00:00Z,0.63926954,153.0,792.45664361,1639.48924757,5.0,40.0,520.0,1.0,0.0,0.5,-0.8660254,-0.97492791,-0.22252093,0.66891208,4.33488733,0.6948729,3.12555709,0.61911964,4.24028002,3.09858981,0.68155026,0.68582685,0.67137869,0.68954348,0,low
2035-01-06T10:15:00Z,0.59107723,155.0,802.02188506,1660.82392555,5.0,41.0,521.0,1.0,0.0,0.44228869,-0.89687274,-0.97492791,-0.22252093,0.65119125,5.30792747,0.68668229,3.52831023,0.62617111,4.22298597,4.07162995,0.63926954,0.66196055,0.68936451,0.70700308,0,low
2035-01-06T10:30:00Z,0.56500686,156.0,821.49142444,1695.92096758,5.0,42.0,522.0,1.0,0.0,0.38268343,-0.92387953,-0.97492791,-0.22252093,0.61922597,5.11444492,0.67407537,3.51690956,0.62980324,4.02349515,5.11444492,0.59107723,0.69286798,0.71628994,0.6104504,0,low
2035-01-06T10:45:00Z,0.53628778,156.0,792.03984238,1695.51735185,5.0,43.0,523.0,1.0,0.0,0.32143947,-0.94693013,-0.97492791,-0.22252093,0.58291035,5.81049925,0.65902847,3.89235663,0.63240322,4.18863967,5.81049925,0.56500686,0.68155026,0.71685049,0.57877173,0,low
2035-01-06T11:00:00Z,0.54152021,154.0,815.8267055,1715.21620668,5.0,44.0,524.0,1.0,0.0,0.25881905,-0.96592583,-0.97492791,-0.22252093,0.55847302,4.32856778,0.64235307,3.63179467,0.63409032,4.04258007,4.11927043,0.53628778,0.63926954,0.74162507,0.57240057,0,low
2035-01-06T11:15:00Z,0.45890462,156.0,789.0697268,1562.65272933,5.0,45.0,525.0,1.0,0.0,0.19509032,-0.98078528,-0.97492791,-0.22252093,0.52542987,5.70549925,0.62130464,4.33147787,0.63112157,4.39918413,5.4962019,0.54152021,0.59107723,0.71148572,0.57437801,0,low
2035-01-06T11:30:00Z,0.49301681,156.0,795.28228292,1677.72427457,5.0,46.0,526.0,1.0,0.0,0.13052619,-0.99144486,-0.97492791,-0.22252093,0.50743236,6.027172,0.6037834,4.67678678,0.63105038,4.39040304,4.45338693,0.45890462,0.56500686,0.70327169,0.52635869,0,low
2035-01-06T11:45:00Z,0.44841521,154.0,799.21214142,1637.37058316,5.0,47.0,527.0,1.0,0.0,0.06540313,-0.99785892,-0.97492791,-0.22252093,0.48546422,6.66247274,0.58297533,5.2026811,0.62736164,4.40628375,5.08868766,0.49301681,0.53628778,0.69811217,0.48044221,0,low
2035-01-06T12:00:00Z,0.40734073,156.0,823.115088,1657.19695107,5.0,48.0,528.0,1.0,0.0,0.0,-1.0,-0.97492791,-0.22252093,0.45191934,8.09615482,0.55976815,5.58653664,0.62014448,4.38939513,6.73166709,0.44841521,0.54152021,0.68582685,0.49391631,0,low
2035-01-06T12:15:00Z,0.44848045,154.0,825.02900009,1705.57958208,5.0,49.0,529.0,1.0,0.0,-0.06540313,-0.99785892,-0.97492791,-0.22252093,0.4493133,6.43711993,0.54197814,5.81684888,0.61511123,4.5884987,3.42704346,0.40734073,0.45890462,0.66196055,0.4834378,0,low
2035-01-06T12:30:00Z,0.39155854,154.0,770.31694203,1622.03013256,5.0,50.0,530.0,1.0,0.0,-0.13052619,-0.99144486,-0.97492791,-0.22252093,0.42394873,7.34950854,0.51686902,6.16370849,0.60604787,4.7026406,5.70391978,0.44848045,0.49301681,0.69286798,0.45127792,0,low
2035-01-06T12:45:00Z,0.42874058,154.0,813.62953891,1671.03823185,5.0,51.0,531.0,1.0,0.0,-0.19509032,-0.98078528,-0.97492791,-0.22252093,0.41903007,7.05272625,0.49580155,6.50856608,0.5966751,4.65313421,3.91985576,0.39155854,0.44841521,0.68155026,0.42773879,0,low
2035-01-06T13:00:00Z,0.401687,155.0,826.10882224,1688.02184923,5.0,52.0,532.0,1.0,0.0,-0.25881905,-0.96592583,-0.97492791,-0.22252093,0.41761664,6.4918899,0.476003,6.3055375,0.58543795,4.7155473,3.35901941,0.42874058,0.40734073,0.63926954,0.43936305,0,low
2035-01-06T13:15:00Z,0.42390964,154.0,838.31827362,1694.84195247,5.0,53.0,533.0,1.0,0.0,-0.32143947,-0.94693013,-0.97492791,-0.22252093,0.41147394,5.73520664,0.46207237,5.95927527,0.57437733,4.74379275,3.35901941,0.401687,0.44848045,0.59107723,0.46250034,0,low
2035-01-06T13:30:00Z,0.41773954,156.0,818.82187019,1745.89132595,5.0,54.0,534.0,1.0,0.0,-0.38268343,-0.92387953,-0.97492791,-0.22252093,0.41801919,3.70513425,0.44980009,5.69393826,0.56193773,4.60542391,1.32894702,0.42390964,0.39155854,0.56500686,0.45389732,0,low
2035-01-06T13:45:00Z,0.38053033,154.0,813.32521242,1661.65624342,5.0,55.0,535.0,1.0,0.0,-0.44228869,-0.89687274,-0.97492791,-0.22252093,0.40596663,3.7062212,0.43682031,5.80714006,0.54792439,4.84974835,2.81731571,0.41773954,0.42874058,0.53628778,0.46041835,0,low
2035-01-06T14:00:00Z,0.40606883,154.0,827.6431205,1675.83393759,5.0,56.0,536.0,1.0,0.0,-0.5,-0.8660254,-0.97492791,-0.22252093,0.40706209,3.64561835,0.42553269,6.07788769,0.53394288,4.85484118,1.73517262,0.38053033,0.401687,0.54152021,0.45318831,0,low
2035-01-06T14:15:00Z,0.43116597,155.0,803.09104458,1695.18826721,5.0,57.0,537.0,1.0,0.0,-0.55557023,-0.83146961,-0.97492791,-0.22252093,0.40887617,3.76059851,0.42322114,5.31097503,0.52226289,4.82122645,1.73517262,0.40606883,0.42390964,0.45890462,0.4898133,0,low
2035-01-06T14:30:00Z,0.42644559,154.0,827.97158684,1722.09803371,5.0,58.0,538.0,1.0,0.0,-0.60876143,-0.79335334,-0.97492791,-0.22252093,0.41105268,3.70260986,0.41767354,4.91908422,0.51072847,4.7979355,1.67718398,0.43116597,0.41773954,0.49301681,0.49989805,0,low
2035-01-06T14:45:00Z,0.43729893,153.0,820.2708678,1694.85879406,5.0,59.0,539.0,1.0,0.0,-0.65934582,-0.75183981,-0.97492791,-0.22252093,0.42524483,2.64837476,0.41674718,4.4691074,0.49986125,4.83589425,0.18881529,0.42644559,0.38053033,0.44841521,0.48446534,0,low
2035-01-06T15:00:00Z,0.44325837,153.0,808.40932074,1688.16537297,5.0,60.0,540.0,1.0,0.0,-0.70710678,-0.70710678,-0.97492791,-0.22252093,0.43454222,1.8652122,0.41974032,4.00090682,0.48975423,4.79372173,0.18881529,0.43729893,0.40606883,0.40734073,0.50422149,0,low
2035-01-06T15:15:00Z,0.45277102,155.0,807.57165167,1684.98953751,5.0,61.0,541.0,1.0,0.0,-0.75183981,-0.65934582,-0.97492791,-0.22252093,0.43994348,1.24183261,0.42009786,3.57921259,0.481038,4.69803073,0.18881529,0.44325837,0.43116597,0.44848045,0.53308518,0,low
2035-01-06T15:30:00Z,0.43071782,153.0,822.3169229,1682.66736844,5.0,62.0,542.0,1.0,0.0,-0.79335334,-0.60876143,-0.97492791,-0.22252093,0.44101154,1.93514543,0.42336114,3.11429651,0.47011508,4.6390025,0.88212811,0.45277102,0.42644559,0.39155854,0.55178049,0,low
2035-01-06T15:45:00Z,0.46060283,155.0,794.69706074,1659.21823598,5.0,63.0,543.0,1.0,0.0,-0.83146961,-0.55557023,-0.97492791,-0.22252093,0.44683751,2.69641238,0.42601632,3.01700278,0.46090894,4.76278443,0.88212811,0.43071782,0.43729893,0.42874058,0.55546132,0,low
2035-01-06T16:00:00Z,0.50044589,154.0,826.22388565,1661.82983121,5.0,64.0,544.0,1.0,0.0,-0.8660254,-0.5,-0.97492791,-0.22252093,0.46113439,4.05175677,0.43424623,3.18752911,0.45512462,4.7465333,0.88212811,0.46060283,0.44325837,0.401687,0.5621774,0,low
2035-01-06T16:15:00Z,0.47920933,153.0,817.96332025,1715.18078562,5.0,65.0,545.0,1.0,0.0,-0.89687274,-0.44228869,-0.97492791,-0.22252093,0.46774397,4.52071279,0.43885454,3.1743813,0.45046345,4.56682829,1.7315902,0.50044589,0.45277102,0.42390964,0.54561668,0,low
2035-01-06T16:30:00Z,0.51192824,154.0,803.19361856,1699.7602131,5.0,66.0,546.0,1.0,0.0,-0.92387953,-0.38268343,-0.97492791,-0.22252093,0.48804657,4.94734109,0.4467036,3.52836546,0.44825185,4.61115186,0.84946208,0.47920933,0.43071782,0.41773954,0.53320912,0,low
2035-01-06T16:45:00Z,0.48142872,154.0,807.35984946,1644.23762785,5.0,67.0,547.0,1.0,0.0,-0.94693013,-0.32143947,-0.97492791,-0.22252093,0.49325305,4.97192138,0.4551118,3.43890284,0.44596605,4.62302145,2.06944291,0.51192824,0.46060283,0.38053033,0.54674904,0,low
2035-01-06T17:00:00Z,0.48603579,154.0,818.43123109,1756.60899209,5.0,68.0,548.0,1.0,0.0,-0.96592583,-0.25881905,-0.97492791,-0.22252093,0.48965052,3.56248208,0.46177571,3.15981702,0.4436542,4.61885235,2.06944291,0.48142872,0.50044589,0.40606883,0.56207277,0,low
2035-01-06T17:15:00Z,0.51744768,154.0,825.73622618,1693.07300019,5.0,69.0,549.0,1.0,0.0,-0.98078528,-0.19509032,-0.97492791,-0.22252093,0.49921011,3.96949545,0.46896585,3.24401362,0.44609349,4.27749432,1.21998082,0.48603579,0.47920933,0.43116597,0.54031248,0,low
2035-01-06T17:30:00Z,0.51262207,154.0,846.17811155,1674.28632625,5.0,70.0,550.0,1.0,0.0,-0.99144486,-0.13052619,-0.97492791,-0.22252093,0.49938357,2.85376329,0.47614723,3.24541661,0.44691038,4.08225041,1.41300508,0.51744768,0.51192824,0.42644559,0.52003917,0,low
2035-01-06T17:45:00Z,0.47457359,154.0,823.29996611,1706.26650903,5.0,71.0,551.0,1.0,0.0,-0.99785892,-0.06540313,-0.97492791,-0.22252093,0.49766978,3.15572189,0.47925345,3.60801855,0.44800031,4.03856298,1.71496368,0.51262207,0.48142872,0.43729893,0.56545932,0,low
2035-01-06T18:00:00Z,0.43848324,154.0,804.36674344,1647.29361246,5.0,72.0,552.0,1.0,0.0,-1.0,-0.0,-0.97492791,-0.22252093,0.48578165,4.41505287,0.47885552,4.00976391,0.44929792,4.00533536,3.15857742,0.47457359,0.48603579,0.44325837,0.53097756,0,low
2035-01-06T18:15:00Z,0.4826018,154.0,803.69498779,1633.20652936,5.0,73.0,553.0,1.0,0.0,-0.99785892,0.06540313,-0.97492791,-0.22252093,0.47707018,4.92331976,0.48134142,4.471176,0.45071964,4.02519429,3.15857742,0.43848324,0.51744768,0.45277102,0.53518643,0,low
2035-01-06T18:30:00Z,0.42345533,155.0,787.73527691,1637.88595322,5.0,74.0,554.0,1.0,0.0,-0.99144486,0.13052619,-0.97492791,-0.22252093,0.45477849,7.09615448,0.48073621,4.96575296,0.45204867,4.04002474,5.33141214,0.4826018,0.51262207,0.43071782,0.51069837,0,low
2035-01-06T18:45:00Z,0.41947352,155.0,828.63208517,1732.489681,5.0,75.0,555.0,1.0,0.0,-0.98078528,0.19509032,-0.97492791,-0.22252093,0.44100347,5.73348721,0.47730877,4.62037682,0.45166255,3.8186898,3.96874487,0.42345533,0.47457359,0.46060283,0.49630173,0,low
2035-01-06T19:00:00Z,0.45764411,154.0,787.71528525,1690.71422129,5.0,76.0,556.0,1.0,0.0,-0.96592583,0.25881905,-0.97492791,-0.22252093,0.44579369,5.81669676,0.47374195,4.59807724,0.45399409,3.89280317,2.52513113,0.41947352,0.43848324,0.50044589,0.4636298,0,low
2035-01-06T19:15:00Z,0.38004884,153.0,757.18657478,1571.15287003,5.0,77.0,557.0,1.0,0.0,-0.94693013,0.32143947,-0.97492791,-0.22252093,0.42015545,7.155765,0.46547858,5.34952674,0.45216656,4.26195402,5.62894171,0.45764411,0.4826018,0.47920933,0.47790481,0,low
2035-01-06T19:30:00Z,0.36834749,156.0,832.88453565,1669.47176388,5.0,78.0,558.0,1.0,0.0,-0.92387953,0.38268343,-0.97492791,-0.22252093,0.40637849,5.25795993,0.45351352,5.06929257,0.45010856,4.29882902,3.73113663,0.38004884,0.42345533,0.51192824,0.46023351,0,low
2035-01-06T19:45:00Z,0.36125589,154.0,839.39253591,1732.38197692,5.0,79.0,559.0,1.0,0.0,-0.89687274,0.44228869,-0.97492791,-0.22252093,0.39182408,5.38235192,0.44349911,4.75718701,0.44930546,4.09804492,3.85552862,0.36834749,0.41947352,0.48142872,0.44436225,0,low
2035-01-06T20:00:00Z,0.36931964,156.0,823.08730188,1698.37090328,5.0,80.0,560.0,1.0,0.0,-0.8660254,0.5,-0.97492791,-0.22252093,0.36974297,4.17807846,0.43377277,4.80327603,0.44777424,3.98154652,3.85552862,0.36125589,0.45764411,0.48603579,0.4333569,0,low
2035-01-06T20:15:00Z,0.35546261,156.0,820.2798734,1712.34182314,5.0,81.0,561.0,1.0,0.0,-0.83146961,0.55557023,-0.97492791,-0.22252093,0.36359641,1.62854914,0.42027401,4.5692113,0.44461993,3.90661246,1.3059993,0.36931964,0.38004884,0.51744768,0.4155556,0,low
2035-01-06T20:30:00Z,0.34928721,155.0,834.33392762,1719.25886986,5.0,82.0,562.0,1.0,0.0,-0.79335334,0.60876143,-0.97492791,-0.22252093,0.35883134,1.40751087,0.40666277,4.58720843,0.441405,3.91631252,1.08496103,0.35546261,0.36834749,0.51262207,0.38455174,0,low
2035-01-06T20:45:00Z,0.38437171,154.0,794.16533196,1679.45189641,5.0,83.0,563.0,1.0,0.0,-0.75183981,0.65934582,-0.97492791,-0.22252093,0.36461029,2.52722641,0.39914595,4.54768851,0.4391997,4.07785353,0.8012969,0.34928721,0.36125589,0.47457359,0.37627503,0,low
2035-01-06T21:00:00Z,0.33187594,154.0,783.82957644,1686.91981562,5.0,84.0,564.0,1.0,0.0,-0.70710678,0.70710678,-0.97492791,-0.22252093,0.35524937,4.30450704,0.39026201,4.76642742,0.43455876,4.38809566,2.90112736,0.38437171,0.36931964,0.43848324,0.40877913,0,low
2035-01-06T21:15:00Z,0.34064853,156.0,804.16274018,1724.94343307,5.0,85.0,565.0,1.0,0.0,-0.65934582,0.75183981,-0.97492791,-0.22252093,0.35154585,4.10112936,0.37843257,4.29514783,0.42988699,4.38316192,2.3468461,0.33187594,0.35546261,0.4826018,0.42103641,0,low
2035-01-06T21:30:00Z,0.37820778,156.0,808.47681866,1652.83743649,5.0,86.0,566.0,1.0,0.0,-0.60876143,0.79335334,-0.97492791,-0.22252093,0.35877599,5.35648366,0.37466194,4.00731815,0.42769908,4.48653555,2.09983046,0.34064853,0.34928721,0.42345533,0.42442873,0,low
2035-01-06T21:45:00Z,0.31532354,154.0,796.22318499,1595.72199341,5.0,87.0,567.0,1.0,0.0,-0.55557023,0.83146961,-0.97492791,-0.22252093,0.34151395,6.46847371,0.36598277,4.79268401,0.42164577,4.70653042,4.61520019,0.37820778,0.38437171,0.41947352,0.41765954,0,low
2035-01-06T22:00:00Z,0.34992204,153.0,806.3351746,1702.79152467,5.0,88.0,568.0,1.0,0.0,-0.5,0.8660254,-0.97492791,-0.22252093,0.34602547,5.75258317,0.35700594,4.74505622,0.41537394,4.67156673,2.51536973,0.31532354,0.33187594,0.45764411,0.39829741,0,low
2035-01-06T22:15:00Z,0.36613023,154.0,829.50059077,1690.86875972,5.0,89.0,569.0,1.0,0.0,-0.44228869,0.89687274,-0.97492791,-0.22252093,0.3523959,6.05000724,0.35584605,3.92656191,0.41066231,4.63804432,2.51536973,0.34992204,0.34064853,0.38004884,0.3951318,0,low
2035-01-06T22:30:00Z,0.33840257,153.0,808.91588953,1722.65184212,5.0,90.0,570.0,1.0,0.0,-0.38268343,0.92387953,-0.97492791,-0.22252093,0.34244459,5.65674368,0.35335064,4.14024607,0.40343208,4.60476932,3.62447612,0.36613023,0.37820778,0.36834749,0.40469511,0,low
2035-01-06T22:45:00Z,0.34783555,156.0,845.45857658,1742.38981733,5.0,91.0,571.0,1.0,0.0,-0.32143947,0.94693013,-0.97492791,-0.22252093,0.3505726,3.51869322,0.35223228,4.17146445,0.3978657,4.46432573,1.10910639,0.33840257,0.31532354,0.36125589,0.36824723,0,low
2035-01-06T23:00:00Z,0.3538445,155.0,835.19860426,1719.48100517,5.0,92.0,572.0,1.0,0.0,-0.25881905,0.96592583,-0.97492791,-0.22252093,0.35155321,2.37511122,0.35094268,4.14406714,0.39235773,4.47367159,1.10910639,0.34783555,0.34992204,0.36931964,0.40253542,0,low
2035-01-06T23:15:00Z,0.32729458,154.0,831.32907474,1698.93165318,5.0,93.0,573.0,1.0,0.0,-0.19509032,0.98078528,-0.97492791,-0.22252093,0.3418443,2.78878041,0.34859535,4.31330567,0.38443468,4.44125848,2.17110322,0.3538445,0.36613023,0.35546261,0.37271194,0,low
2035-01-06T23:30:00Z,0.34130637,154.0,831.61167519,1706.76959873,5.0,94.0,574.0,1.0,0.0,-0.13052619,0.99144486,-0.97492791,-0.22252093,0.34257025,2.24014587,0.34793028,4.41779107,0.37729653,4.50249975,1.06199683,0.32729458,0.33840257,0.34928721,0.44357022,0,low
2035-01-06T23:45:00Z,0.36080072,155.0,799.31268647,1714.52132286,5.0,95.0,575.0,1.0,0.0,-0.06540313,0.99785892,-0.97492791,-0.22252093,0.34581154,2.64260036,0.34596603,4.20992243,0.37255599,4.37880547,1.06199683,0.34130637,0.34783555,0.38437171,0.4453595,0,low
2035-01-07T00:00:00Z,0.38227046,155.0,795.96666867,1712.99657761,6.0,0.0,576.0,1.0,0.0,0.0,1.0,-0.78183148,0.6234898,0.35291803,3.26103229,0.35016557,3.79624223,0.37021379,4.28133482,1.06199683,0.36080072,0.3538445,0.33187594,0.39451339,0,low
2035-01-07T00:15:00Z,0.37539522,153.0,827.38887467,1683.51942657,6.0,1.0,577.0,1.0,0.0,0.06540313,0.99785892,-0.78183148,0.6234898,0.36494319,2.47404522,0.35306113,3.77094429,0.36574685,4.03304606,0.27500977,0.38227046,0.32729458,0.34064853,0.37355678,0,low
2035-01-07T00:30:00Z,0.36154847,153.0,837.75379636,1687.34161097,6.0,2.0,578.0,1.0,0.0,0.13052619,0.99144486,-0.78183148,0.6234898,0.37000372,2.46744355,0.35167285,3.4547777,0.3631674,3.73104793,0.82887994,0.37539522,0.34130637,0.37820778,0.38642223,0,low
2035-01-07T00:45:00Z,0.37385006,156.0,804.1393456,1690.94418993,6.0,3.0,579.0,1.0,0.0,0.19509032,0.98078528,-0.78183148,0.6234898,0.37326605,2.17973351,0.35655006,2.78034236,0.36126642,3.78651319,0.82887994,0.36154847,0.36080072,0.31532354,0.37970552,0,low
2035-01-07T01:00:00Z,0.39427743,156.0,805.75085161,1705.65597305,6.0,4.0,580.0,1.0,0.0,0.25881905,0.96592583,-0.78183148,0.6234898,0.37626779,2.13803856,0.36024635,2.59139402,0.35862614,3.66822512,0.82887994,0.37385006,0.38227046,0.34992204,0.40531396,0,low
2035-01-07T01:15:00Z,0.36790896,155.0,830.07345927,1692.78153694,6.0,5.0,581.0,1.0,0.0,0.32143947,0.94693013,-0.78183148,0.6234898,0.37439623,2.91776759,0.36039457,2.72686441,0.35812031,3.32671316,1.60860897,0.39427743,0.37539522,0.36613023,0.37243412,0,low
2035-01-07T01:30:00Z,0.4305437,155.0,806.94074861,1588.46860714,6.0,6.0,582.0,1.0,0.0,0.38268343,0.92387953,-0.78183148,0.6234898,0.39164504,4.86928708,0.368073,3.19229217,0.36071182,3.66626912,1.0547388,0.36790896,0.36154847,0.33840257,0.38315434,0,low
2035-01-07T01:45:00Z,0.36707132,156.0,802.58955307,1599.68927881,6.0,7.0,583.0,1.0,0.0,0.44228869,0.89687274,-0.78183148,0.6234898,0.38995035,6.91611865,0.36967598,3.91281751,0.36095413,4.04214098,3.59363407,0.4305437,0.37385006,0.34783555,0.40272379,0,low
2035-01-07T02:00:00Z,0.4250775,153.0,786.75113082,1680.05967083,6.0,8.0,584.0,1.0,0.0,0.5,0.8660254,-0.78183148,0.6234898,0.39765037,8.41927082,0.37561207,4.60611389,0.36327738,4.37509052,3.59363407,0.36707132,0.39427743,0.3538445,0.43742856,0,low
2035-01-07T02:15:00Z,0.40582651,155.0,812.57709273,1694.38618977,6.0,9.0,585.0,1.0,0.0,0.55557023,0.83146961,-0.78183148,0.6234898,0.40712976,8.1345717,0.38215639,4.50879484,0.36537587,4.41105025,3.30893495,0.4250775,0.36790896,0.32729458,0.40414012,0,low
2035-01-07T02:30:00Z,0.40017011,155.0,811.12508727,1757.72597547,6.0,10.0,586.0,1.0,0.0,0.60876143,0.79335334,-0.78183148,0.6234898,0.39953636,5.85543774,0.38706171,4.39738946,0.36749599,4.40759026,3.53519065,0.40582651,0.4305437,0.34130637,0.42600643,0,low
2035-01-07T02:45:00Z,0.39123736,154.0,840.37363181,1754.9262098,6.0,11.0,587.0,1.0,0.0,0.65934582,0.75183981,-0.78183148,0.6234898,0.40557787,3.67385267,0.38959809,4.25656828,0.36778206,4.23324535,1.35360559,0.40017011,0.36707132,0.36080072,0.44301112,0,low
2035-01-07T03:00:00Z,0.44861837,154.0,805.61046005,1618.18545552,6.0,12.0,588.0,1.0,0.0,0.70710678,0.70710678,-0.78183148,0.6234898,0.41146309,3.64884593,0.39512708,4.7353851,0.37264633,4.26581367,1.35360559,0.39123736,0.4250775,0.38227046,0.43082537,0,low
2035-01-07T03:15:00Z,0.41214939,154.0,786.76232355,1653.34959312,6.0,13.0,589.0,1.0,0.0,0.75183981,0.65934582,-0.78183148,0.6234898,0.41304381,4.33756545,0.39818993,5.12996825,0.37562553,4.45045627,2.04232512,0.44861837,0.40582651,0.37539522,0.39808945,0,low
2035-01-07T03:30:00Z,0.41874953,156.0,847.63907065,1679.77357599,6.0,14.0,590.0,1.0,0.0,0.79335334,0.60876143,-0.78183148,0.6234898,0.41768866,4.37531535,0.40295669,5.03334672,0.37731477,4.24406221,1.81606942,0.41214939,0.40017011,0.36154847,0.40710732,0,low
2035-01-07T03:45:00Z,0.41633446,155.0,821.25669768,1740.79435174,6.0,15.0,591.0,1.0,0.0,0.83146961,0.55557023,-0.78183148,0.6234898,0.42396294,4.11460762,0.40649705,4.90152631,0.38152356,3.84093434,1.55536168,0.41874953,0.39123736,0.37385006,0.46919023,0,low
2035-01-07T04:00:00Z,0.44488743,154.0,789.83891818,1724.93362209,6.0,16.0,592.0,1.0,0.0,0.8660254,0.5,-0.78183148,0.6234898,0.4230302,2.96148581,0.41071455,5.00986752,0.38548045,3.80063077,1.55536168,0.41633446,0.44861837,0.39427743,0.47262819,0,low
2035-01-07T04:15:00Z,0.42991715,154.0,817.36460722,1702.53394596,6.0,17.0,593.0,1.0,0.0,0.89687274,0.44228869,-0.78183148,0.6234898,0.42747214,2.10153787,0.4158819,4.85789168,0.38813824,3.79237804,0.69541374,0.44488743,0.41214939,0.36790896,0.42184177,0,low
2035-01-07T04:30:00Z,0.45314078,153.0,832.29338419,1701.68721029,6.0,18.0,594.0,1.0,0.0,0.92387953,0.38268343,-0.78183148,0.6234898,0.43606995,2.76647756,0.41776499,4.33241022,0.392919,3.76235119,0.69541374,0.42991715,0.41874953,0.4305437,0.47783577,0,low
2035-01-07T04:45:00Z,0.44947631,156.0,825.00400385,1689.09906432,6.0,19.0,595.0,1.0,0.0,0.94693013,0.32143947,-0.78183148,0.6234898,0.44435542,2.81645395,0.42463207,3.53497141,0.39715403,3.72389446,0.74539013,0.45314078,0.41633446,0.36707132,0.47388837,0,low
2035-01-07T05:00:00Z,0.51986925,154.0,771.79960877,1641.21844368,6.0,20.0,596.0,1.0,0.0,0.96592583,0.25881905,-0.78183148,0.6234898,0.46310087,4.49005297,0.43253139,3.70012824,0.40407173,4.15312106,0.74539013,0.44947631,0.44488743,0.4250775,0.50102974,0,low
2035-01-07T05:15:00Z,0.48866731,156.0,824.23668049,1702.06641388,6.0,21.0,597.0,1.0,0.0,0.98078528,0.19509032,-0.78183148,0.6234898,0.47778841,5.13931919,0.43943479,3.85947417,0.41079559,4.18413451,1.39465635,0.51986925,0.42991715,0.40582651,0.53015472,0,low
2035-01-07T05:30:00Z,0.50644156,153.0,810.98525398,1706.99232027,6.0,22.0,598.0,1.0,0.0,0.99144486,0.13052619,-0.78183148,0.6234898,0.4911136,4.92134382,0.44829074,4.02104558,0.41767622,4.20921752,1.39465635,0.48866731,0.45314078,0.40017011,0.49472537,1,medium
2035-01-07T05:45:00Z,0.50505132,153.0,840.35199629,1685.37606513,6.0,23.0,599.0,1.0,0.0,0.99785892,0.06540313,-0.78183148,0.6234898,0.50500736,4.83037438,0.45777524,3.92047865,0.42368666,4.08852346,1.30368691,0.50644156,0.44947631,0.39123736,0.53694486,1,medium
2035-01-07T06:00:00Z,0.56591575,153.0,787.76997279,1613.44132231,6.0,24.0,600.0,1.0,0.0,1.0,0.0,-0.78183148,0.6234898,0.51651898,4.44923378,0.46755002,3.96692419,0.43133855,4.35115465,1.30368691,0.50505132,0.51986925,0.44861837,0.58055264,1,medium
2035-01-07T06:15:00Z,0.5859266,155.0,806.17654409,1686.70523484,6.0,25.0,601.0,1.0,0.0,0.99785892,-0.06540313,-0.78183148,0.6234898,0.54083381,4.00159048,0.48203145,3.74748252,0.44011069,4.43872538,0.05560942,0.56591575,0.48866731,0.41214939,0.56927845,1,medium
2035-01-07T06:30:00Z,0.60824692,155.0,837.18791112,1697.16158325,6.0,26.0,602.0,1.0,0.0,0.99144486,-0.13052619,-0.78183148,0.6234898,0.56628515,4.18343333,0.4978229,3.9570849,0.45038979,4.49521581,0.05560942,0.5859266,0.50644156,0.41874953,0.60907908,1,medium
2035-01-07T06:45:00Z,0.63682329,155.0,828.81118691,1685.03870821,6.0,27.0,603.0,1.0,0.0,0.98078528,-0.19509032,-0.78183148,0.6234898,0.59922814,5.27087862,0.51619697,4.30590232,0.46134701,4.60371431,0.0,0.60824692,0.50505132,0.41633446,0.65368708,1,medium
2035-01-07T07:00:00Z,0.62316261,153.0,814.55732323,1688.15120039,6.0,28.0,604.0,1.0,0.0,0.96592583,-0.25881905,-0.78183148,0.6234898,0.61353985,3.38272866,0.53105324,4.10733847,0.47088389,4.558603,0.546427,0.63682329,0.56591575,0.44488743,0.67137869,1,medium
2035-01-07T07:15:00Z,0.65529087,156.0,803.57425406,1717.63750554,6.0,29.0,605.0,1.0,0.0,0.94693013,-0.32143947,-0.78183148,0.6234898,0.63088092,3.86742483,0.54983438,4.3361115,0.48285814,4.59700159,0.546427,0.62316261,0.5859266,0.42991715,0.68936451,1,medium
2035-01-07T07:30:00Z,0.69033685,155.0,815.93692844,1638.15799114,6.0,30.0,606.0,1.0,0.0,0.92387953,-0.38268343,-0.78183148,0.6234898,0.65140341,4.37645139,0.56960072,4.49374285,0.49368286,4.41307653,0.546427,0.65529087,0.60824692,0.45314078,0.71628994,1,medium
2035-01-07T07:45:00Z,0.70901393,155.0,838.38095354,1741.70280666,6.0,31.0,607.0,1.0,0.0,0.89687274,-0.44228869,-0.78183148,0.6234898,0.66945107,3.98047983,0.59122885,4.69391094,0.50793046,4.11444118,0.546427,0.69033685,0.63682329,0.44947631,0.71685049,1,medium
2035-01-07T08:00:00Z,0.70980639,154.0,832.64948049,1757.78444798,6.0,32.0,608.0,1.0,0.0,0.8660254,-0.5,-0.78183148,0.6234898,0.69111201,3.46575103,0.60705695,3.76590449,0.51979417,3.73301636,0.0,0.70901393,0.62316261,0.51986925,0.74162507,1,medium
2035-01-07T08:15:00Z,0.70842555,155.0,826.17327391,1712.79319809,6.0,33.0,609.0,1.0,0.0,0.83146961,-0.55557023,-0.78183148,0.6234898,0.70439568,2.23585427,0.62537014,3.36828986,0.53240246,3.61388202,0.05523359,0.70980639,0.65529087,0.48866731,0.71148572,1,medium
2035-01-07T08:30:00Z,0.72729743,156.0,816.52174638,1712.61282339,6.0,34.0,610.0,1.0,0.0,0.79335334,-0.60876143,-0.78183148,0.6234898,0.71363583,1.58889044,0.64377479,3.38292505,0.54603277,3.70198532,0.05523359,0.70842555,0.69033685,0.50644156,0.70327169,1,medium
2035-01-07T08:45:00Z,0.72268408,154.0,810.81963562,1758.22341956,6.0,35.0,611.0,1.0,0.0,0.75183981,-0.65934582,-0.78183148,0.6234898,0.71705336,1.02634142,0.66191086,3.42589996,0.55984305,3.6731893,0.23976773,0.72729743,0.70901393,0.50505132,0.69811217,1,medium
2035-01-07T09:00:00Z,0.69660908,155.0,821.21173308,1663.50028094,6.0,36.0,612.0,1.0,0.0,0.70710678,-0.70710678,-0.78183148,0.6234898,0.71375404,2.03764338,0.67280197,2.96204103,0.57017599,3.46448261,1.28276789,0.72268408,0.70980639,0.56591575,0.68582685,0,low
2035-01-07T09:15:00Z,0.66911815,155.0,793.93952351,1707.08988288,6.0,37.0,613.0,1.0,0.0,0.65934582,-0.75183981,-0.78183148,0.6234898,0.70392719,3.08204677,0.6797346,3.06177529,0.58088302,3.4046289,2.32717128,0.69660908,0.70842555,0.5859266,0.66196055,0,low
2035-01-07T09:30:00Z,0.67358152,155.0,819.01783733,1692.84188025,6.0,38.0,614.0,1.0,0.0,0.60876143,-0.79335334,-0.78183148,0.6234898,0.69049821,2.50570605,0.68517915,2.82368263,0.59150102,3.39038377,2.32717128,0.66911815,0.72729743,0.60824692,0.69286798,0,low
2035-01-07T09:45:00Z,0.62002806,155.0,795.24411453,1609.68866948,6.0,39.0,615.0,1.0,0.0,0.55557023,-0.83146961,-0.78183148,0.6234898,0.6648342,4.46331042,0.68377954,3.15671056,0.59998826,3.73130644,4.28477564,0.67358152,0.72268408,0.63682329,0.68155026,0,low
2035-01-07T10:00:00Z,0.59679143,156.0,818.46511461,1721.43030629,6.0,40.0,616.0,1.0,0.0,0.5,-0.8660254,-0.78183148,0.6234898,0.63987979,4.34977541,0.68158195,3.28438994,0.60631759,3.69586421,4.17124063,0.62002806,0.69660908,0.62316261,0.63926954,0,low
2035-01-07T10:15:00Z,0.56048999,153.0,796.55773633,1636.38389471,6.0,41.0,617.0,1.0,0.0,0.44228869,-0.89687274,-0.78183148,0.6234898,0.61272275,4.70219615,0.67368187,3.3400324,0.61175813,3.83807195,4.52366138,0.59679143,0.66911815,0.65529087,0.59107723,0,low
2035-01-07T10:30:00Z,0.56458247,155.0,815.21488901,1744.28868057,6.0,42.0,618.0,1.0,0.0,0.38268343,-0.92387953,-0.78183148,0.6234898,0.58547299,4.68736046,0.66320234,2.92731899,0.61640153,3.71053092,4.52366138,0.56048999,0.67358152,0.69033685,0.56500686,0,low
2035-01-07T10:45:00Z,0.50146906,154.0,795.73357398,1590.74278087,6.0,43.0,619.0,1.0,0.0,0.32143947,-0.94693013,-0.78183148,0.6234898,0.55583324,5.06975833,0.64590693,3.51980339,0.61856789,4.10685717,4.90605924,0.56458247,0.62002806,0.70901393,0.53628778,0,low
2035-01-07T11:00:00Z,0.48182232,154.0,808.8384802,1667.21132481,6.0,44.0,620.0,1.0,0.0,0.25881905,-0.96592583,-0.78183148,0.6234898,0.52709096,4.92616272,0.62690826,3.77119384,0.61698261,3.76854916,4.76246363,0.50146906,0.59679143,0.70980639,0.54152021,0,low
2035-01-07T11:15:00Z,0.47538699,153.0,838.89962106,1741.920863,6.0,45.0,621.0,1.0,0.0,0.19509032,-0.98078528,-0.78183148,0.6234898,0.50581521,3.73151827,0.60748838,3.83858706,0.61642926,3.60343846,3.56781918,0.48182232,0.56048999,0.70842555,0.45890462,0,low
2035-01-07T11:30:00Z,0.45477807,153.0,813.40344302,1656.51026215,6.0,46.0,622.0,1.0,0.0,0.13052619,-0.99144486,-0.78183148,0.6234898,0.47836411,4.39217595,0.58477843,3.86174749,0.61427661,3.62233627,4.39217595,0.47538699,0.56458247,0.72729743,0.49301681,0,low
2035-01-07T11:45:00Z,0.48057658,153.0,802.76077258,1674.34066643,6.0,47.0,623.0,1.0,0.0,0.06540313,-0.99785892,-0.78183148,0.6234898,0.47314099,2.89958014,0.56460281,4.14421629,0.61325683,3.78505813,1.86763959,0.45477807,0.50146906,0.72268408,0.44841521,0,low
2035-01-07T12:00:00Z,0.45565107,155.0,808.59900615,1710.75232801,6.0,48.0,624.0,1.0,0.0,0.0,-1.0,-0.78183148,0.6234898,0.46659818,3.1107309,0.54452297,4.12888967,0.60866247,3.54546535,2.07879035,0.48057658,0.48182232,0.69660908,0.40734073,0,low
2035-01-07T12:15:00Z,0.42564868,153.0,812.75184743,1671.44462912,6.0,49.0,625.0,1.0,0.0,-0.06540313,-0.99785892,-0.78183148,0.6234898,0.4541636,4.05341327,0.52423385,4.1623759,0.60198422,3.61207559,3.02147273,0.45565107,0.47538699,0.66911815,0.44848045,0,low
2035-01-07T12:30:00Z,0.39261057,155.0,828.23638029,1650.1275797,6.0,50.0,626.0,1.0,0.0,-0.13052619,-0.99144486,-0.78183148,0.6234898,0.43862172,4.55058111,0.50081961,4.54337251,0.59299938,3.68352757,3.51864056,0.42564868,0.45477807,0.67358152,0.39155854,0,low
2035-01-07T12:45:00Z,0.41402496,155.0,796.60492024,1649.14188536,6.0,51.0,627.0,1.0,0.0,-0.19509032,-0.98078528,-0.78183148,0.6234898,0.42198382,4.37521632,0.48365268,4.1148516,0.58371611,3.63578108,3.51864056,0.39261057,0.48057658,0.62002806,0.42874058,0,low
2035-01-07T13:00:00Z,0.40309253,155.0,818.14625708,1699.06880056,6.0,52.0,628.0,1.0,0.0,-0.25881905,-0.96592583,-0.78183148,0.6234898,0.40884419,3.81549305,0.46751111,3.95079556,0.57454653,3.61759275,2.95891728,0.41402496,0.45565107,0.59679143,0.401687,0,low
2035-01-07T13:15:00Z,0.41711887,155.0,842.97308772,1723.97269849,6.0,53.0,629.0,1.0,0.0,-0.32143947,-0.94693013,-0.78183148,0.6234898,0.40671173,3.17645064,0.45556351,3.65379406,0.56462269,3.49691323,1.75882163,0.40309253,0.42564868,0.56048999,0.42390964,0,low
2035-01-07T13:30:00Z,0.38529246,154.0,820.52292602,1669.42552019,6.0,54.0,630.0,1.0,0.0,-0.38268343,-0.92387953,-0.78183148,0.6234898,0.40488221,3.12798224,0.44062268,4.02357976,0.55191251,3.47544938,1.71035323,0.41711887,0.39261057,0.56458247,0.41773954,0,low
2035-01-07T13:45:00Z,0.37182205,156.0,809.22368079,1743.52875125,6.0,55.0,631.0,1.0,0.0,-0.44228869,-0.89687274,-0.78183148,0.6234898,0.39433148,2.81022294,0.42981876,3.36167313,0.53786285,3.44073826,2.2491697,0.38529246,0.41402496,0.50146906,0.38053033,0,low
2035-01-07T14:00:00Z,0.39200959,154.0,807.06609863,1671.72703555,6.0,56.0,632.0,1.0,0.0,-0.5,-0.8660254,-0.78183148,0.6234898,0.39156074,3.18042758,0.42233437,3.36888384,0.52462131,3.57003884,1.81187267,0.37182205,0.40309253,0.48182232,0.40606883,0,low
2035-01-07T14:15:00Z,0.41269591,155.0,832.78194289,1688.72513688,6.0,57.0,633.0,1.0,0.0,-0.55557023,-0.83146961,-0.78183148,0.6234898,0.390455,3.44682722,0.41711011,3.55889704,0.51229925,3.69874205,1.81187267,0.39200959,0.41711887,0.47538699,0.43116597,0,low
2035-01-07T14:30:00Z,0.45805094,155.0,804.81075145,1622.74174785,6.0,58.0,634.0,1.0,0.0,-0.60876143,-0.79335334,-0.78183148,0.6234898,0.40864462,3.9879721,0.41738285,3.88884515,0.50108064,3.87529632,0.53881647,0.41269591,0.38529246,0.45477807,0.42644559,0,low
2035-01-07T14:45:00Z,0.46437199,153.0,843.72836004,1735.31168573,6.0,59.0,635.0,1.0,0.0,-0.65934582,-0.75183981,-0.78183148,0.6234898,0.43178211,3.70199784,0.41603247,3.6291457,0.49031764,3.886681,0.0,0.45805094,0.37182205,0.48057658,0.43729893,0,low
2035-01-07T15:00:00Z,0.4620673,155.0,840.69798869,1766.42751257,6.0,60.0,636.0,1.0,0.0,-0.70710678,-0.70710678,-0.78183148,0.6234898,0.44929654,2.98668412,0.41656715,3.32753492,0.48054506,3.7282123,0.09218796,0.46437199,0.39200959,0.45565107,0.44325837,0,low
2035-01-07T15:15:00Z,0.45835794,153.0,839.88805299,1690.08052151,6.0,61.0,637.0,1.0,0.0,-0.75183981,-0.65934582,-0.78183148,0.6234898,0.46071204,2.30760548,0.41929293,2.97696111,0.47176339,3.56966851,0.2405622,0.4620673,0.41269591,0.42564868,0.45277102,0,low
2035-01-07T15:30:00Z,0.47190914,155.0,820.47975024,1717.34635489,6.0,62.0,638.0,1.0,0.0,-0.79335334,-0.60876143,-0.78183148,0.6234898,0.46417659,1.03545231,0.42590114,2.71713555,0.46336037,3.63025403,0.2405622,0.45835794,0.45805094,0.39261057,0.43071782,0,low
2035-01-07T15:45:00Z,0.49300366,155.0,796.28006429,1662.76853068,6.0,63.0,639.0,1.0,0.0,-0.83146961,-0.55557023,-0.78183148,0.6234898,0.47133451,1.62639113,0.4324827,2.71287064,0.45806769,3.41386112,0.2405622,0.47190914,0.46437199,0.41402496,0.46060283,0,low
2035-01-07T16:00:00Z,0.45844526,155.0,818.31384207,1695.65740062,6.0,64.0,640.0,1.0,0.0,-0.8660254,-0.5,-0.78183148,0.6234898,0.470429,2.91653927,0.43709543,3.02788366,0.45230327,3.48933961,1.53071034,0.49300366,0.4620673,0.40309253,0.50044589,0,low
2035-01-07T16:15:00Z,0.51734835,154.0,811.26703432,1667.02338574,6.0,65.0,641.0,1.0,0.0,-0.89687274,-0.44228869,-0.78183148,0.6234898,0.4851766,5.12428866,0.44544788,3.62624046,0.4505057,3.64001726,1.3823361,0.45844526,0.45835794,0.41711887,0.47920933,0,low
2035-01-07T16:30:00Z,0.50118577,154.0,832.61269079,1689.85930466,6.0,66.0,642.0,1.0,0.0,-0.92387953,-0.38268343,-0.78183148,0.6234898,0.49249576,5.22874411,0.45510566,3.41738951,0.44786417,3.72048463,2.02883945,0.51734835,0.47190914,0.38529246,0.51192824,0,low
2035-01-07T16:45:00Z,0.49903098,154.0,848.88867604,1746.11707571,6.0,67.0,643.0,1.0,0.0,-0.94693013,-0.32143947,-0.78183148,0.6234898,0.49400259,4.47115458,0.4657064,3.26651452,0.44776258,3.31409383,2.11503096,0.50118577,0.49300366,0.37182205,0.48142872,0,low
2035-01-07T17:00:00Z,0.46518572,155.0,808.13612015,1705.78552595,6.0,68.0,644.0,1.0,0.0,-0.96592583,-0.25881905,-0.78183148,0.6234898,0.4956877,4.4426289,0.47180441,3.44861743,0.44706939,3.40875064,2.08650528,0.49903098,0.45844526,0.39200959,0.48603579,0,low
2035-01-07T17:15:00Z,0.47034914,153.0,842.0026678,1754.88665081,6.0,69.0,645.0,1.0,0.0,-0.98078528,-0.19509032,-0.78183148,0.6234898,0.4839379,2.29304216,0.47660885,3.24164544,0.44685948,3.40027124,2.08650528,0.46518572,0.51734835,0.41269591,0.51744768,0,low
2035-01-07T17:30:00Z,0.50742445,154.0,818.07640954,1704.91081706,6.0,70.0,646.0,1.0,0.0,-0.99144486,-0.13052619,-0.78183148,0.6234898,0.48549757,3.12955134,0.48072331,3.13124925,0.44905308,3.5100472,1.44000193,0.47034914,0.50118577,0.45805094,0.51262207,0,low
2035-01-07T17:45:00Z,0.47860381,154.0,808.47049333,1647.61185756,6.0,71.0,647.0,1.0,0.0,-0.99785892,-0.06540313,-0.78183148,0.6234898,0.48039078,4.19618562,0.48190929,3.43124378,0.44897088,3.53019474,2.5066362,0.50742445,0.49903098,0.46437199,0.47457359,0,low
2035-01-07T18:00:00Z,0.48351277,155.0,837.16078396,1736.34673849,6.0,72.0,648.0,1.0,0.0,-1.0,-0.0,-0.78183148,0.6234898,0.48497254,3.03873368,0.48369642,3.46596728,0.45013179,3.3967511,1.15282578,0.47860381,0.46518572,0.4620673,0.43848324,0,low
2035-01-07T18:15:00Z,0.4575564,153.0,821.7510024,1646.20297259,6.0,73.0,649.0,1.0,0.0,-0.99785892,0.06540313,-0.78183148,0.6234898,0.48177436,3.87045173,0.48362962,3.76259419,0.45146127,3.36977765,2.19108072,0.48351277,0.47034914,0.45835794,0.4826018,0,low
2035-01-07T18:30:00Z,0.41806354,154.0,802.82751895,1640.75902135,6.0,74.0,650.0,1.0,0.0,-0.99144486,0.13052619,-0.78183148,0.6234898,0.45943413,3.96715337,0.47914249,4.10848294,0.45252181,3.41280924,3.77079489,0.4575564,0.50742445,0.47190914,0.42345533,0,low
2035-01-07T18:45:00Z,0.43164196,154.0,810.59823991,1732.95866283,6.0,75.0,651.0,1.0,0.0,-0.98078528,0.19509032,-0.78183148,0.6234898,0.44769367,3.35746424,0.47402901,4.00826815,0.45325586,3.36056939,2.61796911,0.41806354,0.47860381,0.49300366,0.41947352,0,low
2035-01-07T19:00:00Z,0.39181962,156.0,811.1465858,1642.50854615,6.0,76.0,652.0,1.0,0.0,-0.96592583,0.25881905,-0.78183148,0.6234898,0.42477038,4.75399942,0.46847688,4.078454,0.45278615,3.55316883,4.21086278,0.43164196,0.48351277,0.45844526,0.45764411,0,low
2035-01-07T19:15:00Z,0.41178786,153.0,816.38733216,1698.25633799,6.0,77.0,653.0,1.0,0.0,-0.94693013,0.32143947,-0.78183148,0.6234898,0.41332825,4.5144741,0.45968017,3.55932267,0.45256403,3.59278156,3.17260784,0.39181962,0.4575564,0.51734835,0.38004884,0,low
2035-01-07T19:30:00Z,0.42968638,154.0,811.68554996,1668.2904142,6.0,78.0,654.0,1.0,0.0,-0.92387953,0.38268343,-0.78183148,0.6234898,0.41623396,3.65070081,0.45372189,3.58246851,0.45441377,3.49992901,1.59289367,0.41178786,0.41806354,0.50118577,0.36834749,0,low
2035-01-07T19:45:00Z,0.37573613,155.0,771.23090137,1648.12461884,6.0,79.0,655.0,1.0,0.0,-0.89687274,0.44228869,-0.78183148,0.6234898,0.4022575,5.26557409,0.44344732,4.27307465,0.45457686,3.76979458,3.75090359,0.42968638,0.43164196,0.49903098,0.36125589,0,low
2035-01-07T20:00:00Z,0.35585762,154.0,827.02822291,1689.42814749,6.0,80.0,656.0,1.0,0.0,-0.8660254,0.5,-0.78183148,0.6234898,0.393267,4.46782086,0.43433664,4.08685132,0.45307053,3.76773438,2.95315037,0.37573613,0.39181962,0.46518572,0.36931964,0,low
2035-01-07T20:15:00Z,0.37324558,153.0,830.98014098,1727.81885492,6.0,81.0,657.0,1.0,0.0,-0.83146961,0.55557023,-0.78183148,0.6234898,0.38363143,4.36460956,0.42624468,4.24984513,0.45142676,3.74574528,2.95315037,0.35585762,0.41178786,0.47034914,0.35546261,0,low
2035-01-07T20:30:00Z,0.35960894,155.0,834.23056814,1676.52510706,6.0,82.0,658.0,1.0,0.0,-0.79335334,0.60876143,-0.78183148,0.6234898,0.36611207,4.19413416,0.41392672,3.93732945,0.44732501,3.53428935,3.49861585,0.37324558,0.42968638,0.50742445,0.34928721,0,low
2035-01-07T20:45:00Z,0.34988624,154.0,817.68236214,1670.67368642,6.0,83.0,659.0,1.0,0.0,-0.75183981,0.65934582,-0.78183148,0.6234898,0.3596496,2.42503229,0.40320025,3.68269021,0.44255477,3.55696699,1.72951397,0.35960894,0.37573613,0.47860381,0.38437171,0,low
2035-01-07T21:00:00Z,0.32588241,155.0,795.82000494,1660.80296636,6.0,84.0,660.0,1.0,0.0,-0.70710678,0.70710678,-0.78183148,0.6234898,0.35215579,2.59004529,0.39006439,3.93728853,0.4368804,3.70162791,1.89452697,0.34988624,0.35585762,0.48351277,0.33187594,0,low
2035-01-07T21:15:00Z,0.37821593,154.0,782.43779355,1630.21071727,6.0,85.0,661.0,1.0,0.0,-0.65934582,0.75183981,-0.78183148,0.6234898,0.35339838,3.98786813,0.38345269,4.28898393,0.43354115,4.02578906,1.89452697,0.32588241,0.37324558,0.4575564,0.34064853,0,low
2035-01-07T21:30:00Z,0.33757368,155.0,787.23731593,1701.02145683,6.0,86.0,662.0,1.0,0.0,-0.60876143,0.79335334,-0.78183148,0.6234898,0.34788957,5.06809286,0.3767452,4.30430928,0.42794384,4.20639611,2.9747517,0.37821593,0.35960894,0.41806354,0.37820778,0,low
2035-01-07T21:45:00Z,0.36157943,155.0,807.67554313,1661.25024233,6.0,87.0,663.0,1.0,0.0,-0.55557023,0.83146961,-0.78183148,0.6234898,0.35081286,5.63941477,0.37090665,4.44334038,0.42246783,4.22580426,2.58584365,0.33757368,0.34988624,0.43164196,0.31532354,0,low
2035-01-07T22:00:00Z,0.37056075,156.0,835.29834261,1740.75196636,6.0,88.0,664.0,1.0,0.0,-0.5,0.8660254,-0.78183148,0.6234898,0.36198245,5.03851415,0.36913508,4.03212677,0.41880598,4.05529039,1.62569021,0.36157943,0.32588241,0.39181962,0.34992204,0,low
2035-01-07T22:15:00Z,0.36449243,154.0,807.0877598,1687.7319342,6.0,89.0,665.0,1.0,0.0,-0.44228869,0.89687274,-0.78183148,0.6234898,0.35855157,3.18790566,0.36519379,3.84679445,0.41243698,3.70305856,1.86842287,0.37056075,0.37821593,0.41178786,0.36613023,0,low
2035-01-07T22:30:00Z,0.35896946,156.0,841.44847486,1704.07505185,6.0,90.0,666.0,1.0,0.0,-0.38268343,0.92387953,-0.78183148,0.6234898,0.36390052,1.78313442,0.35930072,3.68178715,0.4065113,3.63212783,0.46365163,0.36449243,0.33757368,0.42968638,0.33840257,0,low
2035-01-07T22:45:00Z,0.38260311,155.0,808.82592582,1707.39218692,6.0,91.0,667.0,1.0,0.0,-0.32143947,0.94693013,-0.78183148,0.6234898,0.36915644,1.76825046,0.35987297,3.27756584,0.40166014,3.77532024,0.46365163,0.35896946,0.36157943,0.37573613,0.34783555,0,low
2035-01-07T23:00:00Z,0.32643771,154.0,792.4395226,1648.95607027,6.0,92.0,668.0,1.0,0.0,-0.25881905,0.96592583,-0.78183148,0.6234898,0.35812568,3.65561373,0.35742131,3.76139106,0.39587897,3.92412119,2.71026773,0.38260311,0.37056075,0.35585762,0.3538445,0,low
2035-01-07T23:15:00Z,0.33448963,154.0,827.93506762,1693.52432252,6.0,93.0,669.0,1.0,0.0,-0.19509032,0.98078528,-0.78183148,0.6234898,0.35062498,3.73495813,0.35419164,3.63691064,0.39021816,3.94337789,2.46753507,0.32643771,0.36449243,0.37324558,0.32729458,0,low
2035-01-07T23:30:00Z,0.38881536,156.0,777.37698356,1609.45407702,6.0,94.0,670.0,1.0,0.0,-0.13052619,0.99144486,-0.78183148,0.6234898,0.35808645,5.68706835,0.35662551,4.17943188,0.38527612,4.05838066,2.2466161,0.33448963,0.35896946,0.35960894,0.34130637,0,low
2035-01-07T23:45:00Z,0.33927374,153.0,790.10991944,1661.86008044,6.0,95.0,671.0,1.0,0.0,-0.06540313,0.99785892,-0.78183148,0.6234898,0.34725411,6.72338723,0.35574114,4.71035082,0.3794707,4.19652051,4.22828097,0.38881536,0.38260311,0.34988624,0.36080072,0,low
